# WaveFront *.obj file (generated by Autodesk ATF)

mtllib BODY+LID SPOTIFY.mtl

g Corpo1

v 27.100000 8.758505 0.300000
v 27.113630 8.654978 0.300000
v 27.153590 8.558505 0.300000
v 27.217157 8.475662 0.300000
v 27.300000 8.412095 0.300000
v 27.396472 8.372135 0.300000
v 27.500000 8.358505 0.300000
v 27.603528 8.372135 0.300000
v 27.700000 8.412095 0.300000
v 27.782843 8.475662 0.300000
v 27.846410 8.558505 0.300000
v 27.886370 8.654978 0.300000
v 27.900000 8.758505 0.300000
v 27.886370 8.862033 0.300000
v 27.846410 8.958505 0.300000
v 27.782843 9.041348 0.300000
v 27.700000 9.104915 0.300000
v 27.603528 9.144876 0.300000
v 27.500000 9.158505 0.300000
v 27.396472 9.144876 0.300000
v 27.300000 9.104915 0.300000
v 27.217157 9.041348 0.300000
v 27.153590 8.958505 0.300000
v 27.113630 8.862033 0.300000
v 27.100000 8.758505 0.000000
v 27.113630 8.862033 0.000000
v 27.153590 8.958505 0.000000
v 27.217157 9.041348 0.000000
v 27.300000 9.104915 0.000000
v 27.396472 9.144876 0.000000
v 27.500000 9.158505 0.000000
v 27.603528 9.144876 0.000000
v 27.700000 9.104915 0.000000
v 27.782843 9.041348 0.000000
v 27.846410 8.958505 0.000000
v 27.886370 8.862033 0.000000
v 27.900000 8.758505 0.000000
v 27.886370 8.654978 0.000000
v 27.846410 8.558505 0.000000
v 27.782843 8.475662 0.000000
v 27.700000 8.412095 0.000000
v 27.603528 8.372135 0.000000
v 27.500000 8.358505 0.000000
v 27.396472 8.372135 0.000000
v 27.300000 8.412095 0.000000
v 27.217157 8.475662 0.000000
v 27.153590 8.558505 0.000000
v 27.113630 8.654978 0.000000
v 21.174319 1.265064 0.300000
v 21.184541 1.187418 0.300000
v 21.214511 1.115064 0.300000
v 21.262187 1.052932 0.300000
v 21.324319 1.005257 0.300000
v 21.396673 0.975286 0.300000
v 21.474319 0.965064 0.300000
v 21.551965 0.975286 0.300000
v 21.624319 1.005257 0.300000
v 21.686451 1.052932 0.300000
v 21.734127 1.115064 0.300000
v 21.764097 1.187418 0.300000
v 21.774319 1.265064 0.300000
v 21.764097 1.342710 0.300000
v 21.734127 1.415064 0.300000
v 21.686451 1.477196 0.300000
v 21.624319 1.524872 0.300000
v 21.551965 1.554842 0.300000
v 21.474319 1.565064 0.300000
v 21.396673 1.554842 0.300000
v 21.324319 1.524872 0.300000
v 21.262187 1.477196 0.300000
v 21.214511 1.415064 0.300000
v 21.184541 1.342710 0.300000
v 21.174319 1.265064 0.000000
v 21.184541 1.342710 0.000000
v 21.214511 1.415064 0.000000
v 21.262187 1.477196 0.000000
v 21.324319 1.524872 0.000000
v 21.396673 1.554842 0.000000
v 21.474319 1.565064 0.000000
v 21.551965 1.554842 0.000000
v 21.624319 1.524872 0.000000
v 21.686451 1.477196 0.000000
v 21.734127 1.415064 0.000000
v 21.764097 1.342710 0.000000
v 21.774319 1.265064 0.000000
v 21.764097 1.187418 0.000000
v 21.734127 1.115064 0.000000
v 21.686451 1.052932 0.000000
v 21.624319 1.005257 0.000000
v 21.551965 0.975286 0.000000
v 21.474319 0.965064 0.000000
v 21.396673 0.975286 0.000000
v 21.324319 1.005257 0.000000
v 21.262187 1.052932 0.000000
v 21.214511 1.115064 0.000000
v 21.184541 1.187418 0.000000
v 32.239676 12.167774 0.000000
v 25.119838 12.167774 0.000000
v 18.000000 12.167774 0.000000
v 18.000000 12.167774 0.300000
v 25.119838 12.167774 0.300000
v 32.239676 12.167774 0.300000
v 32.239676 0.900000 0.000000
v 32.239676 0.900000 0.300000
v 18.000000 0.900000 0.000000
v 25.119838 0.900000 0.000000
v 25.119838 0.900000 0.300000
v 18.000000 0.900000 0.300000
v 25.119838 5.675076 0.300000
v 25.119838 5.675076 0.000000
vt 0.300000 -1.151917 0.000000
vt 0.000000 -1.151917 0.000000
vt 0.300000 -1.256637 0.000000
vt 0.000000 -1.256637 0.000000
vt 0.300000 1.256637 0.000000
vt 0.000000 1.256637 0.000000
vt 0.300000 1.151917 0.000000
vt 0.000000 1.151917 0.000000
vt 0.300000 1.047198 0.000000
vt 0.000000 1.047198 0.000000
vt 0.300000 0.942478 0.000000
vt 0.000000 0.942478 0.000000
vt 0.300000 0.837758 0.000000
vt 0.000000 0.837758 0.000000
vt 0.300000 0.733038 0.000000
vt 0.000000 0.733038 0.000000
vt 0.300000 0.628319 0.000000
vt 0.000000 0.628319 0.000000
vt 0.300000 0.523599 0.000000
vt 0.000000 0.523599 0.000000
vt 0.300000 0.418879 0.000000
vt 0.000000 0.418879 0.000000
vt 0.300000 0.314159 0.000000
vt 0.000000 0.314159 0.000000
vt 0.300000 0.209440 0.000000
vt 0.000000 0.209440 0.000000
vt 0.300000 0.104720 0.000000
vt 0.000000 0.104720 0.000000
vt 0.300000 0.000000 0.000000
vt 0.000000 0.000000 0.000000
vt 0.300000 -0.104720 0.000000
vt 0.000000 -0.104720 0.000000
vt 0.300000 -0.209440 0.000000
vt 0.000000 -0.209440 0.000000
vt 0.300000 -0.314159 0.000000
vt 0.000000 -0.314159 0.000000
vt 0.300000 -0.418879 0.000000
vt 0.000000 -0.418879 0.000000
vt 0.300000 -0.523599 0.000000
vt 0.000000 -0.523599 0.000000
vt 0.300000 -0.628319 0.000000
vt 0.000000 -0.628319 0.000000
vt 0.300000 -0.733038 0.000000
vt 0.000000 -0.733038 0.000000
vt 0.300000 -0.837758 0.000000
vt 0.000000 -0.837758 0.000000
vt 0.300000 -0.942478 0.000000
vt 0.000000 -0.942478 0.000000
vt 0.300000 -1.047198 0.000000
vt 0.000000 -1.047198 0.000000
vt 0.300000 -0.863938 0.000000
vt -0.000000 -0.863938 0.000000
vt 0.300000 -0.942478 0.000000
vt -0.000000 -0.942478 0.000000
vt 0.300000 0.942478 0.000000
vt -0.000000 0.942478 0.000000
vt 0.300000 0.863938 0.000000
vt -0.000000 0.863938 0.000000
vt 0.300000 0.785398 0.000000
vt 0.000000 0.785398 0.000000
vt 0.300000 0.706858 0.000000
vt 0.000000 0.706858 0.000000
vt 0.300000 0.628319 0.000000
vt 0.000000 0.628319 0.000000
vt 0.300000 0.549779 0.000000
vt -0.000000 0.549779 0.000000
vt 0.300000 0.471239 0.000000
vt 0.000000 0.471239 0.000000
vt 0.300000 0.392699 0.000000
vt -0.000000 0.392699 0.000000
vt 0.300000 0.314159 0.000000
vt 0.000000 0.314159 0.000000
vt 0.300000 0.235619 0.000000
vt 0.000000 0.235619 0.000000
vt 0.300000 0.157080 0.000000
vt 0.000000 0.157080 0.000000
vt 0.300000 0.078540 0.000000
vt -0.000000 0.078540 0.000000
vt 0.300000 0.000000 0.000000
vt -0.000000 0.000000 0.000000
vt 0.300000 -0.078540 0.000000
vt -0.000000 -0.078540 0.000000
vt 0.300000 -0.157080 0.000000
vt 0.000000 -0.157080 0.000000
vt 0.300000 -0.235619 0.000000
vt 0.000000 -0.235619 0.000000
vt 0.300000 -0.314159 0.000000
vt 0.000000 -0.314159 0.000000
vt 0.300000 -0.392699 0.000000
vt -0.000000 -0.392699 0.000000
vt 0.300000 -0.471239 0.000000
vt 0.000000 -0.471239 0.000000
vt 0.300000 -0.549779 0.000000
vt -0.000000 -0.549779 0.000000
vt 0.300000 -0.628319 0.000000
vt 0.000000 -0.628319 0.000000
vt 0.300000 -0.706858 0.000000
vt 0.000000 -0.706858 0.000000
vt 0.300000 -0.785398 0.000000
vt 0.000000 -0.785398 0.000000
vt -0.000000 0.000000 0.000000
vt 7.119838 0.000000 0.000000
vt -0.000000 0.300000 0.000000
vt 7.119838 0.300000 0.000000
vt 14.239676 0.000000 0.000000
vt 14.239676 0.300000 0.000000
vt 0.000000 0.000000 0.000000
vt 11.267774 0.000000 0.000000
vt 0.000000 0.300000 0.000000
vt 11.267774 0.300000 0.000000
vt 0.000000 0.000000 0.000000
vt 7.119838 0.000000 0.000000
vt 0.000000 0.300000 0.000000
vt 7.119838 0.300000 0.000000
vt 14.239676 0.000000 0.000000
vt 14.239676 0.300000 0.000000
vt 0.000000 0.000000 0.000000
vt 11.267774 0.000000 0.000000
vt 0.000000 0.300000 0.000000
vt 11.267774 0.300000 0.000000
vt 1.993792 2.328146 0.000000
vt 0.000000 5.633887 0.000000
vt 1.980162 2.224618 0.000000
vt 0.000000 -0.858811 0.000000
vt 1.993792 2.121091 0.000000
vt 2.033752 2.024618 0.000000
vt 2.097319 1.941775 0.000000
vt 2.180162 1.878208 0.000000
vt 2.276634 1.838248 0.000000
vt 2.380162 1.824618 0.000000
vt 2.483690 1.838248 0.000000
vt 7.119838 -5.633887 0.000000
vt 2.580162 1.878208 0.000000
vt 2.663005 1.941775 0.000000
vt 2.726572 2.024618 0.000000
vt 2.766532 2.121091 0.000000
vt 7.119838 5.633887 0.000000
vt 2.780162 2.224618 0.000000
vt 2.766532 2.328146 0.000000
vt 2.726572 2.424618 0.000000
vt 2.663005 2.507461 0.000000
vt 2.580162 2.571028 0.000000
vt 2.483690 2.610988 0.000000
vt 2.380162 2.624618 0.000000
vt 2.276634 2.610988 0.000000
vt 2.180162 2.571028 0.000000
vt 2.097319 2.507461 0.000000
vt 2.033752 2.424618 0.000000
vt -3.935297 -5.346469 0.000000
vt -3.945519 -5.268823 0.000000
vt -7.119838 -5.633887 0.000000
vt -3.935297 -5.191177 0.000000
vt -3.905327 -5.118823 0.000000
vt -3.857651 -5.056691 0.000000
vt -7.119838 5.633887 0.000000
vt -3.795519 -5.009015 0.000000
vt -3.723165 -4.979045 0.000000
vt -3.645519 -4.968823 0.000000
vt -3.567873 -4.979045 0.000000
vt -3.495519 -5.009015 0.000000
vt -3.433387 -5.056691 0.000000
vt -3.385711 -5.118823 0.000000
vt 0.000000 -5.633887 0.000000
vt -3.355741 -5.191177 0.000000
vt -3.345519 -5.268823 0.000000
vt -3.355741 -5.346469 0.000000
vt -3.385711 -5.418823 0.000000
vt -3.433387 -5.480955 0.000000
vt -3.495519 -5.528630 0.000000
vt -3.567873 -5.558601 0.000000
vt -3.645519 -5.568823 0.000000
vt -3.723165 -5.558601 0.000000
vt -3.795519 -5.528630 0.000000
vt -3.857651 -5.480955 0.000000
vt -3.905327 -5.418823 0.000000
vt -1.993792 2.121091 0.000000
vt 0.000000 -0.858811 0.000000
vt -1.980162 2.224618 0.000000
vt -0.000000 5.633887 0.000000
vt -1.993792 2.328146 0.000000
vt -2.033752 2.424618 0.000000
vt -2.097319 2.507461 0.000000
vt -2.180162 2.571028 0.000000
vt -2.276634 2.610988 0.000000
vt -2.380162 2.624618 0.000000
vt -2.483690 2.610988 0.000000
vt -7.119838 5.633887 0.000000
vt -2.580162 2.571028 0.000000
vt -2.663005 2.507461 0.000000
vt -2.726572 2.424618 0.000000
vt -2.766532 2.328146 0.000000
vt -2.780162 2.224618 0.000000
vt -2.766532 2.121091 0.000000
vt -7.119838 -5.633887 0.000000
vt -2.726572 2.024618 0.000000
vt -2.663005 1.941775 0.000000
vt -2.580162 1.878208 0.000000
vt -2.483690 1.838248 0.000000
vt -2.380162 1.824618 0.000000
vt -2.276634 1.838248 0.000000
vt -2.180162 1.878208 0.000000
vt -2.097319 1.941775 0.000000
vt -2.033752 2.024618 0.000000
vt 3.935297 -5.191177 0.000000
vt 3.945519 -5.268823 0.000000
vt 7.119838 -5.633887 0.000000
vt 3.935297 -5.346469 0.000000
vt 3.905327 -5.418823 0.000000
vt 3.857651 -5.480955 0.000000
vt 3.795519 -5.528630 0.000000
vt 3.723165 -5.558601 0.000000
vt 3.645519 -5.568823 0.000000
vt -0.000000 -5.633887 0.000000
vt 3.567873 -5.558601 0.000000
vt 3.495519 -5.528630 0.000000
vt 3.433387 -5.480955 0.000000
vt 3.385711 -5.418823 0.000000
vt 3.355741 -5.346469 0.000000
vt 3.345519 -5.268823 0.000000
vt 3.355741 -5.191177 0.000000
vt 3.385711 -5.118823 0.000000
vt 3.433387 -5.056691 0.000000
vt 3.495519 -5.009015 0.000000
vt 3.567873 -4.979045 0.000000
vt 3.645519 -4.968823 0.000000
vt 7.119838 5.633887 0.000000
vt 3.723165 -4.979045 0.000000
vt 3.795519 -5.009015 0.000000
vt 3.857651 -5.056691 0.000000
vt 3.905327 -5.118823 0.000000
vn 0.965926 0.258819 -0.000000
vn 0.965926 0.258819 -0.000000
vn 1.000000 0.000000 -0.000000
vn 1.000000 0.000000 -0.000000
vn 0.965926 -0.258819 0.000000
vn 0.965926 -0.258819 0.000000
vn 0.866025 -0.500000 0.000000
vn 0.866025 -0.500000 0.000000
vn 0.707107 -0.707107 0.000000
vn 0.707107 -0.707107 0.000000
vn 0.500000 -0.866025 0.000000
vn 0.500000 -0.866025 0.000000
vn 0.258819 -0.965926 0.000000
vn 0.258819 -0.965926 0.000000
vn -0.000000 -1.000000 0.000000
vn -0.000000 -1.000000 0.000000
vn -0.258819 -0.965926 0.000000
vn -0.258819 -0.965926 0.000000
vn -0.500000 -0.866025 0.000000
vn -0.500000 -0.866025 0.000000
vn -0.707107 -0.707107 0.000000
vn -0.707107 -0.707107 0.000000
vn -0.866025 -0.500000 0.000000
vn -0.866025 -0.500000 0.000000
vn -0.965926 -0.258819 0.000000
vn -0.965926 -0.258819 0.000000
vn -1.000000 0.000000 0.000000
vn -1.000000 0.000000 0.000000
vn -0.965926 0.258819 0.000000
vn -0.965926 0.258819 0.000000
vn -0.866025 0.500000 0.000000
vn -0.866025 0.500000 0.000000
vn -0.707107 0.707107 0.000000
vn -0.707107 0.707107 0.000000
vn -0.500000 0.866025 0.000000
vn -0.500000 0.866025 0.000000
vn -0.258819 0.965926 0.000000
vn -0.258819 0.965926 0.000000
vn -0.000000 1.000000 0.000000
vn -0.000000 1.000000 0.000000
vn 0.258819 0.965926 -0.000000
vn 0.258819 0.965926 -0.000000
vn 0.500000 0.866025 -0.000000
vn 0.500000 0.866025 -0.000000
vn 0.707107 0.707107 -0.000000
vn 0.707107 0.707107 -0.000000
vn 0.866025 0.500000 -0.000000
vn 0.866025 0.500000 -0.000000
vn 0.965926 0.258819 -0.000000
vn 0.965926 0.258819 -0.000000
vn 1.000000 0.000000 -0.000000
vn 1.000000 0.000000 -0.000000
vn 0.965926 -0.258819 0.000000
vn 0.965926 -0.258819 0.000000
vn 0.866025 -0.500000 0.000000
vn 0.866025 -0.500000 0.000000
vn 0.707107 -0.707107 0.000000
vn 0.707107 -0.707107 0.000000
vn 0.500000 -0.866025 0.000000
vn 0.500000 -0.866025 0.000000
vn 0.258819 -0.965926 0.000000
vn 0.258819 -0.965926 0.000000
vn -0.000000 -1.000000 0.000000
vn -0.000000 -1.000000 0.000000
vn -0.258819 -0.965926 0.000000
vn -0.258819 -0.965926 0.000000
vn -0.500000 -0.866025 0.000000
vn -0.500000 -0.866025 0.000000
vn -0.707107 -0.707107 0.000000
vn -0.707107 -0.707107 0.000000
vn -0.866025 -0.500000 0.000000
vn -0.866025 -0.500000 0.000000
vn -0.965926 -0.258819 0.000000
vn -0.965926 -0.258819 0.000000
vn -1.000000 0.000000 0.000000
vn -1.000000 0.000000 0.000000
vn -0.965926 0.258819 0.000000
vn -0.965926 0.258819 0.000000
vn -0.866025 0.500000 0.000000
vn -0.866025 0.500000 0.000000
vn -0.707107 0.707107 0.000000
vn -0.707107 0.707107 0.000000
vn -0.500000 0.866025 0.000000
vn -0.500000 0.866025 0.000000
vn -0.258819 0.965926 0.000000
vn -0.258819 0.965926 0.000000
vn -0.000000 1.000000 0.000000
vn -0.000000 1.000000 0.000000
vn 0.258819 0.965926 -0.000000
vn 0.258819 0.965926 -0.000000
vn 0.500000 0.866025 -0.000000
vn 0.500000 0.866025 -0.000000
vn 0.707107 0.707107 -0.000000
vn 0.707107 0.707107 -0.000000
vn 0.866025 0.500000 -0.000000
vn 0.866025 0.500000 -0.000000
vn 0.000000 1.000000 0.000000
vn 0.000000 1.000000 0.000000
vn 0.000000 1.000000 0.000000
vn 0.000000 1.000000 0.000000
vn 0.000000 1.000000 0.000000
vn 0.000000 1.000000 0.000000
vn 1.000000 0.000000 0.000000
vn 1.000000 0.000000 0.000000
vn 1.000000 0.000000 0.000000
vn 1.000000 0.000000 0.000000
vn 0.000000 -1.000000 0.000000
vn 0.000000 -1.000000 0.000000
vn 0.000000 -1.000000 0.000000
vn 0.000000 -1.000000 0.000000
vn 0.000000 -1.000000 0.000000
vn 0.000000 -1.000000 0.000000
vn -1.000000 0.000000 0.000000
vn -1.000000 0.000000 0.000000
vn -1.000000 0.000000 0.000000
vn -1.000000 0.000000 0.000000
vn 0.000000 0.000000 1.000000
vn 0.000000 0.000000 1.000000
vn 0.000000 0.000000 1.000000
vn 0.000000 0.000000 1.000000
vn 0.000000 0.000000 1.000000
vn 0.000000 0.000000 1.000000
vn 0.000000 0.000000 1.000000
vn 0.000000 0.000000 1.000000
vn 0.000000 0.000000 1.000000
vn 0.000000 0.000000 1.000000
vn 0.000000 0.000000 1.000000
vn 0.000000 0.000000 1.000000
vn 0.000000 0.000000 1.000000
vn 0.000000 0.000000 1.000000
vn 0.000000 0.000000 1.000000
vn 0.000000 0.000000 1.000000
vn 0.000000 0.000000 1.000000
vn 0.000000 0.000000 1.000000
vn 0.000000 0.000000 1.000000
vn 0.000000 0.000000 1.000000
vn 0.000000 0.000000 1.000000
vn 0.000000 0.000000 1.000000
vn 0.000000 0.000000 1.000000
vn 0.000000 0.000000 1.000000
vn 0.000000 0.000000 1.000000
vn 0.000000 0.000000 1.000000
vn 0.000000 0.000000 1.000000
vn 0.000000 0.000000 1.000000
vn 0.000000 0.000000 1.000000
vn 0.000000 0.000000 1.000000
vn 0.000000 0.000000 1.000000
vn 0.000000 0.000000 1.000000
vn 0.000000 0.000000 1.000000
vn 0.000000 0.000000 1.000000
vn 0.000000 0.000000 1.000000
vn 0.000000 0.000000 1.000000
vn 0.000000 0.000000 1.000000
vn 0.000000 0.000000 1.000000
vn 0.000000 0.000000 1.000000
vn 0.000000 0.000000 1.000000
vn 0.000000 0.000000 1.000000
vn 0.000000 0.000000 1.000000
vn 0.000000 0.000000 1.000000
vn 0.000000 0.000000 1.000000
vn 0.000000 0.000000 1.000000
vn 0.000000 0.000000 1.000000
vn 0.000000 0.000000 1.000000
vn 0.000000 0.000000 1.000000
vn 0.000000 0.000000 1.000000
vn 0.000000 0.000000 1.000000
vn 0.000000 0.000000 1.000000
vn 0.000000 0.000000 1.000000
vn 0.000000 0.000000 1.000000
vn 0.000000 0.000000 1.000000
vn 0.000000 0.000000 1.000000
vn -0.000000 -0.000000 -1.000000
vn -0.000000 -0.000000 -1.000000
vn -0.000000 -0.000000 -1.000000
vn -0.000000 -0.000000 -1.000000
vn -0.000000 -0.000000 -1.000000
vn -0.000000 -0.000000 -1.000000
vn -0.000000 -0.000000 -1.000000
vn -0.000000 -0.000000 -1.000000
vn -0.000000 -0.000000 -1.000000
vn -0.000000 -0.000000 -1.000000
vn -0.000000 -0.000000 -1.000000
vn -0.000000 -0.000000 -1.000000
vn -0.000000 -0.000000 -1.000000
vn -0.000000 -0.000000 -1.000000
vn -0.000000 -0.000000 -1.000000
vn -0.000000 -0.000000 -1.000000
vn -0.000000 -0.000000 -1.000000
vn -0.000000 -0.000000 -1.000000
vn -0.000000 -0.000000 -1.000000
vn -0.000000 -0.000000 -1.000000
vn -0.000000 -0.000000 -1.000000
vn -0.000000 -0.000000 -1.000000
vn -0.000000 -0.000000 -1.000000
vn -0.000000 -0.000000 -1.000000
vn -0.000000 -0.000000 -1.000000
vn -0.000000 -0.000000 -1.000000
vn -0.000000 -0.000000 -1.000000
vn -0.000000 -0.000000 -1.000000
vn -0.000000 -0.000000 -1.000000
vn -0.000000 -0.000000 -1.000000
vn -0.000000 -0.000000 -1.000000
vn -0.000000 -0.000000 -1.000000
vn -0.000000 -0.000000 -1.000000
vn -0.000000 -0.000000 -1.000000
vn -0.000000 -0.000000 -1.000000
vn -0.000000 -0.000000 -1.000000
vn -0.000000 -0.000000 -1.000000
vn -0.000000 -0.000000 -1.000000
vn -0.000000 -0.000000 -1.000000
vn -0.000000 -0.000000 -1.000000
vn -0.000000 -0.000000 -1.000000
vn -0.000000 -0.000000 -1.000000
vn -0.000000 -0.000000 -1.000000
vn -0.000000 -0.000000 -1.000000
vn -0.000000 -0.000000 -1.000000
vn -0.000000 -0.000000 -1.000000
vn -0.000000 -0.000000 -1.000000
vn -0.000000 -0.000000 -1.000000
vn -0.000000 -0.000000 -1.000000
vn -0.000000 -0.000000 -1.000000
vn -0.000000 -0.000000 -1.000000
vn -0.000000 -0.000000 -1.000000
vn -0.000000 -0.000000 -1.000000
vn -0.000000 -0.000000 -1.000000
vn -0.000000 -0.000000 -1.000000
usemtl Aço_-_Acetinado
f 2/1/1 48/2/2 1/3/3
f 1/3/3 48/2/2 25/4/4
f 1/5/3 25/6/4 24/7/5
f 24/7/5 25/6/4 26/8/6
f 24/7/5 26/8/6 23/9/7
f 23/9/7 26/8/6 27/10/8
f 23/9/7 27/10/8 22/11/9
f 22/11/9 27/10/8 28/12/10
f 22/11/9 28/12/10 21/13/11
f 21/13/11 28/12/10 29/14/12
f 21/13/11 29/14/12 20/15/13
f 20/15/13 29/14/12 30/16/14
f 20/15/13 30/16/14 19/17/15
f 19/17/15 30/16/14 31/18/16
f 19/17/15 31/18/16 18/19/17
f 18/19/17 31/18/16 32/20/18
f 18/19/17 32/20/18 17/21/19
f 17/21/19 32/20/18 33/22/20
f 17/21/19 33/22/20 16/23/21
f 16/23/21 33/22/20 34/24/22
f 16/23/21 34/24/22 15/25/23
f 15/25/23 34/24/22 35/26/24
f 15/25/23 35/26/24 14/27/25
f 14/27/25 35/26/24 36/28/26
f 14/27/25 36/28/26 13/29/27
f 13/29/27 36/28/26 37/30/28
f 13/29/27 37/30/28 12/31/29
f 12/31/29 37/30/28 38/32/30
f 12/31/29 38/32/30 11/33/31
f 11/33/31 38/32/30 39/34/32
f 11/33/31 39/34/32 10/35/33
f 10/35/33 39/34/32 40/36/34
f 10/35/33 40/36/34 9/37/35
f 9/37/35 40/36/34 41/38/36
f 9/37/35 41/38/36 8/39/37
f 8/39/37 41/38/36 42/40/38
f 8/39/37 42/40/38 7/41/39
f 7/41/39 42/40/38 43/42/40
f 7/41/39 43/42/40 6/43/41
f 6/43/41 43/42/40 44/44/42
f 6/43/41 44/44/42 5/45/43
f 5/45/43 44/44/42 45/46/44
f 5/45/43 45/46/44 4/47/45
f 4/47/45 45/46/44 46/48/46
f 4/47/45 46/48/46 3/49/47
f 3/49/47 46/48/46 47/50/48
f 3/49/47 47/50/48 2/1/1
f 2/1/1 47/50/48 48/2/2
f 50/51/49 96/52/50 49/53/51
f 49/53/51 96/52/50 73/54/52
f 49/55/51 73/56/52 72/57/53
f 72/57/53 73/56/52 74/58/54
f 72/57/53 74/58/54 71/59/55
f 71/59/55 74/58/54 75/60/56
f 71/59/55 75/60/56 70/61/57
f 70/61/57 75/60/56 76/62/58
f 70/61/57 76/62/58 69/63/59
f 69/63/59 76/62/58 77/64/60
f 69/63/59 77/64/60 68/65/61
f 68/65/61 77/64/60 78/66/62
f 68/65/61 78/66/62 67/67/63
f 67/67/63 78/66/62 79/68/64
f 67/67/63 79/68/64 66/69/65
f 66/69/65 79/68/64 80/70/66
f 66/69/65 80/70/66 65/71/67
f 65/71/67 80/70/66 81/72/68
f 65/71/67 81/72/68 64/73/69
f 64/73/69 81/72/68 82/74/70
f 64/73/69 82/74/70 63/75/71
f 63/75/71 82/74/70 83/76/72
f 63/75/71 83/76/72 62/77/73
f 62/77/73 83/76/72 84/78/74
f 62/77/73 84/78/74 61/79/75
f 61/79/75 84/78/74 85/80/76
f 61/79/75 85/80/76 60/81/77
f 60/81/77 85/80/76 86/82/78
f 60/81/77 86/82/78 59/83/79
f 59/83/79 86/82/78 87/84/80
f 59/83/79 87/84/80 58/85/81
f 58/85/81 87/84/80 88/86/82
f 58/85/81 88/86/82 57/87/83
f 57/87/83 88/86/82 89/88/84
f 57/87/83 89/88/84 56/89/85
f 56/89/85 89/88/84 90/90/86
f 56/89/85 90/90/86 55/91/87
f 55/91/87 90/90/86 91/92/88
f 55/91/87 91/92/88 54/93/89
f 54/93/89 91/92/88 92/94/90
f 54/93/89 92/94/90 53/95/91
f 53/95/91 92/94/90 93/96/92
f 53/95/91 93/96/92 52/97/93
f 52/97/93 93/96/92 94/98/94
f 52/97/93 94/98/94 51/99/95
f 51/99/95 94/98/94 95/100/96
f 51/99/95 95/100/96 50/51/49
f 50/51/49 95/100/96 96/52/50
f 97/101/97 98/102/98 102/103/99
f 102/103/99 98/102/98 101/104/100
f 101/104/100 98/102/98 99/105/101
f 101/104/100 99/105/101 100/106/102
f 103/107/103 97/108/104 104/109/105
f 104/109/105 97/108/104 102/110/106
f 105/111/107 106/112/108 108/113/109
f 108/113/109 106/112/108 107/114/110
f 107/114/110 106/112/108 103/115/111
f 107/114/110 103/115/111 104/116/112
f 99/117/113 105/118/114 100/119/115
f 100/119/115 105/118/114 108/120/116
f 24/121/117 101/122/118 1/123/119
f 1/123/119 101/122/118 109/124/120
f 1/123/119 109/124/120 2/125/121
f 2/125/121 109/124/120 3/126/122
f 3/126/122 109/124/120 4/127/123
f 4/127/123 109/124/120 5/128/124
f 5/128/124 109/124/120 6/129/125
f 6/129/125 109/124/120 7/130/126
f 7/130/126 109/124/120 8/131/127
f 8/131/127 109/124/120 104/132/128
f 8/131/127 104/132/128 9/133/129
f 9/133/129 104/132/128 10/134/130
f 10/134/130 104/132/128 11/135/131
f 11/135/131 104/132/128 12/136/132
f 12/136/132 104/132/128 102/137/133
f 12/136/132 102/137/133 13/138/134
f 13/138/134 102/137/133 14/139/135
f 14/139/135 102/137/133 15/140/136
f 15/140/136 102/137/133 16/141/137
f 16/141/137 102/137/133 17/142/138
f 17/142/138 102/137/133 18/143/139
f 18/143/139 102/137/133 101/122/118
f 18/143/139 101/122/118 19/144/140
f 19/144/140 101/122/118 20/145/141
f 20/145/141 101/122/118 21/146/142
f 21/146/142 101/122/118 22/147/143
f 22/147/143 101/122/118 23/148/144
f 23/148/144 101/122/118 24/121/117
f 50/149/145 49/150/146 108/151/147
f 108/151/147 49/150/146 72/152/148
f 108/151/147 72/152/148 71/153/149
f 71/153/149 70/154/150 108/151/147
f 108/151/147 70/154/150 100/155/151
f 100/155/151 70/154/150 69/156/152
f 100/155/151 69/156/152 68/157/153
f 68/157/153 67/158/154 100/155/151
f 100/155/151 67/158/154 109/124/120
f 100/155/151 109/124/120 101/122/118
f 67/158/154 66/159/155 109/124/120
f 109/124/120 66/159/155 65/160/156
f 109/124/120 65/160/156 64/161/157
f 64/161/157 63/162/158 109/124/120
f 109/124/120 63/162/158 107/163/159
f 109/124/120 107/163/159 104/132/128
f 63/162/158 62/164/160 107/163/159
f 107/163/159 62/164/160 61/165/161
f 107/163/159 61/165/161 60/166/162
f 60/166/162 59/167/163 107/163/159
f 107/163/159 59/167/163 58/168/164
f 107/163/159 58/168/164 57/169/165
f 57/169/165 56/170/166 107/163/159
f 107/163/159 56/170/166 55/171/167
f 107/163/159 55/171/167 108/151/147
f 108/151/147 55/171/167 54/172/168
f 108/151/147 54/172/168 53/173/169
f 53/173/169 52/174/170 108/151/147
f 108/151/147 52/174/170 51/175/171
f 108/151/147 51/175/171 50/149/145
f 48/176/172 110/177/173 25/178/174
f 25/178/174 110/177/173 98/179/175
f 25/178/174 98/179/175 26/180/176
f 26/180/176 98/179/175 27/181/177
f 27/181/177 98/179/175 28/182/178
f 28/182/178 98/179/175 29/183/179
f 29/183/179 98/179/175 30/184/180
f 30/184/180 98/179/175 31/185/181
f 31/185/181 98/179/175 32/186/182
f 32/186/182 98/179/175 97/187/183
f 32/186/182 97/187/183 33/188/184
f 33/188/184 97/187/183 34/189/185
f 34/189/185 97/187/183 35/190/186
f 35/190/186 97/187/183 36/191/187
f 36/191/187 97/187/183 37/192/188
f 37/192/188 97/187/183 38/193/189
f 38/193/189 97/187/183 103/194/190
f 38/193/189 103/194/190 39/195/191
f 39/195/191 103/194/190 40/196/192
f 40/196/192 103/194/190 41/197/193
f 41/197/193 103/194/190 42/198/194
f 42/198/194 103/194/190 110/177/173
f 42/198/194 110/177/173 43/199/195
f 43/199/195 110/177/173 44/200/196
f 44/200/196 110/177/173 45/201/197
f 45/201/197 110/177/173 46/202/198
f 46/202/198 110/177/173 47/203/199
f 47/203/199 110/177/173 48/176/172
f 74/204/200 73/205/201 105/206/202
f 105/206/202 73/205/201 96/207/203
f 105/206/202 96/207/203 95/208/204
f 95/208/204 94/209/205 105/206/202
f 105/206/202 94/209/205 93/210/206
f 105/206/202 93/210/206 92/211/207
f 92/211/207 91/212/208 105/206/202
f 105/206/202 91/212/208 106/213/209
f 106/213/209 91/212/208 90/214/210
f 106/213/209 90/214/210 89/215/211
f 89/215/211 88/216/212 106/213/209
f 106/213/209 88/216/212 87/217/213
f 106/213/209 87/217/213 86/218/214
f 86/218/214 85/219/215 106/213/209
f 106/213/209 85/219/215 84/220/216
f 106/213/209 84/220/216 83/221/217
f 106/213/209 83/221/217 110/177/173
f 110/177/173 83/221/217 82/222/218
f 110/177/173 82/222/218 81/223/219
f 81/223/219 80/224/220 110/177/173
f 110/177/173 80/224/220 79/225/221
f 110/177/173 79/225/221 99/226/222
f 99/226/222 79/225/221 78/227/223
f 99/226/222 78/227/223 77/228/224
f 77/228/224 76/229/225 99/226/222
f 99/226/222 76/229/225 105/206/202
f 105/206/202 76/229/225 75/230/226
f 105/206/202 75/230/226 74/204/200
f 99/226/222 98/179/175 110/177/173
f 103/194/190 106/213/209 110/177/173
g Corpo65

v 8.882578 1.345271 0.900000
v 8.877807 1.309036 0.900000
v 8.863821 1.275271 0.900000
v 8.841573 1.246276 0.900000
v 8.812578 1.224027 0.900000
v 8.778812 1.210041 0.900000
v 8.742578 1.205271 0.900000
v 8.706343 1.210041 0.900000
v 8.672578 1.224027 0.900000
v 8.643583 1.246276 0.900000
v 8.621334 1.275271 0.900000
v 8.607348 1.309036 0.900000
v 8.602578 1.345271 0.900000
v 8.607348 1.381505 0.900000
v 8.621334 1.415271 0.900000
v 8.643583 1.444266 0.900000
v 8.672578 1.466514 0.900000
v 8.706343 1.480500 0.900000
v 8.742578 1.485271 0.900000
v 8.778812 1.480500 0.900000
v 8.812578 1.466514 0.900000
v 8.841573 1.444266 0.900000
v 8.863821 1.415271 0.900000
v 8.877807 1.381505 0.900000
v 8.882578 1.345271 0.300000
v 8.877807 1.381505 0.300000
v 8.863821 1.415271 0.300000
v 8.841573 1.444266 0.300000
v 8.812578 1.466514 0.300000
v 8.778812 1.480500 0.300000
v 8.742578 1.485271 0.300000
v 8.706343 1.480500 0.300000
v 8.672578 1.466514 0.300000
v 8.643583 1.444266 0.300000
v 8.621334 1.415271 0.300000
v 8.607348 1.381505 0.300000
v 8.602578 1.345271 0.300000
v 8.607348 1.309036 0.300000
v 8.621334 1.275271 0.300000
v 8.643583 1.246276 0.300000
v 8.672578 1.224027 0.300000
v 8.706343 1.210041 0.300000
v 8.742578 1.205271 0.300000
v 8.778812 1.210041 0.300000
v 8.812578 1.224027 0.300000
v 8.841573 1.246276 0.300000
v 8.863821 1.275271 0.300000
v 8.877807 1.309036 0.300000
v 8.781178 5.705058 0.900000
v 8.776803 5.671826 0.900000
v 8.763975 5.640858 0.900000
v 8.743570 5.614265 0.900000
v 8.716978 5.593860 0.900000
v 8.686010 5.581033 0.900000
v 8.652778 5.576658 0.900000
v 8.619545 5.581033 0.900000
v 8.588578 5.593860 0.900000
v 8.561985 5.614265 0.900000
v 8.541580 5.640858 0.900000
v 8.528753 5.671826 0.900000
v 8.524378 5.705058 0.900000
v 8.528753 5.738290 0.900000
v 8.541580 5.769258 0.900000
v 8.561985 5.795850 0.900000
v 8.588578 5.816256 0.900000
v 8.619545 5.829083 0.900000
v 8.652778 5.833458 0.900000
v 8.686010 5.829083 0.900000
v 8.716978 5.816256 0.900000
v 8.743570 5.795850 0.900000
v 8.763975 5.769258 0.900000
v 8.776803 5.738290 0.900000
v 8.781178 5.705058 0.300000
v 8.776803 5.738290 0.300000
v 8.763975 5.769258 0.300000
v 8.743570 5.795850 0.300000
v 8.716978 5.816256 0.300000
v 8.686010 5.829083 0.300000
v 8.652778 5.833458 0.300000
v 8.619545 5.829083 0.300000
v 8.588578 5.816256 0.300000
v 8.561985 5.795850 0.300000
v 8.541580 5.769258 0.300000
v 8.528753 5.738290 0.300000
v 8.524378 5.705058 0.300000
v 8.528753 5.671826 0.300000
v 8.541580 5.640858 0.300000
v 8.561985 5.614265 0.300000
v 8.588578 5.593860 0.300000
v 8.619545 5.581033 0.300000
v 8.652778 5.576658 0.300000
v 8.686010 5.581033 0.300000
v 8.716978 5.593860 0.300000
v 8.743570 5.614265 0.300000
v 8.763975 5.640858 0.300000
v 8.776803 5.671826 0.300000
v 15.666676 1.225918 0.694687
v 15.666676 1.225918 1.961469
v 16.000000 1.225918 1.961469
v 16.000000 1.225918 0.694687
v 15.666676 3.514298 0.694687
v 16.000000 3.514298 0.694687
v 15.666676 3.514298 1.961469
v 16.000000 3.514298 1.961469
v 15.000000 13.000000 0.000000
v 15.258819 12.965926 0.000000
v 15.500000 12.866025 0.000000
v 15.707107 12.707107 0.000000
v 15.866025 12.500000 0.000000
v 15.965926 12.258819 0.000000
v 16.000000 12.000000 0.000000
v 16.000000 1.000000 0.000000
v 15.965926 0.741181 0.000000
v 15.866025 0.500000 0.000000
v 15.707107 0.292893 0.000000
v 15.500000 0.133975 0.000000
v 15.258819 0.034074 0.000000
v 15.000000 0.000000 0.000000
v 8.000000 0.000000 0.000000
v 1.000000 0.000000 0.000000
v 0.741181 0.034074 0.000000
v 0.500000 0.133975 0.000000
v 0.292893 0.292893 0.000000
v 0.133975 0.500000 0.000000
v 0.034074 0.741181 0.000000
v 0.000000 1.000000 0.000000
v 0.000000 12.000000 0.000000
v 0.034074 12.258819 0.000000
v 0.133975 12.500000 0.000000
v 0.292893 12.707107 0.000000
v 0.500000 12.866025 0.000000
v 0.741181 12.965926 0.000000
v 1.000000 13.000000 0.000000
v 8.000000 13.000000 0.000000
v 8.000000 6.500000 0.000000
v 16.000000 12.000000 2.800000
v 16.000000 1.000000 2.800000
v 15.666676 12.619382 0.300000
v 15.666676 6.488944 0.300000
v 15.666676 0.358505 0.300000
v 15.666676 0.358505 2.800000
v 15.666676 6.488944 2.800000
v 15.666676 12.619382 2.800000
v 0.358505 0.358505 0.300000
v 0.358505 6.488944 0.300000
v 0.358505 12.619382 0.300000
v 0.358505 12.619382 2.800000
v 0.358505 6.488944 2.800000
v 0.358505 0.358505 2.800000
v 8.012591 12.619382 0.300000
v 8.012591 12.619382 2.800000
v 0.000000 12.000000 2.800000
v 0.000000 1.000000 2.800000
v 1.000000 0.000000 2.800000
v 0.741181 0.034074 2.800000
v 0.500000 0.133975 2.800000
v 0.292893 0.292893 2.800000
v 0.133975 0.500000 2.800000
v 0.034074 0.741181 2.800000
v 15.965926 0.741181 2.800000
v 15.866025 0.500000 2.800000
v 15.707107 0.292893 2.800000
v 15.500000 0.133975 2.800000
v 15.258819 0.034074 2.800000
v 15.000000 0.000000 2.800000
v 0.034074 12.258819 2.800000
v 0.133975 12.500000 2.800000
v 0.292893 12.707107 2.800000
v 0.500000 12.866025 2.800000
v 0.741181 12.965926 2.800000
v 1.000000 13.000000 2.800000
v 15.000000 13.000000 2.800000
v 8.000000 13.000000 2.800000
v 8.012591 0.358505 2.800000
v 15.965926 12.258819 2.800000
v 15.866025 12.500000 2.800000
v 15.707107 12.707107 2.800000
v 15.500000 12.866025 2.800000
v 15.258819 12.965926 2.800000
v 8.000000 0.000000 2.800000
v 11.816676 10.658505 2.100000
v 11.811565 10.619682 2.100000
v 11.796580 10.583505 2.100000
v 11.772742 10.552439 2.100000
v 11.741676 10.528601 2.100000
v 11.705499 10.513616 2.100000
v 11.666676 10.508505 2.100000
v 11.627853 10.513616 2.100000
v 11.591676 10.528601 2.100000
v 11.560610 10.552439 2.100000
v 11.536772 10.583505 2.100000
v 11.521787 10.619682 2.100000
v 11.516676 10.658505 2.100000
v 11.521787 10.697328 2.100000
v 11.536772 10.733505 2.100000
v 11.560610 10.764571 2.100000
v 11.591676 10.788409 2.100000
v 11.627853 10.803394 2.100000
v 11.666676 10.808505 2.100000
v 11.705499 10.803394 2.100000
v 11.741676 10.788409 2.100000
v 11.772742 10.764571 2.100000
v 11.796580 10.733505 2.100000
v 11.811565 10.697328 2.100000
v 11.916676 10.658505 2.100000
v 11.908158 10.723210 2.100000
v 11.883182 10.783505 2.100000
v 11.843453 10.835282 2.100000
v 11.791676 10.875012 2.100000
v 11.731381 10.899987 2.100000
v 11.666676 10.908505 2.100000
v 11.601971 10.899987 2.100000
v 11.541676 10.875012 2.100000
v 11.489899 10.835282 2.100000
v 11.450170 10.783505 2.100000
v 11.425195 10.723210 2.100000
v 11.416676 10.658505 2.100000
v 11.425195 10.593800 2.100000
v 11.450170 10.533505 2.100000
v 11.489899 10.481728 2.100000
v 11.541676 10.441999 2.100000
v 11.601971 10.417024 2.100000
v 11.666676 10.408505 2.100000
v 11.731381 10.417024 2.100000
v 11.791676 10.441999 2.100000
v 11.843453 10.481728 2.100000
v 11.883182 10.533505 2.100000
v 11.908158 10.593800 2.100000
v 11.916676 10.658505 0.300000
v 11.908158 10.723210 0.300000
v 11.883182 10.783505 0.300000
v 11.843453 10.835282 0.300000
v 11.791676 10.875012 0.300000
v 11.731381 10.899987 0.300000
v 11.666676 10.908505 0.300000
v 11.601971 10.899987 0.300000
v 11.541676 10.875012 0.300000
v 11.489899 10.835282 0.300000
v 11.450170 10.783505 0.300000
v 11.425195 10.723210 0.300000
v 11.416676 10.658505 0.300000
v 11.425195 10.593800 0.300000
v 11.450170 10.533505 0.300000
v 11.489899 10.481728 0.300000
v 11.541676 10.441999 0.300000
v 11.601971 10.417024 0.300000
v 11.666676 10.408505 0.300000
v 11.731381 10.417024 0.300000
v 11.791676 10.441999 0.300000
v 11.843453 10.481728 0.300000
v 11.883182 10.533505 0.300000
v 11.908158 10.593800 0.300000
v 11.916676 10.658505 1.200000
v 11.908158 10.593800 1.200000
v 11.883182 10.533505 1.200000
v 11.843453 10.481728 1.200000
v 11.791676 10.441999 1.200000
v 11.731381 10.417024 1.200000
v 11.666676 10.408505 1.200000
v 11.601971 10.417024 1.200000
v 11.541676 10.441999 1.200000
v 11.489899 10.481728 1.200000
v 11.450170 10.533505 1.200000
v 11.425195 10.593800 1.200000
v 11.416676 10.658505 1.200000
v 11.425195 10.723210 1.200000
v 11.450170 10.783505 1.200000
v 11.489899 10.835282 1.200000
v 11.541676 10.875012 1.200000
v 11.601971 10.899987 1.200000
v 11.666676 10.908505 1.200000
v 11.731381 10.899987 1.200000
v 11.791676 10.875012 1.200000
v 11.843453 10.835282 1.200000
v 11.883182 10.783505 1.200000
v 11.908158 10.723210 1.200000
v 9.866676 10.358505 2.100000
v 9.859861 10.306741 2.100000
v 9.839881 10.258505 2.100000
v 9.808097 10.217084 2.100000
v 9.766676 10.185300 2.100000
v 9.718440 10.165320 2.100000
v 9.666676 10.158505 2.100000
v 9.614912 10.165320 2.100000
v 9.566676 10.185300 2.100000
v 9.525255 10.217084 2.100000
v 9.493471 10.258505 2.100000
v 9.473491 10.306741 2.100000
v 9.466676 10.358505 2.100000
v 9.473491 10.410269 2.100000
v 9.493471 10.458505 2.100000
v 9.525255 10.499927 2.100000
v 9.566676 10.531710 2.100000
v 9.614912 10.551690 2.100000
v 9.666676 10.558505 2.100000
v 9.718440 10.551690 2.100000
v 9.766676 10.531710 2.100000
v 9.808097 10.499927 2.100000
v 9.839881 10.458505 2.100000
v 9.859861 10.410269 2.100000
v 10.005985 10.358505 2.100000
v 9.994423 10.446325 2.100000
v 9.960526 10.528160 2.100000
v 9.906604 10.598433 2.100000
v 9.836331 10.652355 2.100000
v 9.754496 10.686253 2.100000
v 9.666676 10.697814 2.100000
v 9.578856 10.686253 2.100000
v 9.497022 10.652355 2.100000
v 9.426748 10.598433 2.100000
v 9.372826 10.528160 2.100000
v 9.338929 10.446325 2.100000
v 9.327367 10.358505 2.100000
v 9.338929 10.270686 2.100000
v 9.372826 10.188851 2.100000
v 9.426748 10.118577 2.100000
v 9.497022 10.064655 2.100000
v 9.578856 10.030758 2.100000
v 9.666676 10.019196 2.100000
v 9.754496 10.030758 2.100000
v 9.836331 10.064655 2.100000
v 9.906604 10.118577 2.100000
v 9.960526 10.188851 2.100000
v 9.994423 10.270686 2.100000
v 10.005985 10.358505 0.300000
v 9.994423 10.446325 0.300000
v 9.960526 10.528160 0.300000
v 9.906604 10.598433 0.300000
v 9.836331 10.652355 0.300000
v 9.754496 10.686253 0.300000
v 9.666676 10.697814 0.300000
v 9.578856 10.686253 0.300000
v 9.497022 10.652355 0.300000
v 9.426748 10.598433 0.300000
v 9.372826 10.528160 0.300000
v 9.338929 10.446325 0.300000
v 9.327367 10.358505 0.300000
v 9.338929 10.270686 0.300000
v 9.372826 10.188851 0.300000
v 9.426748 10.118577 0.300000
v 9.497022 10.064655 0.300000
v 9.578856 10.030758 0.300000
v 9.666676 10.019196 0.300000
v 9.754496 10.030758 0.300000
v 9.836331 10.064655 0.300000
v 9.906604 10.118577 0.300000
v 9.960526 10.188851 0.300000
v 9.994423 10.270686 0.300000
v 15.316676 10.658505 2.100000
v 15.311565 10.619682 2.100000
v 15.296580 10.583505 2.100000
v 15.272742 10.552439 2.100000
v 15.241676 10.528601 2.100000
v 15.205499 10.513616 2.100000
v 15.166676 10.508505 2.100000
v 15.127853 10.513616 2.100000
v 15.091676 10.528601 2.100000
v 15.060610 10.552439 2.100000
v 15.036772 10.583505 2.100000
v 15.021787 10.619682 2.100000
v 15.016676 10.658505 2.100000
v 15.021787 10.697328 2.100000
v 15.036772 10.733505 2.100000
v 15.060610 10.764571 2.100000
v 15.091676 10.788409 2.100000
v 15.127853 10.803394 2.100000
v 15.166676 10.808505 2.100000
v 15.205499 10.803394 2.100000
v 15.241676 10.788409 2.100000
v 15.272742 10.764571 2.100000
v 15.296580 10.733505 2.100000
v 15.311565 10.697328 2.100000
v 15.416676 10.658505 2.100000
v 15.408158 10.723210 2.100000
v 15.383182 10.783505 2.100000
v 15.343453 10.835282 2.100000
v 15.291676 10.875012 2.100000
v 15.231381 10.899987 2.100000
v 15.166676 10.908505 2.100000
v 15.101971 10.899987 2.100000
v 15.041676 10.875012 2.100000
v 14.989899 10.835282 2.100000
v 14.950170 10.783505 2.100000
v 14.925195 10.723210 2.100000
v 14.916676 10.658505 2.100000
v 14.925195 10.593800 2.100000
v 14.950170 10.533505 2.100000
v 14.989899 10.481728 2.100000
v 15.041676 10.441999 2.100000
v 15.101971 10.417024 2.100000
v 15.166676 10.408505 2.100000
v 15.231381 10.417024 2.100000
v 15.291676 10.441999 2.100000
v 15.343453 10.481728 2.100000
v 15.383182 10.533505 2.100000
v 15.408158 10.593800 2.100000
v 15.416676 10.658505 0.300000
v 15.408158 10.723210 0.300000
v 15.383182 10.783505 0.300000
v 15.343453 10.835282 0.300000
v 15.291676 10.875012 0.300000
v 15.231381 10.899987 0.300000
v 15.166676 10.908505 0.300000
v 15.101971 10.899987 0.300000
v 15.041676 10.875012 0.300000
v 14.989899 10.835282 0.300000
v 14.950170 10.783505 0.300000
v 14.925195 10.723210 0.300000
v 14.916676 10.658505 0.300000
v 14.925195 10.593800 0.300000
v 14.950170 10.533505 0.300000
v 14.989899 10.481728 0.300000
v 15.041676 10.441999 0.300000
v 15.101971 10.417024 0.300000
v 15.166676 10.408505 0.300000
v 15.231381 10.417024 0.300000
v 15.291676 10.441999 0.300000
v 15.343453 10.481728 0.300000
v 15.383182 10.533505 0.300000
v 15.408158 10.593800 0.300000
v 15.416676 10.658505 1.200000
v 15.408158 10.593800 1.200000
v 15.383182 10.533505 1.200000
v 15.343453 10.481728 1.200000
v 15.291676 10.441999 1.200000
v 15.231381 10.417024 1.200000
v 15.166676 10.408505 1.200000
v 15.101971 10.417024 1.200000
v 15.041676 10.441999 1.200000
v 14.989899 10.481728 1.200000
v 14.950170 10.533505 1.200000
v 14.925195 10.593800 1.200000
v 14.916676 10.658505 1.200000
v 14.925195 10.723210 1.200000
v 14.950170 10.783505 1.200000
v 14.989899 10.835282 1.200000
v 15.041676 10.875012 1.200000
v 15.101971 10.899987 1.200000
v 15.166676 10.908505 1.200000
v 15.231381 10.899987 1.200000
v 15.291676 10.875012 1.200000
v 15.343453 10.835282 1.200000
v 15.383182 10.783505 1.200000
v 15.408158 10.723210 1.200000
v 12.316676 6.958505 2.100000
v 12.311565 6.919682 2.100000
v 12.296580 6.883505 2.100000
v 12.272742 6.852439 2.100000
v 12.241676 6.828601 2.100000
v 12.205499 6.813616 2.100000
v 12.166676 6.808505 2.100000
v 12.127853 6.813616 2.100000
v 12.091676 6.828601 2.100000
v 12.060610 6.852439 2.100000
v 12.036772 6.883505 2.100000
v 12.021787 6.919682 2.100000
v 12.016676 6.958505 2.100000
v 12.021787 6.997328 2.100000
v 12.036772 7.033505 2.100000
v 12.060610 7.064571 2.100000
v 12.091676 7.088409 2.100000
v 12.127853 7.103394 2.100000
v 12.166676 7.108505 2.100000
v 12.205499 7.103394 2.100000
v 12.241676 7.088409 2.100000
v 12.272742 7.064571 2.100000
v 12.296580 7.033505 2.100000
v 12.311565 6.997328 2.100000
v 12.416676 6.958505 2.100000
v 12.408158 7.023210 2.100000
v 12.383182 7.083505 2.100000
v 12.343453 7.135282 2.100000
v 12.291676 7.175012 2.100000
v 12.231381 7.199987 2.100000
v 12.166676 7.208505 2.100000
v 12.101971 7.199987 2.100000
v 12.041676 7.175012 2.100000
v 11.989899 7.135282 2.100000
v 11.950170 7.083505 2.100000
v 11.925195 7.023210 2.100000
v 11.916676 6.958505 2.100000
v 11.925195 6.893800 2.100000
v 11.950170 6.833505 2.100000
v 11.989899 6.781728 2.100000
v 12.041676 6.741999 2.100000
v 12.101971 6.717024 2.100000
v 12.166676 6.708505 2.100000
v 12.231381 6.717024 2.100000
v 12.291676 6.741999 2.100000
v 12.343453 6.781728 2.100000
v 12.383182 6.833505 2.100000
v 12.408158 6.893800 2.100000
v 12.416676 6.958505 0.300000
v 12.408158 7.023210 0.300000
v 12.383182 7.083505 0.300000
v 12.343453 7.135282 0.300000
v 12.291676 7.175012 0.300000
v 12.231381 7.199987 0.300000
v 12.166676 7.208505 0.300000
v 12.101971 7.199987 0.300000
v 12.041676 7.175012 0.300000
v 11.989899 7.135282 0.300000
v 11.950170 7.083505 0.300000
v 11.925195 7.023210 0.300000
v 11.916676 6.958505 0.300000
v 11.925195 6.893800 0.300000
v 11.950170 6.833505 0.300000
v 11.989899 6.781728 0.300000
v 12.041676 6.741999 0.300000
v 12.101971 6.717024 0.300000
v 12.166676 6.708505 0.300000
v 12.231381 6.717024 0.300000
v 12.291676 6.741999 0.300000
v 12.343453 6.781728 0.300000
v 12.383182 6.833505 0.300000
v 12.408158 6.893800 0.300000
v 12.416676 6.958505 1.200000
v 12.408158 6.893800 1.200000
v 12.383182 6.833505 1.200000
v 12.343453 6.781728 1.200000
v 12.291676 6.741999 1.200000
v 12.231381 6.717024 1.200000
v 12.166676 6.708505 1.200000
v 12.101971 6.717024 1.200000
v 12.041676 6.741999 1.200000
v 11.989899 6.781728 1.200000
v 11.950170 6.833505 1.200000
v 11.925195 6.893800 1.200000
v 11.916676 6.958505 1.200000
v 11.925195 7.023210 1.200000
v 11.950170 7.083505 1.200000
v 11.989899 7.135282 1.200000
v 12.041676 7.175012 1.200000
v 12.101971 7.199987 1.200000
v 12.166676 7.208505 1.200000
v 12.231381 7.199987 1.200000
v 12.291676 7.175012 1.200000
v 12.343453 7.135282 1.200000
v 12.383182 7.083505 1.200000
v 12.408158 7.023210 1.200000
v 9.866676 6.858505 2.100000
v 9.859861 6.806741 2.100000
v 9.839881 6.758505 2.100000
v 9.808097 6.717084 2.100000
v 9.766676 6.685300 2.100000
v 9.718440 6.665320 2.100000
v 9.666676 6.658505 2.100000
v 9.614912 6.665320 2.100000
v 9.566676 6.685300 2.100000
v 9.525255 6.717084 2.100000
v 9.493471 6.758505 2.100000
v 9.473491 6.806741 2.100000
v 9.466676 6.858505 2.100000
v 9.473491 6.910269 2.100000
v 9.493471 6.958505 2.100000
v 9.525255 6.999927 2.100000
v 9.566676 7.031710 2.100000
v 9.614912 7.051690 2.100000
v 9.666676 7.058505 2.100000
v 9.718440 7.051690 2.100000
v 9.766676 7.031710 2.100000
v 9.808097 6.999927 2.100000
v 9.839881 6.958505 2.100000
v 9.859861 6.910269 2.100000
v 10.014619 6.858505 2.100000
v 10.002763 6.948560 2.100000
v 9.968004 7.032477 2.100000
v 9.912709 7.104538 2.100000
v 9.840648 7.159833 2.100000
v 9.756730 7.194592 2.100000
v 9.666676 7.206448 2.100000
v 9.576622 7.194592 2.100000
v 9.492705 7.159833 2.100000
v 9.420643 7.104538 2.100000
v 9.365348 7.032477 2.100000
v 9.330589 6.948560 2.100000
v 9.318733 6.858505 2.100000
v 9.330589 6.768451 2.100000
v 9.365348 6.684534 2.100000
v 9.420643 6.612472 2.100000
v 9.492705 6.557178 2.100000
v 9.576622 6.522418 2.100000
v 9.666676 6.510562 2.100000
v 9.756730 6.522418 2.100000
v 9.840648 6.557178 2.100000
v 9.912709 6.612472 2.100000
v 9.968004 6.684534 2.100000
v 10.002763 6.768451 2.100000
v 10.014619 6.858505 0.300000
v 10.002763 6.948560 0.300000
v 9.968004 7.032477 0.300000
v 9.912709 7.104538 0.300000
v 9.840648 7.159833 0.300000
v 9.756730 7.194592 0.300000
v 9.666676 7.206448 0.300000
v 9.576622 7.194592 0.300000
v 9.492705 7.159833 0.300000
v 9.420643 7.104538 0.300000
v 9.365348 7.032477 0.300000
v 9.330589 6.948560 0.300000
v 9.318733 6.858505 0.300000
v 9.330589 6.768451 0.300000
v 9.365348 6.684534 0.300000
v 9.420643 6.612472 0.300000
v 9.492705 6.557178 0.300000
v 9.576622 6.522418 0.300000
v 9.666676 6.510562 0.300000
v 9.756730 6.522418 0.300000
v 9.840648 6.557178 0.300000
v 9.912709 6.612472 0.300000
v 9.968004 6.684534 0.300000
v 10.002763 6.768451 0.300000
v 12.291676 1.058505 0.300000
v 12.287417 1.026153 0.300000
v 12.274929 0.996005 0.300000
v 12.255064 0.970117 0.300000
v 12.229176 0.950252 0.300000
v 12.199029 0.937764 0.300000
v 12.166676 0.933505 0.300000
v 12.134324 0.937764 0.300000
v 12.104176 0.950252 0.300000
v 12.078288 0.970117 0.300000
v 12.058423 0.996005 0.300000
v 12.045935 1.026153 0.300000
v 12.041676 1.058505 0.300000
v 12.045935 1.090858 0.300000
v 12.058423 1.121005 0.300000
v 12.078288 1.146894 0.300000
v 12.104176 1.166758 0.300000
v 12.134324 1.179246 0.300000
v 12.166676 1.183505 0.300000
v 12.199029 1.179246 0.300000
v 12.229176 1.166758 0.300000
v 12.255064 1.146894 0.300000
v 12.274929 1.121005 0.300000
v 12.287417 1.090858 0.300000
v 4.166676 1.858505 0.300000
v 4.163269 1.832623 0.300000
v 4.153279 1.808505 0.300000
v 4.137387 1.787794 0.300000
v 4.116676 1.771903 0.300000
v 4.092558 1.761913 0.300000
v 4.066676 1.758505 0.300000
v 4.040794 1.761913 0.300000
v 4.016676 1.771903 0.300000
v 3.995965 1.787794 0.300000
v 3.980074 1.808505 0.300000
v 3.970084 1.832623 0.300000
v 3.966676 1.858505 0.300000
v 3.970084 1.884387 0.300000
v 3.980074 1.908505 0.300000
v 3.995965 1.929216 0.300000
v 4.016676 1.945108 0.300000
v 4.040794 1.955098 0.300000
v 4.066676 1.958505 0.300000
v 4.092558 1.955098 0.300000
v 4.116676 1.945108 0.300000
v 4.137387 1.929216 0.300000
v 4.153279 1.908505 0.300000
v 4.163269 1.884387 0.300000
v 8.016676 11.819382 0.300000
v 8.011565 11.780559 0.300000
v 7.996580 11.744382 0.300000
v 7.972742 11.713316 0.300000
v 7.941676 11.689478 0.300000
v 7.905499 11.674493 0.300000
v 7.866676 11.669382 0.300000
v 7.827853 11.674493 0.300000
v 7.791676 11.689478 0.300000
v 7.760610 11.713316 0.300000
v 7.736772 11.744382 0.300000
v 7.721787 11.780559 0.300000
v 7.716676 11.819382 0.300000
v 7.721787 11.858205 0.300000
v 7.736772 11.894382 0.300000
v 7.760610 11.925448 0.300000
v 7.791676 11.949286 0.300000
v 7.827853 11.964271 0.300000
v 7.866676 11.969382 0.300000
v 7.905499 11.964271 0.300000
v 7.941676 11.949286 0.300000
v 7.972742 11.925448 0.300000
v 7.996580 11.894382 0.300000
v 8.011565 11.858205 0.300000
v 8.016676 8.819382 0.300000
v 8.011565 8.780559 0.300000
v 7.996580 8.744382 0.300000
v 7.972742 8.713316 0.300000
v 7.941676 8.689478 0.300000
v 7.905499 8.674493 0.300000
v 7.866676 8.669382 0.300000
v 7.827853 8.674493 0.300000
v 7.791676 8.689478 0.300000
v 7.760610 8.713316 0.300000
v 7.736772 8.744382 0.300000
v 7.721787 8.780559 0.300000
v 7.716676 8.819382 0.300000
v 7.721787 8.858205 0.300000
v 7.736772 8.894382 0.300000
v 7.760610 8.925448 0.300000
v 7.791676 8.949286 0.300000
v 7.827853 8.964271 0.300000
v 7.866676 8.969382 0.300000
v 7.905499 8.964271 0.300000
v 7.941676 8.949286 0.300000
v 7.972742 8.925448 0.300000
v 7.996580 8.894382 0.300000
v 8.011565 8.858205 0.300000
v 4.166676 0.858505 0.300000
v 4.163269 0.832623 0.300000
v 4.153279 0.808505 0.300000
v 4.137387 0.787794 0.300000
v 4.116676 0.771903 0.300000
v 4.092558 0.761913 0.300000
v 4.066676 0.758505 0.300000
v 4.040794 0.761913 0.300000
v 4.016676 0.771903 0.300000
v 3.995965 0.787794 0.300000
v 3.980074 0.808505 0.300000
v 3.970084 0.832623 0.300000
v 3.966676 0.858505 0.300000
v 3.970084 0.884387 0.300000
v 3.980074 0.908505 0.300000
v 3.995965 0.929216 0.300000
v 4.016676 0.945108 0.300000
v 4.040794 0.955098 0.300000
v 4.066676 0.958505 0.300000
v 4.092558 0.955098 0.300000
v 4.116676 0.945108 0.300000
v 4.137387 0.929216 0.300000
v 4.153279 0.908505 0.300000
v 4.163269 0.884387 0.300000
v 12.291676 5.958505 0.300000
v 12.287417 5.926153 0.300000
v 12.274929 5.896005 0.300000
v 12.255064 5.870117 0.300000
v 12.229176 5.850252 0.300000
v 12.199029 5.837764 0.300000
v 12.166676 5.833505 0.300000
v 12.134324 5.837764 0.300000
v 12.104176 5.850252 0.300000
v 12.078288 5.870117 0.300000
v 12.058423 5.896005 0.300000
v 12.045935 5.926153 0.300000
v 12.041676 5.958505 0.300000
v 12.045935 5.990858 0.300000
v 12.058423 6.021005 0.300000
v 12.078288 6.046894 0.300000
v 12.104176 6.066758 0.300000
v 12.134324 6.079246 0.300000
v 12.166676 6.083505 0.300000
v 12.199029 6.079246 0.300000
v 12.229176 6.066758 0.300000
v 12.255064 6.046894 0.300000
v 12.274929 6.021005 0.300000
v 12.287417 5.990858 0.300000
v 6.491676 5.958505 0.300000
v 6.487417 5.926153 0.300000
v 6.474929 5.896005 0.300000
v 6.455064 5.870117 0.300000
v 6.429176 5.850252 0.300000
v 6.399029 5.837764 0.300000
v 6.366676 5.833505 0.300000
v 6.334324 5.837764 0.300000
v 6.304176 5.850252 0.300000
v 6.278288 5.870117 0.300000
v 6.258423 5.896005 0.300000
v 6.245935 5.926153 0.300000
v 6.241676 5.958505 0.300000
v 6.245935 5.990858 0.300000
v 6.258423 6.021005 0.300000
v 6.278288 6.046894 0.300000
v 6.304176 6.066758 0.300000
v 6.334324 6.079246 0.300000
v 6.366676 6.083505 0.300000
v 6.399029 6.079246 0.300000
v 6.429176 6.066758 0.300000
v 6.455064 6.046894 0.300000
v 6.474929 6.021005 0.300000
v 6.487417 5.990858 0.300000
v 5.316676 11.819382 0.300000
v 5.311565 11.780559 0.300000
v 5.296580 11.744382 0.300000
v 5.272742 11.713316 0.300000
v 5.241676 11.689478 0.300000
v 5.205499 11.674493 0.300000
v 5.166676 11.669382 0.300000
v 5.127853 11.674493 0.300000
v 5.091676 11.689478 0.300000
v 5.060610 11.713316 0.300000
v 5.036772 11.744382 0.300000
v 5.021787 11.780559 0.300000
v 5.016676 11.819382 0.300000
v 5.021787 11.858205 0.300000
v 5.036772 11.894382 0.300000
v 5.060610 11.925448 0.300000
v 5.091676 11.949286 0.300000
v 5.127853 11.964271 0.300000
v 5.166676 11.969382 0.300000
v 5.205499 11.964271 0.300000
v 5.241676 11.949286 0.300000
v 5.272742 11.925448 0.300000
v 5.296580 11.894382 0.300000
v 5.311565 11.858205 0.300000
v 5.316676 8.819382 0.300000
v 5.311565 8.780559 0.300000
v 5.296580 8.744382 0.300000
v 5.272742 8.713316 0.300000
v 5.241676 8.689478 0.300000
v 5.205499 8.674493 0.300000
v 5.166676 8.669382 0.300000
v 5.127853 8.674493 0.300000
v 5.091676 8.689478 0.300000
v 5.060610 8.713316 0.300000
v 5.036772 8.744382 0.300000
v 5.021787 8.780559 0.300000
v 5.016676 8.819382 0.300000
v 5.021787 8.858205 0.300000
v 5.036772 8.894382 0.300000
v 5.060610 8.925448 0.300000
v 5.091676 8.949286 0.300000
v 5.127853 8.964271 0.300000
v 5.166676 8.969382 0.300000
v 5.205499 8.964271 0.300000
v 5.241676 8.949286 0.300000
v 5.272742 8.925448 0.300000
v 5.296580 8.894382 0.300000
v 5.311565 8.858205 0.300000
v 6.491676 1.058505 0.300000
v 6.487417 1.026153 0.300000
v 6.474929 0.996005 0.300000
v 6.455064 0.970117 0.300000
v 6.429176 0.950252 0.300000
v 6.399029 0.937764 0.300000
v 6.366676 0.933505 0.300000
v 6.334324 0.937764 0.300000
v 6.304176 0.950252 0.300000
v 6.278288 0.970117 0.300000
v 6.258423 0.996005 0.300000
v 6.245935 1.026153 0.300000
v 6.241676 1.058505 0.300000
v 6.245935 1.090858 0.300000
v 6.258423 1.121005 0.300000
v 6.278288 1.146894 0.300000
v 6.304176 1.166758 0.300000
v 6.334324 1.179246 0.300000
v 6.366676 1.183505 0.300000
v 6.399029 1.179246 0.300000
v 6.429176 1.166758 0.300000
v 6.455064 1.146894 0.300000
v 6.474929 1.121005 0.300000
v 6.487417 1.090858 0.300000
v 8.012591 0.358505 0.300000
v 14.916676 6.958505 0.300000
v 14.908158 6.893800 0.300000
v 14.883182 6.833505 0.300000
v 14.843453 6.781728 0.300000
v 14.791676 6.741999 0.300000
v 14.731381 6.717024 0.300000
v 14.666676 6.708505 0.300000
v 14.601971 6.717024 0.300000
v 14.541676 6.741999 0.300000
v 14.489899 6.781728 0.300000
v 14.450170 6.833505 0.300000
v 14.425195 6.893800 0.300000
v 14.416676 6.958505 0.300000
v 14.425195 7.023210 0.300000
v 14.450170 7.083505 0.300000
v 14.489899 7.135282 0.300000
v 14.541676 7.175012 0.300000
v 14.601971 7.199987 0.300000
v 14.666676 7.208505 0.300000
v 14.731381 7.199987 0.300000
v 14.791676 7.175012 0.300000
v 14.843453 7.135282 0.300000
v 14.883182 7.083505 0.300000
v 14.908158 7.023210 0.300000
v 8.012591 9.054484 0.300000
v 8.012591 5.071590 0.300000
v 8.012591 8.075449 0.300000
v 8.012591 11.336245 0.300000
v 8.012591 5.833505 0.300000
v 8.012591 5.833471 0.300000
v 8.012591 1.527927 0.300000
v 8.012591 1.198583 0.300000
v 8.012591 0.933505 0.300000
v 14.816676 6.958505 2.100000
v 14.811565 6.919682 2.100000
v 14.796580 6.883505 2.100000
v 14.772742 6.852439 2.100000
v 14.741676 6.828601 2.100000
v 14.705499 6.813616 2.100000
v 14.666676 6.808505 2.100000
v 14.627853 6.813616 2.100000
v 14.591676 6.828601 2.100000
v 14.560610 6.852439 2.100000
v 14.536772 6.883505 2.100000
v 14.521787 6.919682 2.100000
v 14.516676 6.958505 2.100000
v 14.521787 6.997328 2.100000
v 14.536772 7.033505 2.100000
v 14.560610 7.064571 2.100000
v 14.591676 7.088409 2.100000
v 14.627853 7.103394 2.100000
v 14.666676 7.108505 2.100000
v 14.705499 7.103394 2.100000
v 14.741676 7.088409 2.100000
v 14.772742 7.064571 2.100000
v 14.796580 7.033505 2.100000
v 14.811565 6.997328 2.100000
v 14.916676 6.958505 2.100000
v 14.908158 7.023210 2.100000
v 14.883182 7.083505 2.100000
v 14.843453 7.135282 2.100000
v 14.791676 7.175012 2.100000
v 14.731381 7.199987 2.100000
v 14.666676 7.208505 2.100000
v 14.601971 7.199987 2.100000
v 14.541676 7.175012 2.100000
v 14.489899 7.135282 2.100000
v 14.450170 7.083505 2.100000
v 14.425195 7.023210 2.100000
v 14.416676 6.958505 2.100000
v 14.425195 6.893800 2.100000
v 14.450170 6.833505 2.100000
v 14.489899 6.781728 2.100000
v 14.541676 6.741999 2.100000
v 14.601971 6.717024 2.100000
v 14.666676 6.708505 2.100000
v 14.731381 6.717024 2.100000
v 14.791676 6.741999 2.100000
v 14.843453 6.781728 2.100000
v 14.883182 6.833505 2.100000
v 14.908158 6.893800 2.100000
v 14.916676 6.958505 1.200000
v 14.908158 6.893800 1.200000
v 14.883182 6.833505 1.200000
v 14.843453 6.781728 1.200000
v 14.791676 6.741999 1.200000
v 14.731381 6.717024 1.200000
v 14.666676 6.708505 1.200000
v 14.601971 6.717024 1.200000
v 14.541676 6.741999 1.200000
v 14.489899 6.781728 1.200000
v 14.450170 6.833505 1.200000
v 14.425195 6.893800 1.200000
v 14.416676 6.958505 1.200000
v 14.425195 7.023210 1.200000
v 14.450170 7.083505 1.200000
v 14.489899 7.135282 1.200000
v 14.541676 7.175012 1.200000
v 14.601971 7.199987 1.200000
v 14.666676 7.208505 1.200000
v 14.731381 7.199987 1.200000
v 14.791676 7.175012 1.200000
v 14.843453 7.135282 1.200000
v 14.883182 7.083505 1.200000
v 14.908158 7.023210 1.200000
v 14.816676 6.958505 2.300000
v 14.811565 6.997328 2.300000
v 14.796580 7.033505 2.300000
v 14.772742 7.064571 2.300000
v 14.741676 7.088409 2.300000
v 14.705499 7.103394 2.300000
v 14.666676 7.108505 2.300000
v 14.627853 7.103394 2.300000
v 14.591676 7.088409 2.300000
v 14.560610 7.064571 2.300000
v 14.536772 7.033505 2.300000
v 14.521787 6.997328 2.300000
v 14.516676 6.958505 2.300000
v 14.521787 6.919682 2.300000
v 14.536772 6.883505 2.300000
v 14.560610 6.852439 2.300000
v 14.591676 6.828601 2.300000
v 14.627853 6.813616 2.300000
v 14.666676 6.808505 2.300000
v 14.705499 6.813616 2.300000
v 14.741676 6.828601 2.300000
v 14.772742 6.852439 2.300000
v 14.796580 6.883505 2.300000
v 14.811565 6.919682 2.300000
v 9.866676 10.358505 2.300000
v 9.859861 10.410269 2.300000
v 9.839881 10.458505 2.300000
v 9.808097 10.499927 2.300000
v 9.766676 10.531710 2.300000
v 9.718440 10.551690 2.300000
v 9.666676 10.558505 2.300000
v 9.614912 10.551690 2.300000
v 9.566676 10.531710 2.300000
v 9.525255 10.499927 2.300000
v 9.493471 10.458505 2.300000
v 9.473491 10.410269 2.300000
v 9.466676 10.358505 2.300000
v 9.473491 10.306741 2.300000
v 9.493471 10.258505 2.300000
v 9.525255 10.217084 2.300000
v 9.566676 10.185300 2.300000
v 9.614912 10.165320 2.300000
v 9.666676 10.158505 2.300000
v 9.718440 10.165320 2.300000
v 9.766676 10.185300 2.300000
v 9.808097 10.217084 2.300000
v 9.839881 10.258505 2.300000
v 9.859861 10.306741 2.300000
v 12.316676 6.958505 2.300000
v 12.311565 6.997328 2.300000
v 12.296580 7.033505 2.300000
v 12.272742 7.064571 2.300000
v 12.241676 7.088409 2.300000
v 12.205499 7.103394 2.300000
v 12.166676 7.108505 2.300000
v 12.127853 7.103394 2.300000
v 12.091676 7.088409 2.300000
v 12.060610 7.064571 2.300000
v 12.036772 7.033505 2.300000
v 12.021787 6.997328 2.300000
v 12.016676 6.958505 2.300000
v 12.021787 6.919682 2.300000
v 12.036772 6.883505 2.300000
v 12.060610 6.852439 2.300000
v 12.091676 6.828601 2.300000
v 12.127853 6.813616 2.300000
v 12.166676 6.808505 2.300000
v 12.205499 6.813616 2.300000
v 12.241676 6.828601 2.300000
v 12.272742 6.852439 2.300000
v 12.296580 6.883505 2.300000
v 12.311565 6.919682 2.300000
v 15.316676 10.658505 2.300000
v 15.311565 10.697328 2.300000
v 15.296580 10.733505 2.300000
v 15.272742 10.764571 2.300000
v 15.241676 10.788409 2.300000
v 15.205499 10.803394 2.300000
v 15.166676 10.808505 2.300000
v 15.127853 10.803394 2.300000
v 15.091676 10.788409 2.300000
v 15.060610 10.764571 2.300000
v 15.036772 10.733505 2.300000
v 15.021787 10.697328 2.300000
v 15.016676 10.658505 2.300000
v 15.021787 10.619682 2.300000
v 15.036772 10.583505 2.300000
v 15.060610 10.552439 2.300000
v 15.091676 10.528601 2.300000
v 15.127853 10.513616 2.300000
v 15.166676 10.508505 2.300000
v 15.205499 10.513616 2.300000
v 15.241676 10.528601 2.300000
v 15.272742 10.552439 2.300000
v 15.296580 10.583505 2.300000
v 15.311565 10.619682 2.300000
v 11.816676 10.658505 2.300000
v 11.811565 10.697328 2.300000
v 11.796580 10.733505 2.300000
v 11.772742 10.764571 2.300000
v 11.741676 10.788409 2.300000
v 11.705499 10.803394 2.300000
v 11.666676 10.808505 2.300000
v 11.627853 10.803394 2.300000
v 11.591676 10.788409 2.300000
v 11.560610 10.764571 2.300000
v 11.536772 10.733505 2.300000
v 11.521787 10.697328 2.300000
v 11.516676 10.658505 2.300000
v 11.521787 10.619682 2.300000
v 11.536772 10.583505 2.300000
v 11.560610 10.552439 2.300000
v 11.591676 10.528601 2.300000
v 11.627853 10.513616 2.300000
v 11.666676 10.508505 2.300000
v 11.705499 10.513616 2.300000
v 11.741676 10.528601 2.300000
v 11.772742 10.552439 2.300000
v 11.796580 10.583505 2.300000
v 11.811565 10.619682 2.300000
v 9.866676 6.858505 2.300000
v 9.859861 6.910269 2.300000
v 9.839881 6.958505 2.300000
v 9.808097 6.999927 2.300000
v 9.766676 7.031710 2.300000
v 9.718440 7.051690 2.300000
v 9.666676 7.058505 2.300000
v 9.614912 7.051690 2.300000
v 9.566676 7.031710 2.300000
v 9.525255 6.999927 2.300000
v 9.493471 6.958505 2.300000
v 9.473491 6.910269 2.300000
v 9.466676 6.858505 2.300000
v 9.473491 6.806741 2.300000
v 9.493471 6.758505 2.300000
v 9.525255 6.717084 2.300000
v 9.566676 6.685300 2.300000
v 9.614912 6.665320 2.300000
v 9.666676 6.658505 2.300000
v 9.718440 6.665320 2.300000
v 9.766676 6.685300 2.300000
v 9.808097 6.717084 2.300000
v 9.839881 6.758505 2.300000
v 9.859861 6.806741 2.300000
v 6.491676 1.058505 0.500000
v 6.487417 1.090858 0.500000
v 6.474929 1.121005 0.500000
v 6.455064 1.146894 0.500000
v 6.429176 1.166758 0.500000
v 6.399029 1.179246 0.500000
v 6.366676 1.183505 0.500000
v 6.334324 1.179246 0.500000
v 6.304176 1.166758 0.500000
v 6.278288 1.146894 0.500000
v 6.258423 1.121005 0.500000
v 6.245935 1.090858 0.500000
v 6.241676 1.058505 0.500000
v 6.245935 1.026153 0.500000
v 6.258423 0.996005 0.500000
v 6.278288 0.970117 0.500000
v 6.304176 0.950252 0.500000
v 6.334324 0.937764 0.500000
v 6.366676 0.933505 0.500000
v 6.399029 0.937764 0.500000
v 6.429176 0.950252 0.500000
v 6.455064 0.970117 0.500000
v 6.474929 0.996005 0.500000
v 6.487417 1.026153 0.500000
v 5.316676 8.819382 0.500000
v 5.311565 8.858205 0.500000
v 5.296580 8.894382 0.500000
v 5.272742 8.925448 0.500000
v 5.241676 8.949286 0.500000
v 5.205499 8.964271 0.500000
v 5.166676 8.969382 0.500000
v 5.127853 8.964271 0.500000
v 5.091676 8.949286 0.500000
v 5.060610 8.925448 0.500000
v 5.036772 8.894382 0.500000
v 5.021787 8.858205 0.500000
v 5.016676 8.819382 0.500000
v 5.021787 8.780559 0.500000
v 5.036772 8.744382 0.500000
v 5.060610 8.713316 0.500000
v 5.091676 8.689478 0.500000
v 5.127853 8.674493 0.500000
v 5.166676 8.669382 0.500000
v 5.205499 8.674493 0.500000
v 5.241676 8.689478 0.500000
v 5.272742 8.713316 0.500000
v 5.296580 8.744382 0.500000
v 5.311565 8.780559 0.500000
v 5.316676 11.819382 0.500000
v 5.311565 11.858205 0.500000
v 5.296580 11.894382 0.500000
v 5.272742 11.925448 0.500000
v 5.241676 11.949286 0.500000
v 5.205499 11.964271 0.500000
v 5.166676 11.969382 0.500000
v 5.127853 11.964271 0.500000
v 5.091676 11.949286 0.500000
v 5.060610 11.925448 0.500000
v 5.036772 11.894382 0.500000
v 5.021787 11.858205 0.500000
v 5.016676 11.819382 0.500000
v 5.021787 11.780559 0.500000
v 5.036772 11.744382 0.500000
v 5.060610 11.713316 0.500000
v 5.091676 11.689478 0.500000
v 5.127853 11.674493 0.500000
v 5.166676 11.669382 0.500000
v 5.205499 11.674493 0.500000
v 5.241676 11.689478 0.500000
v 5.272742 11.713316 0.500000
v 5.296580 11.744382 0.500000
v 5.311565 11.780559 0.500000
v 6.491676 5.958505 0.500000
v 6.487417 5.990858 0.500000
v 6.474929 6.021005 0.500000
v 6.455064 6.046894 0.500000
v 6.429176 6.066758 0.500000
v 6.399029 6.079246 0.500000
v 6.366676 6.083505 0.500000
v 6.334324 6.079246 0.500000
v 6.304176 6.066758 0.500000
v 6.278288 6.046894 0.500000
v 6.258423 6.021005 0.500000
v 6.245935 5.990858 0.500000
v 6.241676 5.958505 0.500000
v 6.245935 5.926153 0.500000
v 6.258423 5.896005 0.500000
v 6.278288 5.870117 0.500000
v 6.304176 5.850252 0.500000
v 6.334324 5.837764 0.500000
v 6.366676 5.833505 0.500000
v 6.399029 5.837764 0.500000
v 6.429176 5.850252 0.500000
v 6.455064 5.870117 0.500000
v 6.474929 5.896005 0.500000
v 6.487417 5.926153 0.500000
v 12.291676 5.958505 0.500000
v 12.287417 5.990858 0.500000
v 12.274929 6.021005 0.500000
v 12.255064 6.046894 0.500000
v 12.229176 6.066758 0.500000
v 12.199029 6.079246 0.500000
v 12.166676 6.083505 0.500000
v 12.134324 6.079246 0.500000
v 12.104176 6.066758 0.500000
v 12.078288 6.046894 0.500000
v 12.058423 6.021005 0.500000
v 12.045935 5.990858 0.500000
v 12.041676 5.958505 0.500000
v 12.045935 5.926153 0.500000
v 12.058423 5.896005 0.500000
v 12.078288 5.870117 0.500000
v 12.104176 5.850252 0.500000
v 12.134324 5.837764 0.500000
v 12.166676 5.833505 0.500000
v 12.199029 5.837764 0.500000
v 12.229176 5.850252 0.500000
v 12.255064 5.870117 0.500000
v 12.274929 5.896005 0.500000
v 12.287417 5.926153 0.500000
v 4.166676 0.858505 0.500000
v 4.163269 0.884387 0.500000
v 4.153279 0.908505 0.500000
v 4.137387 0.929216 0.500000
v 4.116676 0.945108 0.500000
v 4.092558 0.955098 0.500000
v 4.066676 0.958505 0.500000
v 4.040794 0.955098 0.500000
v 4.016676 0.945108 0.500000
v 3.995965 0.929216 0.500000
v 3.980074 0.908505 0.500000
v 3.970084 0.884387 0.500000
v 3.966676 0.858505 0.500000
v 3.970084 0.832623 0.500000
v 3.980074 0.808505 0.500000
v 3.995965 0.787794 0.500000
v 4.016676 0.771903 0.500000
v 4.040794 0.761913 0.500000
v 4.066676 0.758505 0.500000
v 4.092558 0.761913 0.500000
v 4.116676 0.771903 0.500000
v 4.137387 0.787794 0.500000
v 4.153279 0.808505 0.500000
v 4.163269 0.832623 0.500000
v 8.016676 8.819382 0.500000
v 8.011565 8.858205 0.500000
v 7.996580 8.894382 0.500000
v 7.972742 8.925448 0.500000
v 7.941676 8.949286 0.500000
v 7.905499 8.964271 0.500000
v 7.866676 8.969382 0.500000
v 7.827853 8.964271 0.500000
v 7.791676 8.949286 0.500000
v 7.760610 8.925448 0.500000
v 7.736772 8.894382 0.500000
v 7.721787 8.858205 0.500000
v 7.716676 8.819382 0.500000
v 7.721787 8.780559 0.500000
v 7.736772 8.744382 0.500000
v 7.760610 8.713316 0.500000
v 7.791676 8.689478 0.500000
v 7.827853 8.674493 0.500000
v 7.866676 8.669382 0.500000
v 7.905499 8.674493 0.500000
v 7.941676 8.689478 0.500000
v 7.972742 8.713316 0.500000
v 7.996580 8.744382 0.500000
v 8.011565 8.780559 0.500000
v 8.016676 11.819382 0.500000
v 8.011565 11.858205 0.500000
v 7.996580 11.894382 0.500000
v 7.972742 11.925448 0.500000
v 7.941676 11.949286 0.500000
v 7.905499 11.964271 0.500000
v 7.866676 11.969382 0.500000
v 7.827853 11.964271 0.500000
v 7.791676 11.949286 0.500000
v 7.760610 11.925448 0.500000
v 7.736772 11.894382 0.500000
v 7.721787 11.858205 0.500000
v 7.716676 11.819382 0.500000
v 7.721787 11.780559 0.500000
v 7.736772 11.744382 0.500000
v 7.760610 11.713316 0.500000
v 7.791676 11.689478 0.500000
v 7.827853 11.674493 0.500000
v 7.866676 11.669382 0.500000
v 7.905499 11.674493 0.500000
v 7.941676 11.689478 0.500000
v 7.972742 11.713316 0.500000
v 7.996580 11.744382 0.500000
v 8.011565 11.780559 0.500000
v 4.166676 1.858505 0.500000
v 4.163269 1.884387 0.500000
v 4.153279 1.908505 0.500000
v 4.137387 1.929216 0.500000
v 4.116676 1.945108 0.500000
v 4.092558 1.955098 0.500000
v 4.066676 1.958505 0.500000
v 4.040794 1.955098 0.500000
v 4.016676 1.945108 0.500000
v 3.995965 1.929216 0.500000
v 3.980074 1.908505 0.500000
v 3.970084 1.884387 0.500000
v 3.966676 1.858505 0.500000
v 3.970084 1.832623 0.500000
v 3.980074 1.808505 0.500000
v 3.995965 1.787794 0.500000
v 4.016676 1.771903 0.500000
v 4.040794 1.761913 0.500000
v 4.066676 1.758505 0.500000
v 4.092558 1.761913 0.500000
v 4.116676 1.771903 0.500000
v 4.137387 1.787794 0.500000
v 4.153279 1.808505 0.500000
v 4.163269 1.832623 0.500000
v 12.291676 1.058505 0.500000
v 12.287417 1.090858 0.500000
v 12.274929 1.121005 0.500000
v 12.255064 1.146894 0.500000
v 12.229176 1.166758 0.500000
v 12.199029 1.179246 0.500000
v 12.166676 1.183505 0.500000
v 12.134324 1.179246 0.500000
v 12.104176 1.166758 0.500000
v 12.078288 1.146894 0.500000
v 12.058423 1.121005 0.500000
v 12.045935 1.090858 0.500000
v 12.041676 1.058505 0.500000
v 12.045935 1.026153 0.500000
v 12.058423 0.996005 0.500000
v 12.078288 0.970117 0.500000
v 12.104176 0.950252 0.500000
v 12.134324 0.937764 0.500000
v 12.166676 0.933505 0.500000
v 12.199029 0.937764 0.500000
v 12.229176 0.950252 0.500000
v 12.255064 0.970117 0.500000
v 12.274929 0.996005 0.500000
v 12.287417 1.026153 0.500000
v 6.850000 0.358505 1.276000
v 6.816354 0.358505 1.271570
v 6.785000 0.358505 1.258583
v 6.758076 0.358505 1.237924
v 6.737417 0.358505 1.211000
v 6.724430 0.358505 1.179646
v 6.720000 0.358505 1.146000
v 6.720000 0.358505 1.090000
v 6.724430 0.358505 1.056354
v 6.737417 0.358505 1.025000
v 6.758076 0.358505 0.998076
v 6.785000 0.358505 0.977417
v 6.816354 0.358505 0.964430
v 6.850000 0.358505 0.960000
v 7.484000 0.358505 0.960000
v 7.517646 0.358505 0.964430
v 7.549000 0.358505 0.977417
v 7.575924 0.358505 0.998076
v 7.596583 0.358505 1.025000
v 7.609570 0.358505 1.056354
v 7.614000 0.358505 1.090000
v 7.614000 0.358505 1.276000
v 6.720000 -0.000000 1.146000
v 6.724430 0.000000 1.179646
v 6.737417 0.000000 1.211000
v 6.758076 0.000000 1.237924
v 6.785000 0.000000 1.258583
v 6.816354 0.000000 1.271570
v 6.850000 -0.000000 1.276000
v 7.614000 -0.000000 1.276000
v 7.614000 -0.000000 1.090000
v 7.609570 0.000000 1.056354
v 7.596583 0.000000 1.025000
v 7.575924 0.000000 0.998076
v 7.549000 0.000000 0.977417
v 7.517646 0.000000 0.964430
v 7.484000 -0.000000 0.960000
v 6.850000 -0.000000 0.960000
v 6.816354 0.000000 0.964430
v 6.785000 0.000000 0.977417
v 6.758076 0.000000 0.998076
v 6.737417 0.000000 1.025000
v 6.724430 0.000000 1.056354
v 6.720000 -0.000000 1.090000
vt -0.600000 0.403171 0.000000
vt -0.000000 0.403171 0.000000
vt -0.600000 0.439823 0.000000
vt -0.000000 0.439823 0.000000
vt -0.600000 -0.439823 0.000000
vt -0.000000 -0.439823 0.000000
vt -0.600000 -0.403171 0.000000
vt -0.000000 -0.403171 0.000000
vt -0.600000 -0.366519 0.000000
vt -0.000000 -0.366519 0.000000
vt -0.600000 -0.329867 0.000000
vt -0.000000 -0.329867 0.000000
vt -0.600000 -0.293215 0.000000
vt -0.000000 -0.293215 0.000000
vt -0.600000 -0.256563 0.000000
vt -0.000000 -0.256563 0.000000
vt -0.600000 -0.219911 0.000000
vt -0.000000 -0.219911 0.000000
vt -0.600000 -0.183260 0.000000
vt -0.000000 -0.183260 0.000000
vt -0.600000 -0.146608 0.000000
vt -0.000000 -0.146608 0.000000
vt -0.600000 -0.109956 0.000000
vt -0.000000 -0.109956 0.000000
vt -0.600000 -0.073304 0.000000
vt -0.000000 -0.073304 0.000000
vt -0.600000 -0.036652 0.000000
vt -0.000000 -0.036652 0.000000
vt -0.600000 0.000000 0.000000
vt -0.000000 0.000000 0.000000
vt -0.600000 0.036652 0.000000
vt -0.000000 0.036652 0.000000
vt -0.600000 0.073304 0.000000
vt -0.000000 0.073304 0.000000
vt -0.600000 0.109956 0.000000
vt -0.000000 0.109956 0.000000
vt -0.600000 0.146608 0.000000
vt -0.000000 0.146608 0.000000
vt -0.600000 0.183260 0.000000
vt -0.000000 0.183260 0.000000
vt -0.600000 0.219911 0.000000
vt -0.000000 0.219911 0.000000
vt -0.600000 0.256563 0.000000
vt -0.000000 0.256563 0.000000
vt -0.600000 0.293215 0.000000
vt -0.000000 0.293215 0.000000
vt -0.600000 0.329867 0.000000
vt -0.000000 0.329867 0.000000
vt -0.600000 0.366519 0.000000
vt -0.000000 0.366519 0.000000
vt -0.135230 -0.036235 0.000000
vt 0.135230 -0.036235 0.000000
vt -0.140000 0.000000 0.000000
vt 0.140000 0.000000 0.000000
vt -0.135230 0.036235 0.000000
vt 0.135230 0.036235 0.000000
vt -0.121244 0.070000 0.000000
vt 0.121244 0.070000 0.000000
vt -0.098995 0.098995 0.000000
vt 0.098995 0.098995 0.000000
vt -0.070000 0.121244 0.000000
vt 0.070000 0.121244 0.000000
vt -0.036235 0.135230 0.000000
vt 0.036235 0.135230 0.000000
vt 0.000000 0.140000 0.000000
vt 0.121244 -0.070000 0.000000
vt -0.121244 -0.070000 0.000000
vt 0.098995 -0.098995 0.000000
vt -0.098995 -0.098995 0.000000
vt 0.070000 -0.121244 0.000000
vt -0.070000 -0.121244 0.000000
vt 0.036235 -0.135230 0.000000
vt -0.036235 -0.135230 0.000000
vt 0.000000 -0.140000 0.000000
vt -0.600000 0.369765 0.000000
vt -0.000000 0.369765 0.000000
vt -0.600000 0.403380 0.000000
vt -0.000000 0.403380 0.000000
vt -0.600000 -0.403380 0.000000
vt -0.000000 -0.403380 0.000000
vt -0.600000 -0.369765 0.000000
vt -0.000000 -0.369765 0.000000
vt -0.600000 -0.336150 0.000000
vt -0.000000 -0.336150 0.000000
vt -0.600000 -0.302535 0.000000
vt -0.000000 -0.302535 0.000000
vt -0.600000 -0.268920 0.000000
vt -0.000000 -0.268920 0.000000
vt -0.600000 -0.235305 0.000000
vt -0.000000 -0.235305 0.000000
vt -0.600000 -0.201690 0.000000
vt -0.000000 -0.201690 0.000000
vt -0.600000 -0.168075 0.000000
vt -0.000000 -0.168075 0.000000
vt -0.600000 -0.134460 0.000000
vt -0.000000 -0.134460 0.000000
vt -0.600000 -0.100845 0.000000
vt -0.000000 -0.100845 0.000000
vt -0.600000 -0.067230 0.000000
vt -0.000000 -0.067230 0.000000
vt -0.600000 -0.033615 0.000000
vt -0.000000 -0.033615 0.000000
vt -0.600000 0.000000 0.000000
vt -0.000000 0.000000 0.000000
vt -0.600000 0.033615 0.000000
vt -0.000000 0.033615 0.000000
vt -0.600000 0.067230 0.000000
vt -0.000000 0.067230 0.000000
vt -0.600000 0.100845 0.000000
vt -0.000000 0.100845 0.000000
vt -0.600000 0.134460 0.000000
vt -0.000000 0.134460 0.000000
vt -0.600000 0.168075 0.000000
vt -0.000000 0.168075 0.000000
vt -0.600000 0.201690 0.000000
vt -0.000000 0.201690 0.000000
vt -0.600000 0.235305 0.000000
vt -0.000000 0.235305 0.000000
vt -0.600000 0.268920 0.000000
vt -0.000000 0.268920 0.000000
vt -0.600000 0.302535 0.000000
vt -0.000000 0.302535 0.000000
vt -0.600000 0.336150 0.000000
vt -0.000000 0.336150 0.000000
vt -0.124025 -0.033232 0.000000
vt 0.124025 -0.033232 0.000000
vt -0.128400 0.000000 0.000000
vt 0.128400 0.000000 0.000000
vt -0.124025 0.033232 0.000000
vt 0.124025 0.033232 0.000000
vt -0.111198 0.064200 0.000000
vt 0.111198 0.064200 0.000000
vt -0.090793 0.090793 0.000000
vt 0.090793 0.090793 0.000000
vt -0.064200 0.111198 0.000000
vt 0.064200 0.111198 0.000000
vt -0.033232 0.124025 0.000000
vt 0.033232 0.124025 0.000000
vt 0.000000 0.128400 0.000000
vt 0.111198 -0.064200 0.000000
vt -0.111198 -0.064200 0.000000
vt 0.090793 -0.090793 0.000000
vt -0.090793 -0.090793 0.000000
vt 0.064200 -0.111198 0.000000
vt -0.064200 -0.111198 0.000000
vt 0.033232 -0.124025 0.000000
vt -0.033232 -0.124025 0.000000
vt 0.000000 -0.128400 0.000000
vt -0.000000 0.333324 0.000000
vt -1.266782 0.333324 0.000000
vt -0.000000 0.000000 0.000000
vt -1.266782 0.000000 0.000000
vt -0.000000 0.333324 0.000000
vt -2.288380 0.333324 0.000000
vt -0.000000 0.000000 0.000000
vt -2.288380 0.000000 0.000000
vt -0.000000 0.333324 0.000000
vt -1.266782 0.333324 0.000000
vt -0.000000 0.000000 0.000000
vt -1.266782 0.000000 0.000000
vt -0.000000 0.333324 0.000000
vt -2.288380 0.333324 0.000000
vt -0.000000 0.000000 0.000000
vt -2.288380 0.000000 0.000000
vt -7.258819 6.465926 0.000000
vt -7.500000 6.366025 0.000000
vt -7.000000 6.500000 0.000000
vt -7.707107 6.207107 0.000000
vt -7.866025 6.000000 0.000000
vt -7.965926 5.758819 0.000000
vt -8.000000 5.500000 0.000000
vt 0.000000 0.000000 0.000000
vt -8.000000 -5.500000 0.000000
vt -7.000000 -6.500000 0.000000
vt -7.965926 -5.758819 0.000000
vt -7.866025 -6.000000 0.000000
vt -7.707107 -6.207107 0.000000
vt -7.500000 -6.366025 0.000000
vt -7.258819 -6.465926 0.000000
vt -0.000000 -6.500000 0.000000
vt 7.000000 -6.500000 0.000000
vt 8.000000 -5.500000 0.000000
vt 7.965926 -5.758819 0.000000
vt 7.866025 -6.000000 0.000000
vt 7.707107 -6.207107 0.000000
vt 7.500000 -6.366025 0.000000
vt 7.258819 -6.465926 0.000000
vt 8.000000 5.500000 0.000000
vt 7.000000 6.500000 0.000000
vt -0.000000 6.500000 0.000000
vt 7.965926 5.758819 0.000000
vt 7.866025 6.000000 0.000000
vt 7.707107 6.207107 0.000000
vt 7.500000 6.366025 0.000000
vt 7.258819 6.465926 0.000000
vt 3.514298 0.694687 0.000000
vt 12.000000 0.000000 0.000000
vt 3.514298 1.961469 0.000000
vt 12.000000 2.800000 0.000000
vt 1.000000 2.800000 0.000000
vt 1.000000 0.000000 0.000000
vt 1.225918 0.694687 0.000000
vt 1.225918 1.961469 0.000000
vt 9.105084 1.661469 0.000000
vt 6.130438 0.000000 0.000000
vt 9.105084 0.394687 0.000000
vt 12.260877 0.000000 0.000000
vt 11.393464 0.394687 0.000000
vt 11.393464 1.661469 0.000000
vt 12.260877 2.500000 0.000000
vt 6.130438 2.500000 0.000000
vt 0.000000 0.000000 0.000000
vt 0.000000 2.500000 0.000000
vt 0.000000 0.000000 0.000000
vt 6.130438 0.000000 0.000000
vt 0.000000 2.500000 0.000000
vt 6.130438 2.500000 0.000000
vt 12.260877 0.000000 0.000000
vt 12.260877 2.500000 0.000000
vt 0.000000 0.000000 0.000000
vt 7.654085 0.000000 0.000000
vt 0.000000 2.500000 0.000000
vt 7.654085 2.500000 0.000000
vt 15.308171 0.000000 0.000000
vt 15.308171 2.500000 0.000000
vt 1.000000 0.000000 0.000000
vt 12.000000 0.000000 0.000000
vt 1.000000 2.800000 0.000000
vt 12.000000 2.800000 0.000000
vt -0.000000 0.785398 0.000000
vt -2.800000 0.785398 0.000000
vt -0.000000 0.523599 0.000000
vt -2.800000 0.523599 0.000000
vt -0.000000 0.261799 0.000000
vt -2.800000 0.261799 0.000000
vt -0.000000 0.000000 0.000000
vt -2.800000 0.000000 0.000000
vt -0.000000 -0.261799 0.000000
vt -2.800000 -0.261799 0.000000
vt -0.000000 -0.523599 0.000000
vt -2.800000 -0.523599 0.000000
vt -0.000000 -0.785398 0.000000
vt -2.800000 -0.785398 0.000000
vt -0.000000 0.785398 0.000000
vt -2.800000 0.785398 0.000000
vt -0.000000 0.523599 0.000000
vt -2.800000 0.523599 0.000000
vt -0.000000 0.261799 0.000000
vt -2.800000 0.261799 0.000000
vt -0.000000 0.000000 0.000000
vt -2.800000 0.000000 0.000000
vt -0.000000 -0.261799 0.000000
vt -2.800000 -0.261799 0.000000
vt -0.000000 -0.523599 0.000000
vt -2.800000 -0.523599 0.000000
vt -0.000000 -0.785398 0.000000
vt -2.800000 -0.785398 0.000000
vt -0.000000 0.785398 0.000000
vt -2.800000 0.785398 0.000000
vt -0.000000 0.523599 0.000000
vt -2.800000 0.523599 0.000000
vt -0.000000 0.261799 0.000000
vt -2.800000 0.261799 0.000000
vt -0.000000 -0.000000 0.000000
vt -2.800000 -0.000000 0.000000
vt -0.000000 -0.261799 0.000000
vt -2.800000 -0.261799 0.000000
vt -0.000000 -0.523599 0.000000
vt -2.800000 -0.523599 0.000000
vt -0.000000 -0.785398 0.000000
vt -2.800000 -0.785398 0.000000
vt 1.000000 0.000000 0.000000
vt 8.000000 0.000000 0.000000
vt 1.000000 2.800000 0.000000
vt 8.000000 2.800000 0.000000
vt 15.000000 0.000000 0.000000
vt 15.000000 2.800000 0.000000
vt 7.666676 -0.011056 0.000000
vt 8.000000 5.500000 0.000000
vt 7.666676 6.119382 0.000000
vt 7.965926 5.758819 0.000000
vt 7.866025 6.000000 0.000000
vt 8.000000 -5.500000 0.000000
vt 7.666676 -6.141495 0.000000
vt 7.965926 -5.758819 0.000000
vt 7.866025 -6.000000 0.000000
vt 7.707107 -6.207107 0.000000
vt 7.500000 -6.366025 0.000000
vt 7.258819 -6.465926 0.000000
vt 7.000000 -6.500000 0.000000
vt 0.012591 -6.141495 0.000000
vt 0.000000 -6.500000 0.000000
vt -7.000000 -6.500000 0.000000
vt -7.641495 -6.141495 0.000000
vt -7.258819 -6.465926 0.000000
vt -7.500000 -6.366025 0.000000
vt -7.707107 -6.207107 0.000000
vt -7.866025 -6.000000 0.000000
vt -7.965926 -5.758819 0.000000
vt -8.000000 -5.500000 0.000000
vt -7.641495 -0.011056 0.000000
vt -8.000000 5.500000 0.000000
vt -7.641495 6.119382 0.000000
vt -7.965926 5.758819 0.000000
vt -7.866025 6.000000 0.000000
vt -7.707107 6.207107 0.000000
vt -7.500000 6.366025 0.000000
vt -7.258819 6.465926 0.000000
vt -7.000000 6.500000 0.000000
vt 0.012591 6.119382 0.000000
vt 0.000000 6.500000 0.000000
vt 7.000000 6.500000 0.000000
vt 7.258819 6.465926 0.000000
vt 7.500000 6.366025 0.000000
vt 7.707107 6.207107 0.000000
vt -0.000000 0.785398 0.000000
vt -2.800000 0.785398 0.000000
vt -0.000000 0.523599 0.000000
vt -2.800000 0.523599 0.000000
vt -0.000000 0.261799 0.000000
vt -2.800000 0.261799 0.000000
vt -0.000000 0.000000 0.000000
vt -2.800000 0.000000 0.000000
vt -0.000000 -0.261799 0.000000
vt -2.800000 -0.261799 0.000000
vt -0.000000 -0.523599 0.000000
vt -2.800000 -0.523599 0.000000
vt -0.000000 -0.785398 0.000000
vt -2.800000 -0.785398 0.000000
vt -0.144889 -0.038823 0.000000
vt -0.150000 0.000000 0.000000
vt -0.250000 0.000000 0.000000
vt -0.144889 0.038823 0.000000
vt -0.241481 0.064705 0.000000
vt -0.129904 0.075000 0.000000
vt -0.216506 0.125000 0.000000
vt -0.106066 0.106066 0.000000
vt -0.176777 0.176777 0.000000
vt -0.075000 0.129904 0.000000
vt -0.125000 0.216506 0.000000
vt -0.038823 0.144889 0.000000
vt -0.064705 0.241481 0.000000
vt 0.000000 0.150000 0.000000
vt 0.000000 0.250000 0.000000
vt 0.064705 0.241481 0.000000
vt 0.038823 0.144889 0.000000
vt 0.125000 0.216506 0.000000
vt 0.075000 0.129904 0.000000
vt 0.176777 0.176777 0.000000
vt 0.106066 0.106066 0.000000
vt 0.216506 0.125000 0.000000
vt 0.129904 0.075000 0.000000
vt 0.241481 0.064705 0.000000
vt 0.144889 0.038823 0.000000
vt 0.250000 0.000000 0.000000
vt 0.150000 0.000000 0.000000
vt 0.241481 -0.064705 0.000000
vt 0.144889 -0.038823 0.000000
vt 0.129904 -0.075000 0.000000
vt 0.216506 -0.125000 0.000000
vt 0.106066 -0.106066 0.000000
vt 0.176777 -0.176777 0.000000
vt 0.075000 -0.129904 0.000000
vt 0.125000 -0.216506 0.000000
vt 0.038823 -0.144889 0.000000
vt 0.064705 -0.241481 0.000000
vt 0.000000 -0.150000 0.000000
vt 0.000000 -0.250000 0.000000
vt -0.064705 -0.241481 0.000000
vt -0.038823 -0.144889 0.000000
vt -0.125000 -0.216506 0.000000
vt -0.075000 -0.129904 0.000000
vt -0.176777 -0.176777 0.000000
vt -0.106066 -0.106066 0.000000
vt -0.216506 -0.125000 0.000000
vt -0.129904 -0.075000 0.000000
vt -0.241481 -0.064705 0.000000
vt -1.800000 0.719948 0.000000
vt -0.900000 0.719948 0.000000
vt -1.800000 0.785398 0.000000
vt -0.900000 0.785398 0.000000
vt -1.800000 -0.785398 0.000000
vt -0.900000 -0.785398 0.000000
vt -1.800000 -0.719948 0.000000
vt -0.900000 -0.719948 0.000000
vt -1.800000 -0.654498 0.000000
vt -0.900000 -0.654498 0.000000
vt -1.800000 -0.589049 0.000000
vt -0.900000 -0.589049 0.000000
vt -1.800000 -0.523599 0.000000
vt -0.900000 -0.523599 0.000000
vt -1.800000 -0.458149 0.000000
vt -0.900000 -0.458149 0.000000
vt -1.800000 -0.392699 0.000000
vt -0.900000 -0.392699 0.000000
vt -1.800000 -0.327249 0.000000
vt -0.900000 -0.327249 0.000000
vt -1.800000 -0.261799 0.000000
vt -0.900000 -0.261799 0.000000
vt -1.800000 -0.196350 0.000000
vt -0.900000 -0.196350 0.000000
vt -1.800000 -0.130900 0.000000
vt -0.900000 -0.130900 0.000000
vt -1.800000 -0.065450 0.000000
vt -0.900000 -0.065450 0.000000
vt -1.800000 0.000000 0.000000
vt -0.900000 0.000000 0.000000
vt -1.800000 0.065450 0.000000
vt -0.900000 0.065450 0.000000
vt -1.800000 0.130900 0.000000
vt -0.900000 0.130900 0.000000
vt -1.800000 0.196350 0.000000
vt -0.900000 0.196350 0.000000
vt -1.800000 0.261799 0.000000
vt -0.900000 0.261799 0.000000
vt -1.800000 0.327249 0.000000
vt -0.900000 0.327249 0.000000
vt -1.800000 0.392699 0.000000
vt -0.900000 0.392699 0.000000
vt -1.800000 0.458149 0.000000
vt -0.900000 0.458149 0.000000
vt -1.800000 0.523599 0.000000
vt -0.900000 0.523599 0.000000
vt -1.800000 0.589049 0.000000
vt -0.900000 0.589049 0.000000
vt -1.800000 0.654498 0.000000
vt -0.900000 0.654498 0.000000
vt -0.000000 -0.719948 0.000000
vt -0.000000 -0.785398 0.000000
vt -0.000000 0.785398 0.000000
vt -0.000000 0.719948 0.000000
vt -0.000000 0.654498 0.000000
vt -0.000000 0.589049 0.000000
vt -0.000000 0.523599 0.000000
vt -0.000000 0.458149 0.000000
vt -0.000000 0.392699 0.000000
vt -0.000000 0.327249 0.000000
vt -0.000000 0.261799 0.000000
vt -0.000000 0.196350 0.000000
vt -0.000000 0.130900 0.000000
vt -0.000000 0.065450 0.000000
vt -0.000000 0.000000 0.000000
vt -0.000000 -0.065450 0.000000
vt -0.000000 -0.130900 0.000000
vt -0.000000 -0.196350 0.000000
vt -0.000000 -0.261799 0.000000
vt -0.000000 -0.327249 0.000000
vt -0.000000 -0.392699 0.000000
vt -0.000000 -0.458149 0.000000
vt -0.000000 -0.523599 0.000000
vt -0.000000 -0.589049 0.000000
vt -0.000000 -0.654498 0.000000
vt -0.193185 -0.051764 0.000000
vt -0.200000 0.000000 0.000000
vt -0.339309 0.000000 0.000000
vt -0.193185 0.051764 0.000000
vt -0.327747 0.087820 0.000000
vt -0.173205 0.100000 0.000000
vt -0.293850 0.169655 0.000000
vt -0.141421 0.141421 0.000000
vt -0.239928 0.239928 0.000000
vt -0.100000 0.173205 0.000000
vt -0.169655 0.293850 0.000000
vt -0.051764 0.193185 0.000000
vt -0.087820 0.327747 0.000000
vt 0.000000 0.200000 0.000000
vt 0.000000 0.339309 0.000000
vt 0.087820 0.327747 0.000000
vt 0.051764 0.193185 0.000000
vt 0.169655 0.293850 0.000000
vt 0.100000 0.173205 0.000000
vt 0.239928 0.239928 0.000000
vt 0.141421 0.141421 0.000000
vt 0.293850 0.169655 0.000000
vt 0.173205 0.100000 0.000000
vt 0.327747 0.087820 0.000000
vt 0.193185 0.051764 0.000000
vt 0.339309 0.000000 0.000000
vt 0.200000 0.000000 0.000000
vt 0.327747 -0.087820 0.000000
vt 0.193185 -0.051764 0.000000
vt 0.173205 -0.100000 0.000000
vt 0.293850 -0.169655 0.000000
vt 0.141421 -0.141421 0.000000
vt 0.239928 -0.239928 0.000000
vt 0.100000 -0.173205 0.000000
vt 0.169655 -0.293850 0.000000
vt 0.051764 -0.193185 0.000000
vt 0.087820 -0.327747 0.000000
vt 0.000000 -0.200000 0.000000
vt 0.000000 -0.339309 0.000000
vt -0.087820 -0.327747 0.000000
vt -0.051764 -0.193185 0.000000
vt -0.169655 -0.293850 0.000000
vt -0.100000 -0.173205 0.000000
vt -0.239928 -0.239928 0.000000
vt -0.141421 -0.141421 0.000000
vt -0.293850 -0.169655 0.000000
vt -0.173205 -0.100000 0.000000
vt -0.327747 -0.087820 0.000000
vt -1.800000 0.977140 0.000000
vt -0.000000 0.977140 0.000000
vt -1.800000 1.065971 0.000000
vt -0.000000 1.065971 0.000000
vt -1.800000 -1.065971 0.000000
vt -0.000000 -1.065971 0.000000
vt -1.800000 -0.977140 0.000000
vt -0.000000 -0.977140 0.000000
vt -1.800000 -0.888309 0.000000
vt -0.000000 -0.888309 0.000000
vt -1.800000 -0.799478 0.000000
vt -0.000000 -0.799478 0.000000
vt -1.800000 -0.710647 0.000000
vt -0.000000 -0.710647 0.000000
vt -1.800000 -0.621816 0.000000
vt -0.000000 -0.621816 0.000000
vt -1.800000 -0.532985 0.000000
vt -0.000000 -0.532985 0.000000
vt -1.800000 -0.444154 0.000000
vt -0.000000 -0.444154 0.000000
vt -1.800000 -0.355324 0.000000
vt -0.000000 -0.355324 0.000000
vt -1.800000 -0.266493 0.000000
vt -0.000000 -0.266493 0.000000
vt -1.800000 -0.177662 0.000000
vt -0.000000 -0.177662 0.000000
vt -1.800000 -0.088831 0.000000
vt -0.000000 -0.088831 0.000000
vt -1.800000 0.000000 0.000000
vt -0.000000 0.000000 0.000000
vt -1.800000 0.088831 0.000000
vt -0.000000 0.088831 0.000000
vt -1.800000 0.177662 0.000000
vt -0.000000 0.177662 0.000000
vt -1.800000 0.266493 0.000000
vt -0.000000 0.266493 0.000000
vt -1.800000 0.355324 0.000000
vt -0.000000 0.355324 0.000000
vt -1.800000 0.444154 0.000000
vt -0.000000 0.444154 0.000000
vt -1.800000 0.532985 0.000000
vt -0.000000 0.532985 0.000000
vt -1.800000 0.621816 0.000000
vt -0.000000 0.621816 0.000000
vt -1.800000 0.710647 0.000000
vt -0.000000 0.710647 0.000000
vt -1.800000 0.799478 0.000000
vt -0.000000 0.799478 0.000000
vt -1.800000 0.888309 0.000000
vt -0.000000 0.888309 0.000000
vt -0.144889 -0.038823 0.000000
vt -0.150000 0.000000 0.000000
vt -0.250000 0.000000 0.000000
vt -0.144889 0.038823 0.000000
vt -0.241481 0.064705 0.000000
vt -0.129904 0.075000 0.000000
vt -0.216506 0.125000 0.000000
vt -0.106066 0.106066 0.000000
vt -0.176777 0.176777 0.000000
vt -0.075000 0.129904 0.000000
vt -0.125000 0.216506 0.000000
vt -0.038823 0.144889 0.000000
vt -0.064705 0.241481 0.000000
vt 0.000000 0.150000 0.000000
vt 0.000000 0.250000 0.000000
vt 0.064705 0.241481 0.000000
vt 0.038823 0.144889 0.000000
vt 0.125000 0.216506 0.000000
vt 0.075000 0.129904 0.000000
vt 0.176777 0.176777 0.000000
vt 0.106066 0.106066 0.000000
vt 0.216506 0.125000 0.000000
vt 0.129904 0.075000 0.000000
vt 0.241481 0.064705 0.000000
vt 0.144889 0.038823 0.000000
vt 0.250000 0.000000 0.000000
vt 0.150000 0.000000 0.000000
vt 0.241481 -0.064705 0.000000
vt 0.144889 -0.038823 0.000000
vt 0.129904 -0.075000 0.000000
vt 0.216506 -0.125000 0.000000
vt 0.106066 -0.106066 0.000000
vt 0.176777 -0.176777 0.000000
vt 0.075000 -0.129904 0.000000
vt 0.125000 -0.216506 0.000000
vt 0.038823 -0.144889 0.000000
vt 0.064705 -0.241481 0.000000
vt 0.000000 -0.150000 0.000000
vt 0.000000 -0.250000 0.000000
vt -0.064705 -0.241481 0.000000
vt -0.038823 -0.144889 0.000000
vt -0.125000 -0.216506 0.000000
vt -0.075000 -0.129904 0.000000
vt -0.176777 -0.176777 0.000000
vt -0.106066 -0.106066 0.000000
vt -0.216506 -0.125000 0.000000
vt -0.129904 -0.075000 0.000000
vt -0.241481 -0.064705 0.000000
vt -1.800000 0.719948 0.000000
vt -0.900000 0.719948 0.000000
vt -1.800000 0.785398 0.000000
vt -0.900000 0.785398 0.000000
vt -1.800000 -0.785398 0.000000
vt -0.900000 -0.785398 0.000000
vt -1.800000 -0.719948 0.000000
vt -0.900000 -0.719948 0.000000
vt -1.800000 -0.654498 0.000000
vt -0.900000 -0.654498 0.000000
vt -1.800000 -0.589049 0.000000
vt -0.900000 -0.589049 0.000000
vt -1.800000 -0.523599 0.000000
vt -0.900000 -0.523599 0.000000
vt -1.800000 -0.458149 0.000000
vt -0.900000 -0.458149 0.000000
vt -1.800000 -0.392699 0.000000
vt -0.900000 -0.392699 0.000000
vt -1.800000 -0.327249 0.000000
vt -0.900000 -0.327249 0.000000
vt -1.800000 -0.261799 0.000000
vt -0.900000 -0.261799 0.000000
vt -1.800000 -0.196350 0.000000
vt -0.900000 -0.196350 0.000000
vt -1.800000 -0.130900 0.000000
vt -0.900000 -0.130900 0.000000
vt -1.800000 -0.065450 0.000000
vt -0.900000 -0.065450 0.000000
vt -1.800000 0.000000 0.000000
vt -0.900000 0.000000 0.000000
vt -1.800000 0.065450 0.000000
vt -0.900000 0.065450 0.000000
vt -1.800000 0.130900 0.000000
vt -0.900000 0.130900 0.000000
vt -1.800000 0.196350 0.000000
vt -0.900000 0.196350 0.000000
vt -1.800000 0.261799 0.000000
vt -0.900000 0.261799 0.000000
vt -1.800000 0.327249 0.000000
vt -0.900000 0.327249 0.000000
vt -1.800000 0.392699 0.000000
vt -0.900000 0.392699 0.000000
vt -1.800000 0.458149 0.000000
vt -0.900000 0.458149 0.000000
vt -1.800000 0.523599 0.000000
vt -0.900000 0.523599 0.000000
vt -1.800000 0.589049 0.000000
vt -0.900000 0.589049 0.000000
vt -1.800000 0.654498 0.000000
vt -0.900000 0.654498 0.000000
vt -0.000000 -0.719948 0.000000
vt -0.000000 -0.785398 0.000000
vt -0.000000 0.785398 0.000000
vt -0.000000 0.719948 0.000000
vt -0.000000 0.654498 0.000000
vt -0.000000 0.589049 0.000000
vt -0.000000 0.523599 0.000000
vt -0.000000 0.458149 0.000000
vt -0.000000 0.392699 0.000000
vt -0.000000 0.327249 0.000000
vt -0.000000 0.261799 0.000000
vt -0.000000 0.196350 0.000000
vt -0.000000 0.130900 0.000000
vt -0.000000 0.065450 0.000000
vt -0.000000 0.000000 0.000000
vt -0.000000 -0.065450 0.000000
vt -0.000000 -0.130900 0.000000
vt -0.000000 -0.196350 0.000000
vt -0.000000 -0.261799 0.000000
vt -0.000000 -0.327249 0.000000
vt -0.000000 -0.392699 0.000000
vt -0.000000 -0.458149 0.000000
vt -0.000000 -0.523599 0.000000
vt -0.000000 -0.589049 0.000000
vt -0.000000 -0.654498 0.000000
vt -0.144889 -0.038823 0.000000
vt -0.150000 0.000000 0.000000
vt -0.250000 0.000000 0.000000
vt -0.144889 0.038823 0.000000
vt -0.241481 0.064705 0.000000
vt -0.129904 0.075000 0.000000
vt -0.216506 0.125000 0.000000
vt -0.106066 0.106066 0.000000
vt -0.176777 0.176777 0.000000
vt -0.075000 0.129904 0.000000
vt -0.125000 0.216506 0.000000
vt -0.038823 0.144889 0.000000
vt -0.064705 0.241481 0.000000
vt 0.000000 0.150000 0.000000
vt 0.000000 0.250000 0.000000
vt 0.064705 0.241481 0.000000
vt 0.038823 0.144889 0.000000
vt 0.125000 0.216506 0.000000
vt 0.075000 0.129904 0.000000
vt 0.176777 0.176777 0.000000
vt 0.106066 0.106066 0.000000
vt 0.216506 0.125000 0.000000
vt 0.129904 0.075000 0.000000
vt 0.241481 0.064705 0.000000
vt 0.144889 0.038823 0.000000
vt 0.250000 0.000000 0.000000
vt 0.150000 0.000000 0.000000
vt 0.241481 -0.064705 0.000000
vt 0.144889 -0.038823 0.000000
vt 0.129904 -0.075000 0.000000
vt 0.216506 -0.125000 0.000000
vt 0.106066 -0.106066 0.000000
vt 0.176777 -0.176777 0.000000
vt 0.075000 -0.129904 0.000000
vt 0.125000 -0.216506 0.000000
vt 0.038823 -0.144889 0.000000
vt 0.064705 -0.241481 0.000000
vt 0.000000 -0.150000 0.000000
vt 0.000000 -0.250000 0.000000
vt -0.064705 -0.241481 0.000000
vt -0.038823 -0.144889 0.000000
vt -0.125000 -0.216506 0.000000
vt -0.075000 -0.129904 0.000000
vt -0.176777 -0.176777 0.000000
vt -0.106066 -0.106066 0.000000
vt -0.216506 -0.125000 0.000000
vt -0.129904 -0.075000 0.000000
vt -0.241481 -0.064705 0.000000
vt -1.800000 0.719948 0.000000
vt -0.900000 0.719948 0.000000
vt -1.800000 0.785398 0.000000
vt -0.900000 0.785398 0.000000
vt -1.800000 -0.785398 0.000000
vt -0.900000 -0.785398 0.000000
vt -1.800000 -0.719948 0.000000
vt -0.900000 -0.719948 0.000000
vt -1.800000 -0.654498 0.000000
vt -0.900000 -0.654498 0.000000
vt -1.800000 -0.589049 0.000000
vt -0.900000 -0.589049 0.000000
vt -1.800000 -0.523599 0.000000
vt -0.900000 -0.523599 0.000000
vt -1.800000 -0.458149 0.000000
vt -0.900000 -0.458149 0.000000
vt -1.800000 -0.392699 0.000000
vt -0.900000 -0.392699 0.000000
vt -1.800000 -0.327249 0.000000
vt -0.900000 -0.327249 0.000000
vt -1.800000 -0.261799 0.000000
vt -0.900000 -0.261799 0.000000
vt -1.800000 -0.196350 0.000000
vt -0.900000 -0.196350 0.000000
vt -1.800000 -0.130900 0.000000
vt -0.900000 -0.130900 0.000000
vt -1.800000 -0.065450 0.000000
vt -0.900000 -0.065450 0.000000
vt -1.800000 0.000000 0.000000
vt -0.900000 0.000000 0.000000
vt -1.800000 0.065450 0.000000
vt -0.900000 0.065450 0.000000
vt -1.800000 0.130900 0.000000
vt -0.900000 0.130900 0.000000
vt -1.800000 0.196350 0.000000
vt -0.900000 0.196350 0.000000
vt -1.800000 0.261799 0.000000
vt -0.900000 0.261799 0.000000
vt -1.800000 0.327249 0.000000
vt -0.900000 0.327249 0.000000
vt -1.800000 0.392699 0.000000
vt -0.900000 0.392699 0.000000
vt -1.800000 0.458149 0.000000
vt -0.900000 0.458149 0.000000
vt -1.800000 0.523599 0.000000
vt -0.900000 0.523599 0.000000
vt -1.800000 0.589049 0.000000
vt -0.900000 0.589049 0.000000
vt -1.800000 0.654498 0.000000
vt -0.900000 0.654498 0.000000
vt -0.000000 -0.719948 0.000000
vt -0.000000 -0.785398 0.000000
vt -0.000000 0.785398 0.000000
vt -0.000000 0.719948 0.000000
vt -0.000000 0.654498 0.000000
vt -0.000000 0.589049 0.000000
vt -0.000000 0.523599 0.000000
vt -0.000000 0.458149 0.000000
vt -0.000000 0.392699 0.000000
vt -0.000000 0.327249 0.000000
vt -0.000000 0.261799 0.000000
vt -0.000000 0.196350 0.000000
vt -0.000000 0.130900 0.000000
vt -0.000000 0.065450 0.000000
vt -0.000000 0.000000 0.000000
vt -0.000000 -0.065450 0.000000
vt -0.000000 -0.130900 0.000000
vt -0.000000 -0.196350 0.000000
vt -0.000000 -0.261799 0.000000
vt -0.000000 -0.327249 0.000000
vt -0.000000 -0.392699 0.000000
vt -0.000000 -0.458149 0.000000
vt -0.000000 -0.523599 0.000000
vt -0.000000 -0.589049 0.000000
vt -0.000000 -0.654498 0.000000
vt -0.193185 -0.051764 0.000000
vt -0.200000 0.000000 0.000000
vt -0.347943 0.000000 0.000000
vt -0.193185 0.051764 0.000000
vt -0.336087 0.090054 0.000000
vt -0.173205 0.100000 0.000000
vt -0.301328 0.173972 0.000000
vt -0.141421 0.141421 0.000000
vt -0.246033 0.246033 0.000000
vt -0.100000 0.173205 0.000000
vt -0.173972 0.301328 0.000000
vt -0.051764 0.193185 0.000000
vt -0.090054 0.336087 0.000000
vt 0.000000 0.200000 0.000000
vt 0.000000 0.347943 0.000000
vt 0.090054 0.336087 0.000000
vt 0.051764 0.193185 0.000000
vt 0.173972 0.301328 0.000000
vt 0.100000 0.173205 0.000000
vt 0.246033 0.246033 0.000000
vt 0.141421 0.141421 0.000000
vt 0.301328 0.173972 0.000000
vt 0.173205 0.100000 0.000000
vt 0.336087 0.090054 0.000000
vt 0.193185 0.051764 0.000000
vt 0.347943 0.000000 0.000000
vt 0.200000 0.000000 0.000000
vt 0.336087 -0.090054 0.000000
vt 0.193185 -0.051764 0.000000
vt 0.173205 -0.100000 0.000000
vt 0.301328 -0.173972 0.000000
vt 0.141421 -0.141421 0.000000
vt 0.246033 -0.246033 0.000000
vt 0.100000 -0.173205 0.000000
vt 0.173972 -0.301328 0.000000
vt 0.051764 -0.193185 0.000000
vt 0.090054 -0.336087 0.000000
vt 0.000000 -0.200000 0.000000
vt 0.000000 -0.347943 0.000000
vt -0.090054 -0.336087 0.000000
vt -0.051764 -0.193185 0.000000
vt -0.173972 -0.301328 0.000000
vt -0.100000 -0.173205 0.000000
vt -0.246033 -0.246033 0.000000
vt -0.141421 -0.141421 0.000000
vt -0.301328 -0.173972 0.000000
vt -0.173205 -0.100000 0.000000
vt -0.336087 -0.090054 0.000000
vt -1.800000 1.002004 0.000000
vt -0.000000 1.002004 0.000000
vt -1.800000 1.093096 0.000000
vt -0.000000 1.093096 0.000000
vt -1.800000 -1.093096 0.000000
vt -0.000000 -1.093096 0.000000
vt -1.800000 -1.002004 0.000000
vt -0.000000 -1.002004 0.000000
vt -1.800000 -0.910913 0.000000
vt -0.000000 -0.910913 0.000000
vt -1.800000 -0.819822 0.000000
vt -0.000000 -0.819822 0.000000
vt -1.800000 -0.728731 0.000000
vt -0.000000 -0.728731 0.000000
vt -1.800000 -0.637639 0.000000
vt -0.000000 -0.637639 0.000000
vt -1.800000 -0.546548 0.000000
vt -0.000000 -0.546548 0.000000
vt -1.800000 -0.455457 0.000000
vt -0.000000 -0.455457 0.000000
vt -1.800000 -0.364365 0.000000
vt -0.000000 -0.364365 0.000000
vt -1.800000 -0.273274 0.000000
vt -0.000000 -0.273274 0.000000
vt -1.800000 -0.182183 0.000000
vt -0.000000 -0.182183 0.000000
vt -1.800000 -0.091091 0.000000
vt -0.000000 -0.091091 0.000000
vt -1.800000 0.000000 0.000000
vt -0.000000 0.000000 0.000000
vt -1.800000 0.091091 0.000000
vt -0.000000 0.091091 0.000000
vt -1.800000 0.182183 0.000000
vt -0.000000 0.182183 0.000000
vt -1.800000 0.273274 0.000000
vt -0.000000 0.273274 0.000000
vt -1.800000 0.364365 0.000000
vt -0.000000 0.364365 0.000000
vt -1.800000 0.455457 0.000000
vt -0.000000 0.455457 0.000000
vt -1.800000 0.546548 0.000000
vt -0.000000 0.546548 0.000000
vt -1.800000 0.637639 0.000000
vt -0.000000 0.637639 0.000000
vt -1.800000 0.728731 0.000000
vt -0.000000 0.728731 0.000000
vt -1.800000 0.819822 0.000000
vt -0.000000 0.819822 0.000000
vt -1.800000 0.910913 0.000000
vt -0.000000 0.910913 0.000000
vt 0.877807 -5.190964 0.000000
vt 4.041676 -5.441495 0.000000
vt 0.882578 -5.154729 0.000000
vt 4.045935 -5.409142 0.000000
vt 0.877807 -5.118495 0.000000
vt 4.058423 -5.378995 0.000000
vt 0.863821 -5.084729 0.000000
vt 4.058423 -0.603995 0.000000
vt 1.840648 0.057178 0.000000
vt 1.912709 0.112472 0.000000
vt 4.045935 -0.573847 0.000000
vt 1.968004 0.184534 0.000000
vt 4.041676 -0.541495 0.000000
vt 2.002763 0.268451 0.000000
vt 3.925195 0.393800 0.000000
vt 2.014619 0.358505 0.000000
vt 3.916676 0.458505 0.000000
vt 2.002763 0.448560 0.000000
vt 3.925195 0.523210 0.000000
vt 1.968004 0.532477 0.000000
vt 3.950170 0.583505 0.000000
vt 3.541676 3.941999 0.000000
vt 3.989899 0.635282 0.000000
vt 3.601971 3.917024 0.000000
vt 3.666676 3.908505 0.000000
vt 4.041676 0.675012 0.000000
vt 3.731381 3.917024 0.000000
vt 4.101971 0.699987 0.000000
vt 3.791676 3.941999 0.000000
vt 4.166676 0.708505 0.000000
vt 3.843453 3.981728 0.000000
vt 4.231381 0.699987 0.000000
vt 4.291676 0.675012 0.000000
vt 4.045935 -5.473847 0.000000
vt 0.863821 -5.224729 0.000000
vt 4.058423 -5.503995 0.000000
vt 0.841573 -5.253724 0.000000
vt 4.078288 -5.529883 0.000000
vt 0.012591 -6.141495 0.000000
vt 4.104176 -5.549748 0.000000
vt 4.134324 -5.562236 0.000000
vt 4.166676 -5.566495 0.000000
vt 7.666676 -6.141495 0.000000
vt 4.199029 -5.562236 0.000000
vt 4.229176 -5.549748 0.000000
vt 4.255064 -5.529883 0.000000
vt 4.274929 -5.503995 0.000000
vt 4.287417 -5.473847 0.000000
vt 4.291676 -5.441495 0.000000
vt 4.287417 -5.409142 0.000000
vt 4.274929 -5.378995 0.000000
vt 6.601971 0.217024 0.000000
vt 6.541676 0.241999 0.000000
vt 0.812578 -5.275973 0.000000
vt 0.778812 -5.289959 0.000000
vt 0.742578 -5.294729 0.000000
vt 0.706343 -5.289959 0.000000
vt 0.672578 -5.275973 0.000000
vt 0.643583 -5.253724 0.000000
vt 0.012591 -5.566495 0.000000
vt 0.621334 -5.224729 0.000000
vt 0.607348 -5.190964 0.000000
vt 0.012591 -5.301417 0.000000
vt 0.602578 -5.154729 0.000000
vt 0.012591 -4.972073 0.000000
vt 0.607348 -5.118495 0.000000
vt 0.621334 -5.084729 0.000000
vt 0.643583 -5.055734 0.000000
vt 0.672578 -5.033486 0.000000
vt 0.706343 -5.019500 0.000000
vt 0.012591 -1.428410 0.000000
vt 0.742578 -5.014729 0.000000
vt 0.778812 -5.019500 0.000000
vt 0.812578 -5.033486 0.000000
vt 0.716978 -0.906140 0.000000
vt 0.686010 -0.918967 0.000000
vt 0.652778 -0.923342 0.000000
vt 0.619545 -0.918967 0.000000
vt 0.743570 -0.885735 0.000000
vt 0.841573 -5.055734 0.000000
vt 0.763975 -0.859142 0.000000
vt 1.756730 0.022418 0.000000
vt 0.776803 -0.828174 0.000000
vt 1.576622 0.022418 0.000000
vt 0.781178 -0.794942 0.000000
vt 1.492705 0.057178 0.000000
vt 0.776803 -0.761710 0.000000
vt 1.420643 0.112472 0.000000
vt 1.365348 0.184534 0.000000
vt 1.666676 0.010562 0.000000
vt 0.588578 -0.906140 0.000000
vt 0.561985 -0.885735 0.000000
vt 0.541580 -0.859142 0.000000
vt 0.528753 -0.828174 0.000000
vt 0.012591 -0.666529 0.000000
vt -1.512583 -0.573847 0.000000
vt -1.508324 -0.541495 0.000000
vt 0.012591 -0.666495 0.000000
vt -1.512583 -0.509142 0.000000
vt -1.525071 -0.478995 0.000000
vt 0.012591 1.575449 0.000000
vt -1.544936 -0.453106 0.000000
vt -0.263228 2.244382 0.000000
vt -1.570824 -0.433242 0.000000
vt -0.278213 2.280559 0.000000
vt -1.600971 -0.420754 0.000000
vt -2.688435 2.280559 0.000000
vt -1.633324 -0.416495 0.000000
vt -1.665676 -0.420754 0.000000
vt -2.703420 2.244382 0.000000
vt -1.695824 -0.433242 0.000000
vt -2.727258 2.213316 0.000000
vt -1.721712 -0.453106 0.000000
vt -2.758324 2.189478 0.000000
vt -1.741577 -0.478995 0.000000
vt -2.794501 2.174493 0.000000
vt -1.754065 -0.509142 0.000000
vt -2.833324 2.169382 0.000000
vt -2.872147 2.174493 0.000000
vt 0.524378 -0.794942 0.000000
vt 0.528753 -0.761710 0.000000
vt 0.541580 -0.730742 0.000000
vt 0.561985 -0.704150 0.000000
vt 0.588578 -0.683744 0.000000
vt 0.619545 -0.670917 0.000000
vt 1.318733 0.358505 0.000000
vt 1.330589 0.448560 0.000000
vt 0.652778 -0.666542 0.000000
vt 0.686010 -0.670917 0.000000
vt 1.330589 0.268451 0.000000
vt 0.716978 -0.683744 0.000000
vt 0.743570 -0.704150 0.000000
vt 0.763975 -0.730742 0.000000
vt 4.078288 -0.629883 0.000000
vt 4.078288 -5.353106 0.000000
vt 4.104176 -0.649748 0.000000
vt 4.104176 -5.333242 0.000000
vt 4.134324 -0.662236 0.000000
vt 4.134324 -5.320754 0.000000
vt 4.166676 -0.666495 0.000000
vt 4.166676 -5.316495 0.000000
vt 4.199029 -5.320754 0.000000
vt 4.229176 -5.333242 0.000000
vt 4.229176 -0.649748 0.000000
vt 4.199029 -0.662236 0.000000
vt 4.255064 -0.629883 0.000000
vt 4.255064 -5.353106 0.000000
vt 4.274929 -0.603995 0.000000
vt -3.836731 -4.667377 0.000000
vt -1.754065 -5.409142 0.000000
vt -3.833324 -4.641495 0.000000
vt -1.741577 -5.378995 0.000000
vt -3.836731 -4.615613 0.000000
vt -1.721712 -5.353106 0.000000
vt -3.846721 -4.591495 0.000000
vt -1.721712 -0.629883 0.000000
vt -1.741577 -0.603995 0.000000
vt -3.846721 -4.691495 0.000000
vt -3.846721 -5.591495 0.000000
vt -3.836731 -5.615613 0.000000
vt -1.758324 -5.441495 0.000000
vt -3.833324 -5.641495 0.000000
vt -1.754065 -5.473847 0.000000
vt -3.836731 -5.667377 0.000000
vt -1.741577 -5.503995 0.000000
vt -3.846721 -5.691495 0.000000
vt -1.721712 -5.529883 0.000000
vt -3.862613 -5.712206 0.000000
vt -1.695824 -5.549748 0.000000
vt -3.883324 -5.728097 0.000000
vt -1.665676 -5.562236 0.000000
vt -3.907442 -5.738087 0.000000
vt -3.933324 -5.741495 0.000000
vt -7.641495 -6.141495 0.000000
vt -3.959206 -5.738087 0.000000
vt -3.983324 -5.728097 0.000000
vt -3.862613 -5.570784 0.000000
vt -3.862613 -4.712206 0.000000
vt -3.883324 -4.728097 0.000000
vt -3.883324 -5.554892 0.000000
vt -3.907442 -4.738087 0.000000
vt -3.907442 -5.544902 0.000000
vt -3.933324 -4.741495 0.000000
vt -3.933324 -5.541495 0.000000
vt -3.959206 -5.544902 0.000000
vt -3.959206 -4.738087 0.000000
vt -3.983324 -4.728097 0.000000
vt -3.983324 -5.554892 0.000000
vt -4.004035 -4.712206 0.000000
vt -4.004035 -5.570784 0.000000
vt -4.019926 -4.691495 0.000000
vt -4.019926 -5.591495 0.000000
vt -4.029916 -4.667377 0.000000
vt -4.029916 -5.615613 0.000000
vt -4.033324 -4.641495 0.000000
vt -4.033324 -5.641495 0.000000
vt -4.029916 -5.667377 0.000000
vt -4.019926 -5.691495 0.000000
vt -4.004035 -5.712206 0.000000
vt -4.029916 -4.615613 0.000000
vt -7.641495 -0.011056 0.000000
vt -4.019926 -4.591495 0.000000
vt -4.004035 -4.570784 0.000000
vt -3.983324 -4.554892 0.000000
vt -2.963228 2.244382 0.000000
vt -2.978213 2.280559 0.000000
vt -3.959206 -4.544902 0.000000
vt -2.939390 2.213316 0.000000
vt -3.933324 -4.541495 0.000000
vt -1.758324 -0.541495 0.000000
vt -1.754065 -0.573847 0.000000
vt -3.907442 -4.544902 0.000000
vt -3.883324 -4.554892 0.000000
vt -3.862613 -4.570784 0.000000
vt 0.011565 5.280559 0.000000
vt 0.012591 4.836245 0.000000
vt 0.016676 5.319382 0.000000
vt 1.372826 4.028160 0.000000
vt 1.426748 4.098433 0.000000
vt -0.003420 5.244382 0.000000
vt -0.027258 5.213316 0.000000
vt -0.058324 5.189478 0.000000
vt -0.094501 5.174493 0.000000
vt -0.133324 5.169382 0.000000
vt -0.172147 5.174493 0.000000
vt -0.208324 5.189478 0.000000
vt -0.239390 5.213316 0.000000
vt -0.239390 2.425448 0.000000
vt -0.263228 2.394382 0.000000
vt -0.263228 5.244382 0.000000
vt -2.703420 5.244382 0.000000
vt -2.688435 5.280559 0.000000
vt -0.278213 5.280559 0.000000
vt -2.683324 5.319382 0.000000
vt -0.283324 5.319382 0.000000
vt -2.688435 5.358205 0.000000
vt -0.278213 5.358205 0.000000
vt -2.703420 5.394382 0.000000
vt -0.263228 5.394382 0.000000
vt 0.012591 6.119382 0.000000
vt -0.239390 5.425448 0.000000
vt -0.208324 5.449286 0.000000
vt -0.172147 5.464271 0.000000
vt -0.133324 5.469382 0.000000
vt -0.094501 5.464271 0.000000
vt -0.058324 5.449286 0.000000
vt -0.027258 5.425448 0.000000
vt -0.003420 5.394382 0.000000
vt 0.011565 5.358205 0.000000
vt 1.497022 4.152355 0.000000
vt 1.578856 4.186253 0.000000
vt 0.011565 2.280559 0.000000
vt 1.420643 0.604538 0.000000
vt 0.016676 2.319382 0.000000
vt 1.492705 0.659833 0.000000
vt 1.497022 3.564655 0.000000
vt 1.576622 0.694592 0.000000
vt 1.578856 3.530758 0.000000
vt 1.666676 0.706448 0.000000
vt 1.666676 3.519196 0.000000
vt 1.754496 3.530758 0.000000
vt 1.756730 0.694592 0.000000
vt 1.836331 3.564655 0.000000
vt 1.840648 0.659833 0.000000
vt 1.906604 3.618577 0.000000
vt 1.912709 0.604538 0.000000
vt 1.960526 3.688851 0.000000
vt 3.489899 3.981728 0.000000
vt -0.003420 2.244382 0.000000
vt -0.027258 2.213316 0.000000
vt -0.058324 2.189478 0.000000
vt -0.094501 2.174493 0.000000
vt -0.133324 2.169382 0.000000
vt -0.172147 2.174493 0.000000
vt -0.208324 2.189478 0.000000
vt -0.239390 2.213316 0.000000
vt -2.683324 2.319382 0.000000
vt -0.283324 2.319382 0.000000
vt -2.688435 2.358205 0.000000
vt -0.278213 2.358205 0.000000
vt -2.703420 2.394382 0.000000
vt -0.208324 2.449286 0.000000
vt -0.172147 2.464271 0.000000
vt 0.012591 2.554484 0.000000
vt -0.133324 2.469382 0.000000
vt -0.094501 2.464271 0.000000
vt -0.058324 2.449286 0.000000
vt -0.027258 2.425448 0.000000
vt -0.003420 2.394382 0.000000
vt 0.011565 2.358205 0.000000
vt 1.426748 3.618577 0.000000
vt 4.287417 -0.573847 0.000000
vt 6.450170 0.333505 0.000000
vt 4.291676 -0.541495 0.000000
vt 6.425195 0.393800 0.000000
vt 4.408158 0.393800 0.000000
vt 4.416676 0.458505 0.000000
vt 6.416676 0.458505 0.000000
vt 4.408158 0.523210 0.000000
vt 6.425195 0.523210 0.000000
vt 4.383182 0.583505 0.000000
vt 6.450170 0.583505 0.000000
vt 4.343453 0.635282 0.000000
vt 6.489899 0.635282 0.000000
vt 3.908158 4.093800 0.000000
vt 6.925195 4.093800 0.000000
vt 3.916676 4.158505 0.000000
vt 6.916676 4.158505 0.000000
vt 3.908158 4.223210 0.000000
vt 6.925195 4.223210 0.000000
vt 3.883182 4.283505 0.000000
vt 6.950170 4.283505 0.000000
vt 7.666676 6.119382 0.000000
vt 6.989899 4.335282 0.000000
vt 7.041676 4.375012 0.000000
vt 6.489899 0.281728 0.000000
vt 4.045935 -0.509142 0.000000
vt 3.950170 0.333505 0.000000
vt 3.989899 0.281728 0.000000
vt 4.058423 -0.478995 0.000000
vt 4.078288 -0.453106 0.000000
vt 4.041676 0.241999 0.000000
vt 4.104176 -0.433242 0.000000
vt 4.101971 0.217024 0.000000
vt 4.134324 -0.420754 0.000000
vt 4.166676 0.208505 0.000000
vt 4.166676 -0.416495 0.000000
vt 4.199029 -0.420754 0.000000
vt 4.231381 0.217024 0.000000
vt 4.229176 -0.433242 0.000000
vt 4.291676 0.241999 0.000000
vt 4.255064 -0.453106 0.000000
vt 4.343453 0.281728 0.000000
vt 4.274929 -0.478995 0.000000
vt 4.287417 -0.509142 0.000000
vt 4.383182 0.333505 0.000000
vt -1.525071 -0.603995 0.000000
vt -1.544936 -0.629883 0.000000
vt -1.570824 -0.649748 0.000000
vt -1.600971 -0.662236 0.000000
vt -1.600971 -5.320754 0.000000
vt -1.570824 -5.333242 0.000000
vt -1.633324 -5.316495 0.000000
vt -1.633324 -0.666495 0.000000
vt -1.665676 -0.662236 0.000000
vt -1.665676 -5.320754 0.000000
vt -1.695824 -0.649748 0.000000
vt -1.695824 -5.333242 0.000000
vt -2.908324 2.189478 0.000000
vt -2.727258 5.213316 0.000000
vt -2.727258 2.425448 0.000000
vt -2.758324 5.189478 0.000000
vt -2.758324 2.449286 0.000000
vt -2.794501 5.174493 0.000000
vt -2.794501 2.464271 0.000000
vt -2.833324 5.169382 0.000000
vt -2.833324 2.469382 0.000000
vt -2.872147 2.464271 0.000000
vt -2.872147 5.174493 0.000000
vt -2.908324 2.449286 0.000000
vt -2.908324 5.189478 0.000000
vt -2.939390 5.213316 0.000000
vt -2.939390 2.425448 0.000000
vt -2.963228 5.244382 0.000000
vt -2.963228 2.394382 0.000000
vt -2.978213 5.280559 0.000000
vt -2.978213 2.358205 0.000000
vt -7.641495 6.119382 0.000000
vt -2.983324 2.319382 0.000000
vt -2.983324 5.319382 0.000000
vt -2.978213 5.358205 0.000000
vt -2.963228 5.394382 0.000000
vt -2.939390 5.425448 0.000000
vt -2.908324 5.449286 0.000000
vt -2.872147 5.464271 0.000000
vt -2.833324 5.469382 0.000000
vt -2.794501 5.464271 0.000000
vt -2.758324 5.449286 0.000000
vt -2.727258 5.425448 0.000000
vt -1.512583 -5.473847 0.000000
vt -1.508324 -5.441495 0.000000
vt -1.512583 -5.409142 0.000000
vt -1.525071 -5.378995 0.000000
vt -1.544936 -5.353106 0.000000
vt -1.525071 -5.503995 0.000000
vt -1.544936 -5.529883 0.000000
vt -1.570824 -5.549748 0.000000
vt -1.600971 -5.562236 0.000000
vt -1.633324 -5.566495 0.000000
vt 1.365348 0.532477 0.000000
vt 7.408158 4.093800 0.000000
vt 7.666676 -0.011056 0.000000
vt 7.416676 4.158505 0.000000
vt 7.408158 4.223210 0.000000
vt 7.383182 4.283505 0.000000
vt 7.343453 4.335282 0.000000
vt 7.291676 4.375012 0.000000
vt 7.231381 4.399987 0.000000
vt 7.166676 4.408505 0.000000
vt 7.101971 4.399987 0.000000
vt 7.383182 4.033505 0.000000
vt 7.343453 3.981728 0.000000
vt 7.291676 3.941999 0.000000
vt 7.231381 3.917024 0.000000
vt 6.843453 0.635282 0.000000
vt 6.883182 0.583505 0.000000
vt 6.908158 0.523210 0.000000
vt 6.916676 0.458505 0.000000
vt 7.166676 3.908505 0.000000
vt 6.791676 0.675012 0.000000
vt 7.101971 3.917024 0.000000
vt 6.731381 0.699987 0.000000
vt 7.041676 3.941999 0.000000
vt 6.666676 0.708505 0.000000
vt 6.989899 3.981728 0.000000
vt 6.601971 0.699987 0.000000
vt 6.541676 0.675012 0.000000
vt 6.950170 4.033505 0.000000
vt 3.883182 4.033505 0.000000
vt 3.450170 4.033505 0.000000
vt 1.994423 3.770686 0.000000
vt 3.425195 4.093800 0.000000
vt 2.005985 3.858505 0.000000
vt 3.416676 4.158505 0.000000
vt 1.994423 3.946325 0.000000
vt 3.425195 4.223210 0.000000
vt 1.960526 4.028160 0.000000
vt 3.450170 4.283505 0.000000
vt 1.906604 4.098433 0.000000
vt 3.489899 4.335282 0.000000
vt 1.836331 4.152355 0.000000
vt 3.541676 4.375012 0.000000
vt 1.754496 4.186253 0.000000
vt 1.666676 4.197814 0.000000
vt 3.601971 4.399987 0.000000
vt 3.666676 4.408505 0.000000
vt 3.731381 4.399987 0.000000
vt 3.791676 4.375012 0.000000
vt 3.843453 4.335282 0.000000
vt 6.731381 0.217024 0.000000
vt 6.666676 0.208505 0.000000
vt 1.372826 3.688851 0.000000
vt 1.338929 3.770686 0.000000
vt 1.327367 3.858505 0.000000
vt 1.338929 3.946325 0.000000
vt 6.908158 0.393800 0.000000
vt 6.883182 0.333505 0.000000
vt 6.843453 0.281728 0.000000
vt 6.791676 0.241999 0.000000
vt -0.144889 -0.038823 0.000000
vt -0.150000 0.000000 0.000000
vt -0.250000 0.000000 0.000000
vt -0.144889 0.038823 0.000000
vt -0.241481 0.064705 0.000000
vt -0.129904 0.075000 0.000000
vt -0.216506 0.125000 0.000000
vt -0.106066 0.106066 0.000000
vt -0.176777 0.176777 0.000000
vt -0.075000 0.129904 0.000000
vt -0.125000 0.216506 0.000000
vt -0.038823 0.144889 0.000000
vt -0.064705 0.241481 0.000000
vt 0.000000 0.150000 0.000000
vt 0.000000 0.250000 0.000000
vt 0.064705 0.241481 0.000000
vt 0.038823 0.144889 0.000000
vt 0.125000 0.216506 0.000000
vt 0.075000 0.129904 0.000000
vt 0.176777 0.176777 0.000000
vt 0.106066 0.106066 0.000000
vt 0.216506 0.125000 0.000000
vt 0.129904 0.075000 0.000000
vt 0.241481 0.064705 0.000000
vt 0.144889 0.038823 0.000000
vt 0.250000 0.000000 0.000000
vt 0.150000 0.000000 0.000000
vt 0.241481 -0.064705 0.000000
vt 0.144889 -0.038823 0.000000
vt 0.129904 -0.075000 0.000000
vt 0.216506 -0.125000 0.000000
vt 0.106066 -0.106066 0.000000
vt 0.176777 -0.176777 0.000000
vt 0.075000 -0.129904 0.000000
vt 0.125000 -0.216506 0.000000
vt 0.038823 -0.144889 0.000000
vt 0.064705 -0.241481 0.000000
vt 0.000000 -0.150000 0.000000
vt 0.000000 -0.250000 0.000000
vt -0.064705 -0.241481 0.000000
vt -0.038823 -0.144889 0.000000
vt -0.125000 -0.216506 0.000000
vt -0.075000 -0.129904 0.000000
vt -0.176777 -0.176777 0.000000
vt -0.106066 -0.106066 0.000000
vt -0.216506 -0.125000 0.000000
vt -0.129904 -0.075000 0.000000
vt -0.241481 -0.064705 0.000000
vt -1.800000 0.719948 0.000000
vt -0.900000 0.719948 0.000000
vt -1.800000 0.785398 0.000000
vt -0.900000 0.785398 0.000000
vt -1.800000 -0.785398 0.000000
vt -0.900000 -0.785398 0.000000
vt -1.800000 -0.719948 0.000000
vt -0.900000 -0.719948 0.000000
vt -1.800000 -0.654498 0.000000
vt -0.900000 -0.654498 0.000000
vt -1.800000 -0.589049 0.000000
vt -0.900000 -0.589049 0.000000
vt -1.800000 -0.523599 0.000000
vt -0.900000 -0.523599 0.000000
vt -1.800000 -0.458149 0.000000
vt -0.900000 -0.458149 0.000000
vt -1.800000 -0.392699 0.000000
vt -0.900000 -0.392699 0.000000
vt -1.800000 -0.327249 0.000000
vt -0.900000 -0.327249 0.000000
vt -1.800000 -0.261799 0.000000
vt -0.900000 -0.261799 0.000000
vt -1.800000 -0.196350 0.000000
vt -0.900000 -0.196350 0.000000
vt -1.800000 -0.130900 0.000000
vt -0.900000 -0.130900 0.000000
vt -1.800000 -0.065450 0.000000
vt -0.900000 -0.065450 0.000000
vt -1.800000 0.000000 0.000000
vt -0.900000 0.000000 0.000000
vt -1.800000 0.065450 0.000000
vt -0.900000 0.065450 0.000000
vt -1.800000 0.130900 0.000000
vt -0.900000 0.130900 0.000000
vt -1.800000 0.196350 0.000000
vt -0.900000 0.196350 0.000000
vt -1.800000 0.261799 0.000000
vt -0.900000 0.261799 0.000000
vt -1.800000 0.327249 0.000000
vt -0.900000 0.327249 0.000000
vt -1.800000 0.392699 0.000000
vt -0.900000 0.392699 0.000000
vt -1.800000 0.458149 0.000000
vt -0.900000 0.458149 0.000000
vt -1.800000 0.523599 0.000000
vt -0.900000 0.523599 0.000000
vt -1.800000 0.589049 0.000000
vt -0.900000 0.589049 0.000000
vt -1.800000 0.654498 0.000000
vt -0.900000 0.654498 0.000000
vt -0.000000 -0.719948 0.000000
vt -0.000000 -0.785398 0.000000
vt -0.000000 0.785398 0.000000
vt -0.000000 0.719948 0.000000
vt -0.000000 0.654498 0.000000
vt -0.000000 0.589049 0.000000
vt -0.000000 0.523599 0.000000
vt -0.000000 0.458149 0.000000
vt -0.000000 0.392699 0.000000
vt -0.000000 0.327249 0.000000
vt -0.000000 0.261799 0.000000
vt -0.000000 0.196350 0.000000
vt -0.000000 0.130900 0.000000
vt -0.000000 0.065450 0.000000
vt -0.000000 0.000000 0.000000
vt -0.000000 -0.065450 0.000000
vt -0.000000 -0.130900 0.000000
vt -0.000000 -0.196350 0.000000
vt -0.000000 -0.261799 0.000000
vt -0.000000 -0.327249 0.000000
vt -0.000000 -0.392699 0.000000
vt -0.000000 -0.458149 0.000000
vt -0.000000 -0.523599 0.000000
vt -0.000000 -0.589049 0.000000
vt -0.000000 -0.654498 0.000000
vt -0.144889 -0.038823 0.000000
vt 0.144889 -0.038823 0.000000
vt -0.150000 0.000000 0.000000
vt 0.150000 0.000000 0.000000
vt -0.144889 0.038823 0.000000
vt 0.144889 0.038823 0.000000
vt -0.129904 0.075000 0.000000
vt 0.129904 0.075000 0.000000
vt -0.106066 0.106066 0.000000
vt 0.106066 0.106066 0.000000
vt -0.075000 0.129904 0.000000
vt 0.075000 0.129904 0.000000
vt -0.038823 0.144889 0.000000
vt 0.038823 0.144889 0.000000
vt 0.000000 0.150000 0.000000
vt 0.129904 -0.075000 0.000000
vt -0.129904 -0.075000 0.000000
vt 0.106066 -0.106066 0.000000
vt -0.106066 -0.106066 0.000000
vt 0.075000 -0.129904 0.000000
vt -0.075000 -0.129904 0.000000
vt 0.038823 -0.144889 0.000000
vt -0.038823 -0.144889 0.000000
vt 0.000000 -0.150000 0.000000
vt -2.000000 0.431969 0.000000
vt -1.800000 0.431969 0.000000
vt -2.000000 0.471239 0.000000
vt -1.800000 0.471239 0.000000
vt -2.000000 -0.471239 0.000000
vt -1.800000 -0.471239 0.000000
vt -2.000000 -0.431969 0.000000
vt -1.800000 -0.431969 0.000000
vt -2.000000 -0.392699 0.000000
vt -1.800000 -0.392699 0.000000
vt -2.000000 -0.353429 0.000000
vt -1.800000 -0.353429 0.000000
vt -2.000000 -0.314159 0.000000
vt -1.800000 -0.314159 0.000000
vt -2.000000 -0.274889 0.000000
vt -1.800000 -0.274889 0.000000
vt -2.000000 -0.235619 0.000000
vt -1.800000 -0.235619 0.000000
vt -2.000000 -0.196350 0.000000
vt -1.800000 -0.196350 0.000000
vt -2.000000 -0.157080 0.000000
vt -1.800000 -0.157080 0.000000
vt -2.000000 -0.117810 0.000000
vt -1.800000 -0.117810 0.000000
vt -2.000000 -0.078540 0.000000
vt -1.800000 -0.078540 0.000000
vt -2.000000 -0.039270 0.000000
vt -1.800000 -0.039270 0.000000
vt -2.000000 0.000000 0.000000
vt -1.800000 0.000000 0.000000
vt -2.000000 0.039270 0.000000
vt -1.800000 0.039270 0.000000
vt -2.000000 0.078540 0.000000
vt -1.800000 0.078540 0.000000
vt -2.000000 0.117810 0.000000
vt -1.800000 0.117810 0.000000
vt -2.000000 0.157080 0.000000
vt -1.800000 0.157080 0.000000
vt -2.000000 0.196350 0.000000
vt -1.800000 0.196350 0.000000
vt -2.000000 0.235619 0.000000
vt -1.800000 0.235619 0.000000
vt -2.000000 0.274889 0.000000
vt -1.800000 0.274889 0.000000
vt -2.000000 0.314159 0.000000
vt -1.800000 0.314159 0.000000
vt -2.000000 0.353429 0.000000
vt -1.800000 0.353429 0.000000
vt -2.000000 0.392699 0.000000
vt -1.800000 0.392699 0.000000
vt -0.193185 -0.051764 0.000000
vt 0.193185 -0.051764 0.000000
vt -0.200000 0.000000 0.000000
vt 0.200000 0.000000 0.000000
vt -0.193185 0.051764 0.000000
vt 0.193185 0.051764 0.000000
vt -0.173205 0.100000 0.000000
vt 0.173205 0.100000 0.000000
vt -0.141421 0.141421 0.000000
vt 0.141421 0.141421 0.000000
vt -0.100000 0.173205 0.000000
vt 0.100000 0.173205 0.000000
vt -0.051764 0.193185 0.000000
vt 0.051764 0.193185 0.000000
vt 0.000000 0.200000 0.000000
vt 0.173205 -0.100000 0.000000
vt -0.173205 -0.100000 0.000000
vt 0.141421 -0.141421 0.000000
vt -0.141421 -0.141421 0.000000
vt 0.100000 -0.173205 0.000000
vt -0.100000 -0.173205 0.000000
vt 0.051764 -0.193185 0.000000
vt -0.051764 -0.193185 0.000000
vt 0.000000 -0.200000 0.000000
vt -2.000000 0.575959 0.000000
vt -1.800000 0.575959 0.000000
vt -2.000000 0.628319 0.000000
vt -1.800000 0.628319 0.000000
vt -2.000000 -0.628319 0.000000
vt -1.800000 -0.628319 0.000000
vt -2.000000 -0.575959 0.000000
vt -1.800000 -0.575959 0.000000
vt -2.000000 -0.523599 0.000000
vt -1.800000 -0.523599 0.000000
vt -2.000000 -0.471239 0.000000
vt -1.800000 -0.471239 0.000000
vt -2.000000 -0.418879 0.000000
vt -1.800000 -0.418879 0.000000
vt -2.000000 -0.366519 0.000000
vt -1.800000 -0.366519 0.000000
vt -2.000000 -0.314159 0.000000
vt -1.800000 -0.314159 0.000000
vt -2.000000 -0.261799 0.000000
vt -1.800000 -0.261799 0.000000
vt -2.000000 -0.209440 0.000000
vt -1.800000 -0.209440 0.000000
vt -2.000000 -0.157080 0.000000
vt -1.800000 -0.157080 0.000000
vt -2.000000 -0.104720 0.000000
vt -1.800000 -0.104720 0.000000
vt -2.000000 -0.052360 0.000000
vt -1.800000 -0.052360 0.000000
vt -2.000000 0.000000 0.000000
vt -1.800000 0.000000 0.000000
vt -2.000000 0.052360 0.000000
vt -1.800000 0.052360 0.000000
vt -2.000000 0.104720 0.000000
vt -1.800000 0.104720 0.000000
vt -2.000000 0.157080 0.000000
vt -1.800000 0.157080 0.000000
vt -2.000000 0.209440 0.000000
vt -1.800000 0.209440 0.000000
vt -2.000000 0.261799 0.000000
vt -1.800000 0.261799 0.000000
vt -2.000000 0.314159 0.000000
vt -1.800000 0.314159 0.000000
vt -2.000000 0.366519 0.000000
vt -1.800000 0.366519 0.000000
vt -2.000000 0.418879 0.000000
vt -1.800000 0.418879 0.000000
vt -2.000000 0.471239 0.000000
vt -1.800000 0.471239 0.000000
vt -2.000000 0.523599 0.000000
vt -1.800000 0.523599 0.000000
vt -0.144889 -0.038823 0.000000
vt 0.144889 -0.038823 0.000000
vt -0.150000 0.000000 0.000000
vt 0.150000 0.000000 0.000000
vt -0.144889 0.038823 0.000000
vt 0.144889 0.038823 0.000000
vt -0.129904 0.075000 0.000000
vt 0.129904 0.075000 0.000000
vt -0.106066 0.106066 0.000000
vt 0.106066 0.106066 0.000000
vt -0.075000 0.129904 0.000000
vt 0.075000 0.129904 0.000000
vt -0.038823 0.144889 0.000000
vt 0.038823 0.144889 0.000000
vt 0.000000 0.150000 0.000000
vt 0.129904 -0.075000 0.000000
vt -0.129904 -0.075000 0.000000
vt 0.106066 -0.106066 0.000000
vt -0.106066 -0.106066 0.000000
vt 0.075000 -0.129904 0.000000
vt -0.075000 -0.129904 0.000000
vt 0.038823 -0.144889 0.000000
vt -0.038823 -0.144889 0.000000
vt 0.000000 -0.150000 0.000000
vt -2.000000 0.431969 0.000000
vt -1.800000 0.431969 0.000000
vt -2.000000 0.471239 0.000000
vt -1.800000 0.471239 0.000000
vt -2.000000 -0.471239 0.000000
vt -1.800000 -0.471239 0.000000
vt -2.000000 -0.431969 0.000000
vt -1.800000 -0.431969 0.000000
vt -2.000000 -0.392699 0.000000
vt -1.800000 -0.392699 0.000000
vt -2.000000 -0.353429 0.000000
vt -1.800000 -0.353429 0.000000
vt -2.000000 -0.314159 0.000000
vt -1.800000 -0.314159 0.000000
vt -2.000000 -0.274889 0.000000
vt -1.800000 -0.274889 0.000000
vt -2.000000 -0.235619 0.000000
vt -1.800000 -0.235619 0.000000
vt -2.000000 -0.196350 0.000000
vt -1.800000 -0.196350 0.000000
vt -2.000000 -0.157080 0.000000
vt -1.800000 -0.157080 0.000000
vt -2.000000 -0.117810 0.000000
vt -1.800000 -0.117810 0.000000
vt -2.000000 -0.078540 0.000000
vt -1.800000 -0.078540 0.000000
vt -2.000000 -0.039270 0.000000
vt -1.800000 -0.039270 0.000000
vt -2.000000 0.000000 0.000000
vt -1.800000 0.000000 0.000000
vt -2.000000 0.039270 0.000000
vt -1.800000 0.039270 0.000000
vt -2.000000 0.078540 0.000000
vt -1.800000 0.078540 0.000000
vt -2.000000 0.117810 0.000000
vt -1.800000 0.117810 0.000000
vt -2.000000 0.157080 0.000000
vt -1.800000 0.157080 0.000000
vt -2.000000 0.196350 0.000000
vt -1.800000 0.196350 0.000000
vt -2.000000 0.235619 0.000000
vt -1.800000 0.235619 0.000000
vt -2.000000 0.274889 0.000000
vt -1.800000 0.274889 0.000000
vt -2.000000 0.314159 0.000000
vt -1.800000 0.314159 0.000000
vt -2.000000 0.353429 0.000000
vt -1.800000 0.353429 0.000000
vt -2.000000 0.392699 0.000000
vt -1.800000 0.392699 0.000000
vt -0.144889 -0.038823 0.000000
vt 0.144889 -0.038823 0.000000
vt -0.150000 0.000000 0.000000
vt 0.150000 0.000000 0.000000
vt -0.144889 0.038823 0.000000
vt 0.144889 0.038823 0.000000
vt -0.129904 0.075000 0.000000
vt 0.129904 0.075000 0.000000
vt -0.106066 0.106066 0.000000
vt 0.106066 0.106066 0.000000
vt -0.075000 0.129904 0.000000
vt 0.075000 0.129904 0.000000
vt -0.038823 0.144889 0.000000
vt 0.038823 0.144889 0.000000
vt 0.000000 0.150000 0.000000
vt 0.129904 -0.075000 0.000000
vt -0.129904 -0.075000 0.000000
vt 0.106066 -0.106066 0.000000
vt -0.106066 -0.106066 0.000000
vt 0.075000 -0.129904 0.000000
vt -0.075000 -0.129904 0.000000
vt 0.038823 -0.144889 0.000000
vt -0.038823 -0.144889 0.000000
vt 0.000000 -0.150000 0.000000
vt -2.000000 0.431969 0.000000
vt -1.800000 0.431969 0.000000
vt -2.000000 0.471239 0.000000
vt -1.800000 0.471239 0.000000
vt -2.000000 -0.471239 0.000000
vt -1.800000 -0.471239 0.000000
vt -2.000000 -0.431969 0.000000
vt -1.800000 -0.431969 0.000000
vt -2.000000 -0.392699 0.000000
vt -1.800000 -0.392699 0.000000
vt -2.000000 -0.353429 0.000000
vt -1.800000 -0.353429 0.000000
vt -2.000000 -0.314159 0.000000
vt -1.800000 -0.314159 0.000000
vt -2.000000 -0.274889 0.000000
vt -1.800000 -0.274889 0.000000
vt -2.000000 -0.235619 0.000000
vt -1.800000 -0.235619 0.000000
vt -2.000000 -0.196350 0.000000
vt -1.800000 -0.196350 0.000000
vt -2.000000 -0.157080 0.000000
vt -1.800000 -0.157080 0.000000
vt -2.000000 -0.117810 0.000000
vt -1.800000 -0.117810 0.000000
vt -2.000000 -0.078540 0.000000
vt -1.800000 -0.078540 0.000000
vt -2.000000 -0.039270 0.000000
vt -1.800000 -0.039270 0.000000
vt -2.000000 0.000000 0.000000
vt -1.800000 0.000000 0.000000
vt -2.000000 0.039270 0.000000
vt -1.800000 0.039270 0.000000
vt -2.000000 0.078540 0.000000
vt -1.800000 0.078540 0.000000
vt -2.000000 0.117810 0.000000
vt -1.800000 0.117810 0.000000
vt -2.000000 0.157080 0.000000
vt -1.800000 0.157080 0.000000
vt -2.000000 0.196350 0.000000
vt -1.800000 0.196350 0.000000
vt -2.000000 0.235619 0.000000
vt -1.800000 0.235619 0.000000
vt -2.000000 0.274889 0.000000
vt -1.800000 0.274889 0.000000
vt -2.000000 0.314159 0.000000
vt -1.800000 0.314159 0.000000
vt -2.000000 0.353429 0.000000
vt -1.800000 0.353429 0.000000
vt -2.000000 0.392699 0.000000
vt -1.800000 0.392699 0.000000
vt -0.144889 -0.038823 0.000000
vt 0.144889 -0.038823 0.000000
vt -0.150000 0.000000 0.000000
vt 0.150000 0.000000 0.000000
vt -0.144889 0.038823 0.000000
vt 0.144889 0.038823 0.000000
vt -0.129904 0.075000 0.000000
vt 0.129904 0.075000 0.000000
vt -0.106066 0.106066 0.000000
vt 0.106066 0.106066 0.000000
vt -0.075000 0.129904 0.000000
vt 0.075000 0.129904 0.000000
vt -0.038823 0.144889 0.000000
vt 0.038823 0.144889 0.000000
vt 0.000000 0.150000 0.000000
vt 0.129904 -0.075000 0.000000
vt -0.129904 -0.075000 0.000000
vt 0.106066 -0.106066 0.000000
vt -0.106066 -0.106066 0.000000
vt 0.075000 -0.129904 0.000000
vt -0.075000 -0.129904 0.000000
vt 0.038823 -0.144889 0.000000
vt -0.038823 -0.144889 0.000000
vt 0.000000 -0.150000 0.000000
vt -2.000000 0.431969 0.000000
vt -1.800000 0.431969 0.000000
vt -2.000000 0.471239 0.000000
vt -1.800000 0.471239 0.000000
vt -2.000000 -0.471239 0.000000
vt -1.800000 -0.471239 0.000000
vt -2.000000 -0.431969 0.000000
vt -1.800000 -0.431969 0.000000
vt -2.000000 -0.392699 0.000000
vt -1.800000 -0.392699 0.000000
vt -2.000000 -0.353429 0.000000
vt -1.800000 -0.353429 0.000000
vt -2.000000 -0.314159 0.000000
vt -1.800000 -0.314159 0.000000
vt -2.000000 -0.274889 0.000000
vt -1.800000 -0.274889 0.000000
vt -2.000000 -0.235619 0.000000
vt -1.800000 -0.235619 0.000000
vt -2.000000 -0.196350 0.000000
vt -1.800000 -0.196350 0.000000
vt -2.000000 -0.157080 0.000000
vt -1.800000 -0.157080 0.000000
vt -2.000000 -0.117810 0.000000
vt -1.800000 -0.117810 0.000000
vt -2.000000 -0.078540 0.000000
vt -1.800000 -0.078540 0.000000
vt -2.000000 -0.039270 0.000000
vt -1.800000 -0.039270 0.000000
vt -2.000000 0.000000 0.000000
vt -1.800000 0.000000 0.000000
vt -2.000000 0.039270 0.000000
vt -1.800000 0.039270 0.000000
vt -2.000000 0.078540 0.000000
vt -1.800000 0.078540 0.000000
vt -2.000000 0.117810 0.000000
vt -1.800000 0.117810 0.000000
vt -2.000000 0.157080 0.000000
vt -1.800000 0.157080 0.000000
vt -2.000000 0.196350 0.000000
vt -1.800000 0.196350 0.000000
vt -2.000000 0.235619 0.000000
vt -1.800000 0.235619 0.000000
vt -2.000000 0.274889 0.000000
vt -1.800000 0.274889 0.000000
vt -2.000000 0.314159 0.000000
vt -1.800000 0.314159 0.000000
vt -2.000000 0.353429 0.000000
vt -1.800000 0.353429 0.000000
vt -2.000000 0.392699 0.000000
vt -1.800000 0.392699 0.000000
vt -0.193185 -0.051764 0.000000
vt 0.193185 -0.051764 0.000000
vt -0.200000 0.000000 0.000000
vt 0.200000 0.000000 0.000000
vt -0.193185 0.051764 0.000000
vt 0.193185 0.051764 0.000000
vt -0.173205 0.100000 0.000000
vt 0.173205 0.100000 0.000000
vt -0.141421 0.141421 0.000000
vt 0.141421 0.141421 0.000000
vt -0.100000 0.173205 0.000000
vt 0.100000 0.173205 0.000000
vt -0.051764 0.193185 0.000000
vt 0.051764 0.193185 0.000000
vt 0.000000 0.200000 0.000000
vt 0.173205 -0.100000 0.000000
vt -0.173205 -0.100000 0.000000
vt 0.141421 -0.141421 0.000000
vt -0.141421 -0.141421 0.000000
vt 0.100000 -0.173205 0.000000
vt -0.100000 -0.173205 0.000000
vt 0.051764 -0.193185 0.000000
vt -0.051764 -0.193185 0.000000
vt 0.000000 -0.200000 0.000000
vt -2.000000 0.575959 0.000000
vt -1.800000 0.575959 0.000000
vt -2.000000 0.628319 0.000000
vt -1.800000 0.628319 0.000000
vt -2.000000 -0.628319 0.000000
vt -1.800000 -0.628319 0.000000
vt -2.000000 -0.575959 0.000000
vt -1.800000 -0.575959 0.000000
vt -2.000000 -0.523599 0.000000
vt -1.800000 -0.523599 0.000000
vt -2.000000 -0.471239 0.000000
vt -1.800000 -0.471239 0.000000
vt -2.000000 -0.418879 0.000000
vt -1.800000 -0.418879 0.000000
vt -2.000000 -0.366519 0.000000
vt -1.800000 -0.366519 0.000000
vt -2.000000 -0.314159 0.000000
vt -1.800000 -0.314159 0.000000
vt -2.000000 -0.261799 0.000000
vt -1.800000 -0.261799 0.000000
vt -2.000000 -0.209440 0.000000
vt -1.800000 -0.209440 0.000000
vt -2.000000 -0.157080 0.000000
vt -1.800000 -0.157080 0.000000
vt -2.000000 -0.104720 0.000000
vt -1.800000 -0.104720 0.000000
vt -2.000000 -0.052360 0.000000
vt -1.800000 -0.052360 0.000000
vt -2.000000 0.000000 0.000000
vt -1.800000 0.000000 0.000000
vt -2.000000 0.052360 0.000000
vt -1.800000 0.052360 0.000000
vt -2.000000 0.104720 0.000000
vt -1.800000 0.104720 0.000000
vt -2.000000 0.157080 0.000000
vt -1.800000 0.157080 0.000000
vt -2.000000 0.209440 0.000000
vt -1.800000 0.209440 0.000000
vt -2.000000 0.261799 0.000000
vt -1.800000 0.261799 0.000000
vt -2.000000 0.314159 0.000000
vt -1.800000 0.314159 0.000000
vt -2.000000 0.366519 0.000000
vt -1.800000 0.366519 0.000000
vt -2.000000 0.418879 0.000000
vt -1.800000 0.418879 0.000000
vt -2.000000 0.471239 0.000000
vt -1.800000 0.471239 0.000000
vt -2.000000 0.523599 0.000000
vt -1.800000 0.523599 0.000000
vt -0.120741 -0.032352 0.000000
vt 0.120741 -0.032352 0.000000
vt -0.125000 0.000000 0.000000
vt 0.125000 0.000000 0.000000
vt -0.120741 0.032352 0.000000
vt 0.120741 0.032352 0.000000
vt -0.108253 0.062500 0.000000
vt 0.108253 0.062500 0.000000
vt -0.088388 0.088388 0.000000
vt 0.088388 0.088388 0.000000
vt -0.062500 0.108253 0.000000
vt 0.062500 0.108253 0.000000
vt -0.032352 0.120741 0.000000
vt 0.032352 0.120741 0.000000
vt 0.000000 0.125000 0.000000
vt 0.108253 -0.062500 0.000000
vt -0.108253 -0.062500 0.000000
vt 0.088388 -0.088388 0.000000
vt -0.088388 -0.088388 0.000000
vt 0.062500 -0.108253 0.000000
vt -0.062500 -0.108253 0.000000
vt 0.032352 -0.120741 0.000000
vt -0.032352 -0.120741 0.000000
vt 0.000000 -0.125000 0.000000
vt -0.200000 0.359974 0.000000
vt -0.000000 0.359974 0.000000
vt -0.200000 0.392699 0.000000
vt -0.000000 0.392699 0.000000
vt -0.200000 -0.392699 0.000000
vt -0.000000 -0.392699 0.000000
vt -0.200000 -0.359974 0.000000
vt -0.000000 -0.359974 0.000000
vt -0.200000 -0.327249 0.000000
vt -0.000000 -0.327249 0.000000
vt -0.200000 -0.294524 0.000000
vt -0.000000 -0.294524 0.000000
vt -0.200000 -0.261799 0.000000
vt -0.000000 -0.261799 0.000000
vt -0.200000 -0.229074 0.000000
vt -0.000000 -0.229074 0.000000
vt -0.200000 -0.196350 0.000000
vt -0.000000 -0.196350 0.000000
vt -0.200000 -0.163625 0.000000
vt -0.000000 -0.163625 0.000000
vt -0.200000 -0.130900 0.000000
vt -0.000000 -0.130900 0.000000
vt -0.200000 -0.098175 0.000000
vt -0.000000 -0.098175 0.000000
vt -0.200000 -0.065450 0.000000
vt -0.000000 -0.065450 0.000000
vt -0.200000 -0.032725 0.000000
vt -0.000000 -0.032725 0.000000
vt -0.200000 0.000000 0.000000
vt -0.000000 0.000000 0.000000
vt -0.200000 0.032725 0.000000
vt -0.000000 0.032725 0.000000
vt -0.200000 0.065450 0.000000
vt -0.000000 0.065450 0.000000
vt -0.200000 0.098175 0.000000
vt -0.000000 0.098175 0.000000
vt -0.200000 0.130900 0.000000
vt -0.000000 0.130900 0.000000
vt -0.200000 0.163625 0.000000
vt -0.000000 0.163625 0.000000
vt -0.200000 0.196350 0.000000
vt -0.000000 0.196350 0.000000
vt -0.200000 0.229074 0.000000
vt -0.000000 0.229074 0.000000
vt -0.200000 0.261799 0.000000
vt -0.000000 0.261799 0.000000
vt -0.200000 0.294524 0.000000
vt -0.000000 0.294524 0.000000
vt -0.200000 0.327249 0.000000
vt -0.000000 0.327249 0.000000
vt -0.144889 -0.038823 0.000000
vt 0.144889 -0.038823 0.000000
vt -0.150000 0.000000 0.000000
vt 0.150000 0.000000 0.000000
vt -0.144889 0.038823 0.000000
vt 0.144889 0.038823 0.000000
vt -0.129904 0.075000 0.000000
vt 0.129904 0.075000 0.000000
vt -0.106066 0.106066 0.000000
vt 0.106066 0.106066 0.000000
vt -0.075000 0.129904 0.000000
vt 0.075000 0.129904 0.000000
vt -0.038823 0.144889 0.000000
vt 0.038823 0.144889 0.000000
vt 0.000000 0.150000 0.000000
vt 0.129904 -0.075000 0.000000
vt -0.129904 -0.075000 0.000000
vt 0.106066 -0.106066 0.000000
vt -0.106066 -0.106066 0.000000
vt 0.075000 -0.129904 0.000000
vt -0.075000 -0.129904 0.000000
vt 0.038823 -0.144889 0.000000
vt -0.038823 -0.144889 0.000000
vt 0.000000 -0.150000 0.000000
vt -0.200000 0.431969 0.000000
vt -0.000000 0.431969 0.000000
vt -0.200000 0.471239 0.000000
vt -0.000000 0.471239 0.000000
vt -0.200000 -0.471239 0.000000
vt -0.000000 -0.471239 0.000000
vt -0.200000 -0.431969 0.000000
vt -0.000000 -0.431969 0.000000
vt -0.200000 -0.392699 0.000000
vt -0.000000 -0.392699 0.000000
vt -0.200000 -0.353429 0.000000
vt -0.000000 -0.353429 0.000000
vt -0.200000 -0.314159 0.000000
vt -0.000000 -0.314159 0.000000
vt -0.200000 -0.274889 0.000000
vt -0.000000 -0.274889 0.000000
vt -0.200000 -0.235619 0.000000
vt -0.000000 -0.235619 0.000000
vt -0.200000 -0.196350 0.000000
vt -0.000000 -0.196350 0.000000
vt -0.200000 -0.157080 0.000000
vt -0.000000 -0.157080 0.000000
vt -0.200000 -0.117810 0.000000
vt -0.000000 -0.117810 0.000000
vt -0.200000 -0.078540 0.000000
vt -0.000000 -0.078540 0.000000
vt -0.200000 -0.039270 0.000000
vt -0.000000 -0.039270 0.000000
vt -0.200000 0.000000 0.000000
vt -0.000000 0.000000 0.000000
vt -0.200000 0.039270 0.000000
vt -0.000000 0.039270 0.000000
vt -0.200000 0.078540 0.000000
vt -0.000000 0.078540 0.000000
vt -0.200000 0.117810 0.000000
vt -0.000000 0.117810 0.000000
vt -0.200000 0.157080 0.000000
vt -0.000000 0.157080 0.000000
vt -0.200000 0.196350 0.000000
vt -0.000000 0.196350 0.000000
vt -0.200000 0.235619 0.000000
vt -0.000000 0.235619 0.000000
vt -0.200000 0.274889 0.000000
vt -0.000000 0.274889 0.000000
vt -0.200000 0.314159 0.000000
vt -0.000000 0.314159 0.000000
vt -0.200000 0.353429 0.000000
vt -0.000000 0.353429 0.000000
vt -0.200000 0.392699 0.000000
vt -0.000000 0.392699 0.000000
vt -0.144889 -0.038823 0.000000
vt 0.144889 -0.038823 0.000000
vt -0.150000 0.000000 0.000000
vt 0.150000 0.000000 0.000000
vt -0.144889 0.038823 0.000000
vt 0.144889 0.038823 0.000000
vt -0.129904 0.075000 0.000000
vt 0.129904 0.075000 0.000000
vt -0.106066 0.106066 0.000000
vt 0.106066 0.106066 0.000000
vt -0.075000 0.129904 0.000000
vt 0.075000 0.129904 0.000000
vt -0.038823 0.144889 0.000000
vt 0.038823 0.144889 0.000000
vt 0.000000 0.150000 0.000000
vt 0.129904 -0.075000 0.000000
vt -0.129904 -0.075000 0.000000
vt 0.106066 -0.106066 0.000000
vt -0.106066 -0.106066 0.000000
vt 0.075000 -0.129904 0.000000
vt -0.075000 -0.129904 0.000000
vt 0.038823 -0.144889 0.000000
vt -0.038823 -0.144889 0.000000
vt 0.000000 -0.150000 0.000000
vt -0.200000 0.431969 0.000000
vt -0.000000 0.431969 0.000000
vt -0.200000 0.471239 0.000000
vt -0.000000 0.471239 0.000000
vt -0.200000 -0.471239 0.000000
vt -0.000000 -0.471239 0.000000
vt -0.200000 -0.431969 0.000000
vt -0.000000 -0.431969 0.000000
vt -0.200000 -0.392699 0.000000
vt -0.000000 -0.392699 0.000000
vt -0.200000 -0.353429 0.000000
vt -0.000000 -0.353429 0.000000
vt -0.200000 -0.314159 0.000000
vt -0.000000 -0.314159 0.000000
vt -0.200000 -0.274889 0.000000
vt -0.000000 -0.274889 0.000000
vt -0.200000 -0.235619 0.000000
vt -0.000000 -0.235619 0.000000
vt -0.200000 -0.196350 0.000000
vt -0.000000 -0.196350 0.000000
vt -0.200000 -0.157080 0.000000
vt -0.000000 -0.157080 0.000000
vt -0.200000 -0.117810 0.000000
vt -0.000000 -0.117810 0.000000
vt -0.200000 -0.078540 0.000000
vt -0.000000 -0.078540 0.000000
vt -0.200000 -0.039270 0.000000
vt -0.000000 -0.039270 0.000000
vt -0.200000 0.000000 0.000000
vt -0.000000 0.000000 0.000000
vt -0.200000 0.039270 0.000000
vt -0.000000 0.039270 0.000000
vt -0.200000 0.078540 0.000000
vt -0.000000 0.078540 0.000000
vt -0.200000 0.117810 0.000000
vt -0.000000 0.117810 0.000000
vt -0.200000 0.157080 0.000000
vt -0.000000 0.157080 0.000000
vt -0.200000 0.196350 0.000000
vt -0.000000 0.196350 0.000000
vt -0.200000 0.235619 0.000000
vt -0.000000 0.235619 0.000000
vt -0.200000 0.274889 0.000000
vt -0.000000 0.274889 0.000000
vt -0.200000 0.314159 0.000000
vt -0.000000 0.314159 0.000000
vt -0.200000 0.353429 0.000000
vt -0.000000 0.353429 0.000000
vt -0.200000 0.392699 0.000000
vt -0.000000 0.392699 0.000000
vt -0.120741 -0.032352 0.000000
vt 0.120741 -0.032352 0.000000
vt -0.125000 0.000000 0.000000
vt 0.125000 0.000000 0.000000
vt -0.120741 0.032352 0.000000
vt 0.120741 0.032352 0.000000
vt -0.108253 0.062500 0.000000
vt 0.108253 0.062500 0.000000
vt -0.088388 0.088388 0.000000
vt 0.088388 0.088388 0.000000
vt -0.062500 0.108253 0.000000
vt 0.062500 0.108253 0.000000
vt -0.032352 0.120741 0.000000
vt 0.032352 0.120741 0.000000
vt 0.000000 0.125000 0.000000
vt 0.108253 -0.062500 0.000000
vt -0.108253 -0.062500 0.000000
vt 0.088388 -0.088388 0.000000
vt -0.088388 -0.088388 0.000000
vt 0.062500 -0.108253 0.000000
vt -0.062500 -0.108253 0.000000
vt 0.032352 -0.120741 0.000000
vt -0.032352 -0.120741 0.000000
vt 0.000000 -0.125000 0.000000
vt -0.200000 0.359974 0.000000
vt -0.000000 0.359974 0.000000
vt -0.200000 0.392699 0.000000
vt -0.000000 0.392699 0.000000
vt -0.200000 -0.392699 0.000000
vt -0.000000 -0.392699 0.000000
vt -0.200000 -0.359974 0.000000
vt -0.000000 -0.359974 0.000000
vt -0.200000 -0.327249 0.000000
vt -0.000000 -0.327249 0.000000
vt -0.200000 -0.294524 0.000000
vt -0.000000 -0.294524 0.000000
vt -0.200000 -0.261799 0.000000
vt -0.000000 -0.261799 0.000000
vt -0.200000 -0.229074 0.000000
vt -0.000000 -0.229074 0.000000
vt -0.200000 -0.196350 0.000000
vt -0.000000 -0.196350 0.000000
vt -0.200000 -0.163625 0.000000
vt -0.000000 -0.163625 0.000000
vt -0.200000 -0.130900 0.000000
vt -0.000000 -0.130900 0.000000
vt -0.200000 -0.098175 0.000000
vt -0.000000 -0.098175 0.000000
vt -0.200000 -0.065450 0.000000
vt -0.000000 -0.065450 0.000000
vt -0.200000 -0.032725 0.000000
vt -0.000000 -0.032725 0.000000
vt -0.200000 0.000000 0.000000
vt -0.000000 0.000000 0.000000
vt -0.200000 0.032725 0.000000
vt -0.000000 0.032725 0.000000
vt -0.200000 0.065450 0.000000
vt -0.000000 0.065450 0.000000
vt -0.200000 0.098175 0.000000
vt -0.000000 0.098175 0.000000
vt -0.200000 0.130900 0.000000
vt -0.000000 0.130900 0.000000
vt -0.200000 0.163625 0.000000
vt -0.000000 0.163625 0.000000
vt -0.200000 0.196350 0.000000
vt -0.000000 0.196350 0.000000
vt -0.200000 0.229074 0.000000
vt -0.000000 0.229074 0.000000
vt -0.200000 0.261799 0.000000
vt -0.000000 0.261799 0.000000
vt -0.200000 0.294524 0.000000
vt -0.000000 0.294524 0.000000
vt -0.200000 0.327249 0.000000
vt -0.000000 0.327249 0.000000
vt -0.120741 -0.032352 0.000000
vt 0.120741 -0.032352 0.000000
vt -0.125000 0.000000 0.000000
vt 0.125000 0.000000 0.000000
vt -0.120741 0.032352 0.000000
vt 0.120741 0.032352 0.000000
vt -0.108253 0.062500 0.000000
vt 0.108253 0.062500 0.000000
vt -0.088388 0.088388 0.000000
vt 0.088388 0.088388 0.000000
vt -0.062500 0.108253 0.000000
vt 0.062500 0.108253 0.000000
vt -0.032352 0.120741 0.000000
vt 0.032352 0.120741 0.000000
vt 0.000000 0.125000 0.000000
vt 0.108253 -0.062500 0.000000
vt -0.108253 -0.062500 0.000000
vt 0.088388 -0.088388 0.000000
vt -0.088388 -0.088388 0.000000
vt 0.062500 -0.108253 0.000000
vt -0.062500 -0.108253 0.000000
vt 0.032352 -0.120741 0.000000
vt -0.032352 -0.120741 0.000000
vt 0.000000 -0.125000 0.000000
vt -0.200000 0.359974 0.000000
vt -0.000000 0.359974 0.000000
vt -0.200000 0.392699 0.000000
vt -0.000000 0.392699 0.000000
vt -0.200000 -0.392699 0.000000
vt -0.000000 -0.392699 0.000000
vt -0.200000 -0.359974 0.000000
vt -0.000000 -0.359974 0.000000
vt -0.200000 -0.327249 0.000000
vt -0.000000 -0.327249 0.000000
vt -0.200000 -0.294524 0.000000
vt -0.000000 -0.294524 0.000000
vt -0.200000 -0.261799 0.000000
vt -0.000000 -0.261799 0.000000
vt -0.200000 -0.229074 0.000000
vt -0.000000 -0.229074 0.000000
vt -0.200000 -0.196350 0.000000
vt -0.000000 -0.196350 0.000000
vt -0.200000 -0.163625 0.000000
vt -0.000000 -0.163625 0.000000
vt -0.200000 -0.130900 0.000000
vt -0.000000 -0.130900 0.000000
vt -0.200000 -0.098175 0.000000
vt -0.000000 -0.098175 0.000000
vt -0.200000 -0.065450 0.000000
vt -0.000000 -0.065450 0.000000
vt -0.200000 -0.032725 0.000000
vt -0.000000 -0.032725 0.000000
vt -0.200000 0.000000 0.000000
vt -0.000000 0.000000 0.000000
vt -0.200000 0.032725 0.000000
vt -0.000000 0.032725 0.000000
vt -0.200000 0.065450 0.000000
vt -0.000000 0.065450 0.000000
vt -0.200000 0.098175 0.000000
vt -0.000000 0.098175 0.000000
vt -0.200000 0.130900 0.000000
vt -0.000000 0.130900 0.000000
vt -0.200000 0.163625 0.000000
vt -0.000000 0.163625 0.000000
vt -0.200000 0.196350 0.000000
vt -0.000000 0.196350 0.000000
vt -0.200000 0.229074 0.000000
vt -0.000000 0.229074 0.000000
vt -0.200000 0.261799 0.000000
vt -0.000000 0.261799 0.000000
vt -0.200000 0.294524 0.000000
vt -0.000000 0.294524 0.000000
vt -0.200000 0.327249 0.000000
vt -0.000000 0.327249 0.000000
vt -0.096593 -0.025882 0.000000
vt 0.096593 -0.025882 0.000000
vt -0.100000 0.000000 0.000000
vt 0.100000 0.000000 0.000000
vt -0.096593 0.025882 0.000000
vt 0.096593 0.025882 0.000000
vt -0.086603 0.050000 0.000000
vt 0.086603 0.050000 0.000000
vt -0.070711 0.070711 0.000000
vt 0.070711 0.070711 0.000000
vt -0.050000 0.086603 0.000000
vt 0.050000 0.086603 0.000000
vt -0.025882 0.096593 0.000000
vt 0.025882 0.096593 0.000000
vt 0.000000 0.100000 0.000000
vt 0.086603 -0.050000 0.000000
vt -0.086603 -0.050000 0.000000
vt 0.070711 -0.070711 0.000000
vt -0.070711 -0.070711 0.000000
vt 0.050000 -0.086603 0.000000
vt -0.050000 -0.086603 0.000000
vt 0.025882 -0.096593 0.000000
vt -0.025882 -0.096593 0.000000
vt 0.000000 -0.100000 0.000000
vt -0.200000 0.287979 0.000000
vt -0.000000 0.287979 0.000000
vt -0.200000 0.314159 0.000000
vt -0.000000 0.314159 0.000000
vt -0.200000 -0.314159 0.000000
vt -0.000000 -0.314159 0.000000
vt -0.200000 -0.287979 0.000000
vt -0.000000 -0.287979 0.000000
vt -0.200000 -0.261799 0.000000
vt -0.000000 -0.261799 0.000000
vt -0.200000 -0.235619 0.000000
vt -0.000000 -0.235619 0.000000
vt -0.200000 -0.209440 0.000000
vt -0.000000 -0.209440 0.000000
vt -0.200000 -0.183260 0.000000
vt -0.000000 -0.183260 0.000000
vt -0.200000 -0.157080 0.000000
vt -0.000000 -0.157080 0.000000
vt -0.200000 -0.130900 0.000000
vt -0.000000 -0.130900 0.000000
vt -0.200000 -0.104720 0.000000
vt -0.000000 -0.104720 0.000000
vt -0.200000 -0.078540 0.000000
vt -0.000000 -0.078540 0.000000
vt -0.200000 -0.052360 0.000000
vt -0.000000 -0.052360 0.000000
vt -0.200000 -0.026180 0.000000
vt -0.000000 -0.026180 0.000000
vt -0.200000 0.000000 0.000000
vt -0.000000 0.000000 0.000000
vt -0.200000 0.026180 0.000000
vt -0.000000 0.026180 0.000000
vt -0.200000 0.052360 0.000000
vt -0.000000 0.052360 0.000000
vt -0.200000 0.078540 0.000000
vt -0.000000 0.078540 0.000000
vt -0.200000 0.104720 0.000000
vt -0.000000 0.104720 0.000000
vt -0.200000 0.130900 0.000000
vt -0.000000 0.130900 0.000000
vt -0.200000 0.157080 0.000000
vt -0.000000 0.157080 0.000000
vt -0.200000 0.183260 0.000000
vt -0.000000 0.183260 0.000000
vt -0.200000 0.209440 0.000000
vt -0.000000 0.209440 0.000000
vt -0.200000 0.235619 0.000000
vt -0.000000 0.235619 0.000000
vt -0.200000 0.261799 0.000000
vt -0.000000 0.261799 0.000000
vt -0.144889 -0.038823 0.000000
vt 0.144889 -0.038823 0.000000
vt -0.150000 0.000000 0.000000
vt 0.150000 0.000000 0.000000
vt -0.144889 0.038823 0.000000
vt 0.144889 0.038823 0.000000
vt -0.129904 0.075000 0.000000
vt 0.129904 0.075000 0.000000
vt -0.106066 0.106066 0.000000
vt 0.106066 0.106066 0.000000
vt -0.075000 0.129904 0.000000
vt 0.075000 0.129904 0.000000
vt -0.038823 0.144889 0.000000
vt 0.038823 0.144889 0.000000
vt 0.000000 0.150000 0.000000
vt 0.129904 -0.075000 0.000000
vt -0.129904 -0.075000 0.000000
vt 0.106066 -0.106066 0.000000
vt -0.106066 -0.106066 0.000000
vt 0.075000 -0.129904 0.000000
vt -0.075000 -0.129904 0.000000
vt 0.038823 -0.144889 0.000000
vt -0.038823 -0.144889 0.000000
vt 0.000000 -0.150000 0.000000
vt -0.200000 0.431969 0.000000
vt -0.000000 0.431969 0.000000
vt -0.200000 0.471239 0.000000
vt -0.000000 0.471239 0.000000
vt -0.200000 -0.471239 0.000000
vt -0.000000 -0.471239 0.000000
vt -0.200000 -0.431969 0.000000
vt -0.000000 -0.431969 0.000000
vt -0.200000 -0.392699 0.000000
vt -0.000000 -0.392699 0.000000
vt -0.200000 -0.353429 0.000000
vt -0.000000 -0.353429 0.000000
vt -0.200000 -0.314159 0.000000
vt -0.000000 -0.314159 0.000000
vt -0.200000 -0.274889 0.000000
vt -0.000000 -0.274889 0.000000
vt -0.200000 -0.235619 0.000000
vt -0.000000 -0.235619 0.000000
vt -0.200000 -0.196350 0.000000
vt -0.000000 -0.196350 0.000000
vt -0.200000 -0.157080 0.000000
vt -0.000000 -0.157080 0.000000
vt -0.200000 -0.117810 0.000000
vt -0.000000 -0.117810 0.000000
vt -0.200000 -0.078540 0.000000
vt -0.000000 -0.078540 0.000000
vt -0.200000 -0.039270 0.000000
vt -0.000000 -0.039270 0.000000
vt -0.200000 0.000000 0.000000
vt -0.000000 0.000000 0.000000
vt -0.200000 0.039270 0.000000
vt -0.000000 0.039270 0.000000
vt -0.200000 0.078540 0.000000
vt -0.000000 0.078540 0.000000
vt -0.200000 0.117810 0.000000
vt -0.000000 0.117810 0.000000
vt -0.200000 0.157080 0.000000
vt -0.000000 0.157080 0.000000
vt -0.200000 0.196350 0.000000
vt -0.000000 0.196350 0.000000
vt -0.200000 0.235619 0.000000
vt -0.000000 0.235619 0.000000
vt -0.200000 0.274889 0.000000
vt -0.000000 0.274889 0.000000
vt -0.200000 0.314159 0.000000
vt -0.000000 0.314159 0.000000
vt -0.200000 0.353429 0.000000
vt -0.000000 0.353429 0.000000
vt -0.200000 0.392699 0.000000
vt -0.000000 0.392699 0.000000
vt -0.144889 -0.038823 0.000000
vt 0.144889 -0.038823 0.000000
vt -0.150000 0.000000 0.000000
vt 0.150000 0.000000 0.000000
vt -0.144889 0.038823 0.000000
vt 0.144889 0.038823 0.000000
vt -0.129904 0.075000 0.000000
vt 0.129904 0.075000 0.000000
vt -0.106066 0.106066 0.000000
vt 0.106066 0.106066 0.000000
vt -0.075000 0.129904 0.000000
vt 0.075000 0.129904 0.000000
vt -0.038823 0.144889 0.000000
vt 0.038823 0.144889 0.000000
vt 0.000000 0.150000 0.000000
vt 0.129904 -0.075000 0.000000
vt -0.129904 -0.075000 0.000000
vt 0.106066 -0.106066 0.000000
vt -0.106066 -0.106066 0.000000
vt 0.075000 -0.129904 0.000000
vt -0.075000 -0.129904 0.000000
vt 0.038823 -0.144889 0.000000
vt -0.038823 -0.144889 0.000000
vt 0.000000 -0.150000 0.000000
vt -0.200000 0.431969 0.000000
vt -0.000000 0.431969 0.000000
vt -0.200000 0.471239 0.000000
vt -0.000000 0.471239 0.000000
vt -0.200000 -0.471239 0.000000
vt -0.000000 -0.471239 0.000000
vt -0.200000 -0.431969 0.000000
vt -0.000000 -0.431969 0.000000
vt -0.200000 -0.392699 0.000000
vt -0.000000 -0.392699 0.000000
vt -0.200000 -0.353429 0.000000
vt -0.000000 -0.353429 0.000000
vt -0.200000 -0.314159 0.000000
vt -0.000000 -0.314159 0.000000
vt -0.200000 -0.274889 0.000000
vt -0.000000 -0.274889 0.000000
vt -0.200000 -0.235619 0.000000
vt -0.000000 -0.235619 0.000000
vt -0.200000 -0.196350 0.000000
vt -0.000000 -0.196350 0.000000
vt -0.200000 -0.157080 0.000000
vt -0.000000 -0.157080 0.000000
vt -0.200000 -0.117810 0.000000
vt -0.000000 -0.117810 0.000000
vt -0.200000 -0.078540 0.000000
vt -0.000000 -0.078540 0.000000
vt -0.200000 -0.039270 0.000000
vt -0.000000 -0.039270 0.000000
vt -0.200000 0.000000 0.000000
vt -0.000000 0.000000 0.000000
vt -0.200000 0.039270 0.000000
vt -0.000000 0.039270 0.000000
vt -0.200000 0.078540 0.000000
vt -0.000000 0.078540 0.000000
vt -0.200000 0.117810 0.000000
vt -0.000000 0.117810 0.000000
vt -0.200000 0.157080 0.000000
vt -0.000000 0.157080 0.000000
vt -0.200000 0.196350 0.000000
vt -0.000000 0.196350 0.000000
vt -0.200000 0.235619 0.000000
vt -0.000000 0.235619 0.000000
vt -0.200000 0.274889 0.000000
vt -0.000000 0.274889 0.000000
vt -0.200000 0.314159 0.000000
vt -0.000000 0.314159 0.000000
vt -0.200000 0.353429 0.000000
vt -0.000000 0.353429 0.000000
vt -0.200000 0.392699 0.000000
vt -0.000000 0.392699 0.000000
vt -0.096593 -0.025882 0.000000
vt 0.096593 -0.025882 0.000000
vt -0.100000 0.000000 0.000000
vt 0.100000 0.000000 0.000000
vt -0.096593 0.025882 0.000000
vt 0.096593 0.025882 0.000000
vt -0.086603 0.050000 0.000000
vt 0.086603 0.050000 0.000000
vt -0.070711 0.070711 0.000000
vt 0.070711 0.070711 0.000000
vt -0.050000 0.086603 0.000000
vt 0.050000 0.086603 0.000000
vt -0.025882 0.096593 0.000000
vt 0.025882 0.096593 0.000000
vt 0.000000 0.100000 0.000000
vt 0.086603 -0.050000 0.000000
vt -0.086603 -0.050000 0.000000
vt 0.070711 -0.070711 0.000000
vt -0.070711 -0.070711 0.000000
vt 0.050000 -0.086603 0.000000
vt -0.050000 -0.086603 0.000000
vt 0.025882 -0.096593 0.000000
vt -0.025882 -0.096593 0.000000
vt 0.000000 -0.100000 0.000000
vt -0.200000 0.287979 0.000000
vt -0.000000 0.287979 0.000000
vt -0.200000 0.314159 0.000000
vt -0.000000 0.314159 0.000000
vt -0.200000 -0.314159 0.000000
vt -0.000000 -0.314159 0.000000
vt -0.200000 -0.287979 0.000000
vt -0.000000 -0.287979 0.000000
vt -0.200000 -0.261799 0.000000
vt -0.000000 -0.261799 0.000000
vt -0.200000 -0.235619 0.000000
vt -0.000000 -0.235619 0.000000
vt -0.200000 -0.209440 0.000000
vt -0.000000 -0.209440 0.000000
vt -0.200000 -0.183260 0.000000
vt -0.000000 -0.183260 0.000000
vt -0.200000 -0.157080 0.000000
vt -0.000000 -0.157080 0.000000
vt -0.200000 -0.130900 0.000000
vt -0.000000 -0.130900 0.000000
vt -0.200000 -0.104720 0.000000
vt -0.000000 -0.104720 0.000000
vt -0.200000 -0.078540 0.000000
vt -0.000000 -0.078540 0.000000
vt -0.200000 -0.052360 0.000000
vt -0.000000 -0.052360 0.000000
vt -0.200000 -0.026180 0.000000
vt -0.000000 -0.026180 0.000000
vt -0.200000 0.000000 0.000000
vt -0.000000 0.000000 0.000000
vt -0.200000 0.026180 0.000000
vt -0.000000 0.026180 0.000000
vt -0.200000 0.052360 0.000000
vt -0.000000 0.052360 0.000000
vt -0.200000 0.078540 0.000000
vt -0.000000 0.078540 0.000000
vt -0.200000 0.104720 0.000000
vt -0.000000 0.104720 0.000000
vt -0.200000 0.130900 0.000000
vt -0.000000 0.130900 0.000000
vt -0.200000 0.157080 0.000000
vt -0.000000 0.157080 0.000000
vt -0.200000 0.183260 0.000000
vt -0.000000 0.183260 0.000000
vt -0.200000 0.209440 0.000000
vt -0.000000 0.209440 0.000000
vt -0.200000 0.235619 0.000000
vt -0.000000 0.235619 0.000000
vt -0.200000 0.261799 0.000000
vt -0.000000 0.261799 0.000000
vt -0.120741 -0.032352 0.000000
vt 0.120741 -0.032352 0.000000
vt -0.125000 0.000000 0.000000
vt 0.125000 0.000000 0.000000
vt -0.120741 0.032352 0.000000
vt 0.120741 0.032352 0.000000
vt -0.108253 0.062500 0.000000
vt 0.108253 0.062500 0.000000
vt -0.088388 0.088388 0.000000
vt 0.088388 0.088388 0.000000
vt -0.062500 0.108253 0.000000
vt 0.062500 0.108253 0.000000
vt -0.032352 0.120741 0.000000
vt 0.032352 0.120741 0.000000
vt 0.000000 0.125000 0.000000
vt 0.108253 -0.062500 0.000000
vt -0.108253 -0.062500 0.000000
vt 0.088388 -0.088388 0.000000
vt -0.088388 -0.088388 0.000000
vt 0.062500 -0.108253 0.000000
vt -0.062500 -0.108253 0.000000
vt 0.032352 -0.120741 0.000000
vt -0.032352 -0.120741 0.000000
vt 0.000000 -0.125000 0.000000
vt -0.200000 0.359974 0.000000
vt -0.000000 0.359974 0.000000
vt -0.200000 0.392699 0.000000
vt -0.000000 0.392699 0.000000
vt -0.200000 -0.392699 0.000000
vt -0.000000 -0.392699 0.000000
vt -0.200000 -0.359974 0.000000
vt -0.000000 -0.359974 0.000000
vt -0.200000 -0.327249 0.000000
vt -0.000000 -0.327249 0.000000
vt -0.200000 -0.294524 0.000000
vt -0.000000 -0.294524 0.000000
vt -0.200000 -0.261799 0.000000
vt -0.000000 -0.261799 0.000000
vt -0.200000 -0.229074 0.000000
vt -0.000000 -0.229074 0.000000
vt -0.200000 -0.196350 0.000000
vt -0.000000 -0.196350 0.000000
vt -0.200000 -0.163625 0.000000
vt -0.000000 -0.163625 0.000000
vt -0.200000 -0.130900 0.000000
vt -0.000000 -0.130900 0.000000
vt -0.200000 -0.098175 0.000000
vt -0.000000 -0.098175 0.000000
vt -0.200000 -0.065450 0.000000
vt -0.000000 -0.065450 0.000000
vt -0.200000 -0.032725 0.000000
vt -0.000000 -0.032725 0.000000
vt -0.200000 0.000000 0.000000
vt -0.000000 0.000000 0.000000
vt -0.200000 0.032725 0.000000
vt -0.000000 0.032725 0.000000
vt -0.200000 0.065450 0.000000
vt -0.000000 0.065450 0.000000
vt -0.200000 0.098175 0.000000
vt -0.000000 0.098175 0.000000
vt -0.200000 0.130900 0.000000
vt -0.000000 0.130900 0.000000
vt -0.200000 0.163625 0.000000
vt -0.000000 0.163625 0.000000
vt -0.200000 0.196350 0.000000
vt -0.000000 0.196350 0.000000
vt -0.200000 0.229074 0.000000
vt -0.000000 0.229074 0.000000
vt -0.200000 0.261799 0.000000
vt -0.000000 0.261799 0.000000
vt -0.200000 0.294524 0.000000
vt -0.000000 0.294524 0.000000
vt -0.200000 0.327249 0.000000
vt -0.000000 0.327249 0.000000
vt 0.000000 0.000000 0.000000
vt 7.654085 0.000000 0.000000
vt 0.000000 2.500000 0.000000
vt 7.654085 2.500000 0.000000
vt 8.052676 0.976000 0.000000
vt 8.816676 0.976000 0.000000
vt 15.308171 0.000000 0.000000
vt 8.850323 0.664430 0.000000
vt 8.816676 0.660000 0.000000
vt 8.182676 0.660000 0.000000
vt 15.308171 2.500000 0.000000
vt 8.929259 0.911000 0.000000
vt 8.942246 0.879646 0.000000
vt 8.946676 0.846000 0.000000
vt 8.850323 0.971570 0.000000
vt 8.881676 0.958583 0.000000
vt 8.908600 0.937924 0.000000
vt 8.946676 0.790000 0.000000
vt 8.942246 0.756354 0.000000
vt 8.929259 0.725000 0.000000
vt 8.908600 0.698076 0.000000
vt 8.881676 0.677417 0.000000
vt 8.149030 0.664430 0.000000
vt 8.117676 0.677417 0.000000
vt 8.090752 0.698076 0.000000
vt 8.070093 0.725000 0.000000
vt 8.057106 0.756354 0.000000
vt 8.052676 0.790000 0.000000
vt 15.000000 2.800000 0.000000
vt 8.000000 2.800000 0.000000
vt 15.000000 0.000000 0.000000
vt 8.000000 0.000000 0.000000
vt 7.614000 1.276000 0.000000
vt 7.614000 1.090000 0.000000
vt 1.000000 2.800000 0.000000
vt 6.816354 1.271570 0.000000
vt 6.850000 1.276000 0.000000
vt 1.000000 0.000000 0.000000
vt 6.724430 1.179646 0.000000
vt 6.737417 1.211000 0.000000
vt 6.758076 1.237924 0.000000
vt 6.816354 0.964430 0.000000
vt 6.785000 0.977417 0.000000
vt 6.758076 0.998076 0.000000
vt 6.720000 1.090000 0.000000
vt 6.720000 1.146000 0.000000
vt 6.785000 1.258583 0.000000
vt 7.609570 1.056354 0.000000
vt 7.596583 1.025000 0.000000
vt 7.575924 0.998076 0.000000
vt 7.549000 0.977417 0.000000
vt 7.517646 0.964430 0.000000
vt 7.484000 0.960000 0.000000
vt 6.850000 0.960000 0.000000
vt 6.737417 1.025000 0.000000
vt 6.724430 1.056354 0.000000
vt 0.000000 0.358505 0.000000
vt -0.634000 0.358505 0.000000
vt 0.000000 0.000000 0.000000
vt -0.634000 0.000000 0.000000
vt 0.000000 0.000000 0.000000
vt 0.358505 0.000000 0.000000
vt 0.000000 0.034034 0.000000
vt 0.358505 0.034034 0.000000
vt 0.000000 0.068068 0.000000
vt 0.358505 0.068068 0.000000
vt 0.000000 0.102102 0.000000
vt 0.358505 0.102102 0.000000
vt 0.000000 0.136136 0.000000
vt 0.358505 0.136136 0.000000
vt 0.000000 0.170170 0.000000
vt 0.358505 0.170170 0.000000
vt 0.000000 0.204204 0.000000
vt 0.358505 0.204204 0.000000
vt -0.000000 0.358505 0.000000
vt -0.056000 0.358505 0.000000
vt -0.000000 0.000000 0.000000
vt -0.056000 0.000000 0.000000
vt 0.000000 0.000000 0.000000
vt 0.358505 0.000000 0.000000
vt 0.000000 0.034034 0.000000
vt 0.358505 0.034034 0.000000
vt 0.000000 0.068068 0.000000
vt 0.358505 0.068068 0.000000
vt 0.000000 0.102102 0.000000
vt 0.358505 0.102102 0.000000
vt 0.000000 0.136136 0.000000
vt 0.358505 0.136136 0.000000
vt 0.000000 0.170170 0.000000
vt 0.358505 0.170170 0.000000
vt 0.000000 0.204204 0.000000
vt 0.358505 0.204204 0.000000
vt -0.000000 0.358505 0.000000
vt -0.764000 0.358505 0.000000
vt -0.000000 0.000000 0.000000
vt -0.764000 0.000000 0.000000
vt 0.000000 0.358505 0.000000
vt -0.186000 0.358505 0.000000
vt 0.000000 0.000000 0.000000
vt -0.186000 0.000000 0.000000
vt 0.000000 0.000000 0.000000
vt 0.358505 0.000000 0.000000
vt 0.000000 0.034034 0.000000
vt 0.358505 0.034034 0.000000
vt 0.000000 0.068068 0.000000
vt 0.358505 0.068068 0.000000
vt 0.000000 0.102102 0.000000
vt 0.358505 0.102102 0.000000
vt 0.000000 0.136136 0.000000
vt 0.358505 0.136136 0.000000
vt 0.000000 0.170170 0.000000
vt 0.358505 0.170170 0.000000
vt 0.000000 0.204204 0.000000
vt 0.358505 0.204204 0.000000
vn 0.965926 -0.258819 -0.000000
vn 0.965926 -0.258819 -0.000000
vn 1.000000 -0.000000 -0.000000
vn 1.000000 -0.000000 -0.000000
vn 0.965926 0.258819 -0.000000
vn 0.965926 0.258819 -0.000000
vn 0.866025 0.500000 -0.000000
vn 0.866025 0.500000 -0.000000
vn 0.707107 0.707107 -0.000000
vn 0.707107 0.707107 -0.000000
vn 0.500000 0.866025 -0.000000
vn 0.500000 0.866025 -0.000000
vn 0.258819 0.965926 -0.000000
vn 0.258819 0.965926 -0.000000
vn -0.000000 1.000000 -0.000000
vn -0.000000 1.000000 -0.000000
vn -0.258819 0.965926 -0.000000
vn -0.258819 0.965926 -0.000000
vn -0.500000 0.866025 -0.000000
vn -0.500000 0.866025 -0.000000
vn -0.707107 0.707107 -0.000000
vn -0.707107 0.707107 -0.000000
vn -0.866025 0.500000 -0.000000
vn -0.866025 0.500000 -0.000000
vn -0.965926 0.258819 -0.000000
vn -0.965926 0.258819 -0.000000
vn -1.000000 -0.000000 0.000000
vn -1.000000 -0.000000 0.000000
vn -0.965926 -0.258819 0.000000
vn -0.965926 -0.258819 0.000000
vn -0.866025 -0.500000 0.000000
vn -0.866025 -0.500000 0.000000
vn -0.707107 -0.707107 0.000000
vn -0.707107 -0.707107 0.000000
vn -0.500000 -0.866025 0.000000
vn -0.500000 -0.866025 0.000000
vn -0.258819 -0.965926 0.000000
vn -0.258819 -0.965926 0.000000
vn -0.000000 -1.000000 0.000000
vn -0.000000 -1.000000 0.000000
vn 0.258819 -0.965926 -0.000000
vn 0.258819 -0.965926 -0.000000
vn 0.500000 -0.866025 -0.000000
vn 0.500000 -0.866025 -0.000000
vn 0.707107 -0.707107 -0.000000
vn 0.707107 -0.707107 -0.000000
vn 0.866025 -0.500000 -0.000000
vn 0.866025 -0.500000 -0.000000
vn 0.000000 0.000000 1.000000
vn 0.000000 0.000000 1.000000
vn 0.000000 0.000000 1.000000
vn 0.000000 0.000000 1.000000
vn 0.000000 0.000000 1.000000
vn 0.000000 0.000000 1.000000
vn 0.000000 0.000000 1.000000
vn 0.000000 0.000000 1.000000
vn 0.000000 0.000000 1.000000
vn 0.000000 0.000000 1.000000
vn 0.000000 0.000000 1.000000
vn 0.000000 0.000000 1.000000
vn 0.000000 0.000000 1.000000
vn 0.000000 0.000000 1.000000
vn 0.000000 0.000000 1.000000
vn 0.000000 0.000000 1.000000
vn 0.000000 0.000000 1.000000
vn 0.000000 0.000000 1.000000
vn 0.000000 0.000000 1.000000
vn 0.000000 0.000000 1.000000
vn 0.000000 0.000000 1.000000
vn 0.000000 0.000000 1.000000
vn 0.000000 0.000000 1.000000
vn 0.000000 0.000000 1.000000
vn 0.965926 -0.258819 -0.000000
vn 0.965926 -0.258819 -0.000000
vn 1.000000 -0.000000 -0.000000
vn 1.000000 -0.000000 -0.000000
vn 0.965926 0.258819 -0.000000
vn 0.965926 0.258819 -0.000000
vn 0.866025 0.500000 -0.000000
vn 0.866025 0.500000 -0.000000
vn 0.707107 0.707107 -0.000000
vn 0.707107 0.707107 -0.000000
vn 0.500000 0.866025 -0.000000
vn 0.500000 0.866025 -0.000000
vn 0.258819 0.965926 -0.000000
vn 0.258819 0.965926 -0.000000
vn -0.000000 1.000000 -0.000000
vn -0.000000 1.000000 -0.000000
vn -0.258819 0.965926 -0.000000
vn -0.258819 0.965926 -0.000000
vn -0.500000 0.866025 -0.000000
vn -0.500000 0.866025 -0.000000
vn -0.707107 0.707107 -0.000000
vn -0.707107 0.707107 -0.000000
vn -0.866025 0.500000 -0.000000
vn -0.866025 0.500000 -0.000000
vn -0.965926 0.258819 -0.000000
vn -0.965926 0.258819 -0.000000
vn -1.000000 -0.000000 0.000000
vn -1.000000 -0.000000 0.000000
vn -0.965926 -0.258819 0.000000
vn -0.965926 -0.258819 0.000000
vn -0.866025 -0.500000 0.000000
vn -0.866025 -0.500000 0.000000
vn -0.707107 -0.707107 0.000000
vn -0.707107 -0.707107 0.000000
vn -0.500000 -0.866025 0.000000
vn -0.500000 -0.866025 0.000000
vn -0.258819 -0.965926 0.000000
vn -0.258819 -0.965926 0.000000
vn -0.000000 -1.000000 0.000000
vn -0.000000 -1.000000 0.000000
vn 0.258819 -0.965926 -0.000000
vn 0.258819 -0.965926 -0.000000
vn 0.500000 -0.866025 -0.000000
vn 0.500000 -0.866025 -0.000000
vn 0.707107 -0.707107 -0.000000
vn 0.707107 -0.707107 -0.000000
vn 0.866025 -0.500000 -0.000000
vn 0.866025 -0.500000 -0.000000
vn 0.000000 0.000000 1.000000
vn 0.000000 0.000000 1.000000
vn 0.000000 0.000000 1.000000
vn 0.000000 0.000000 1.000000
vn 0.000000 0.000000 1.000000
vn 0.000000 0.000000 1.000000
vn 0.000000 0.000000 1.000000
vn 0.000000 0.000000 1.000000
vn 0.000000 0.000000 1.000000
vn 0.000000 0.000000 1.000000
vn 0.000000 0.000000 1.000000
vn 0.000000 0.000000 1.000000
vn 0.000000 0.000000 1.000000
vn 0.000000 0.000000 1.000000
vn 0.000000 0.000000 1.000000
vn 0.000000 0.000000 1.000000
vn 0.000000 0.000000 1.000000
vn 0.000000 0.000000 1.000000
vn 0.000000 0.000000 1.000000
vn 0.000000 0.000000 1.000000
vn 0.000000 0.000000 1.000000
vn 0.000000 0.000000 1.000000
vn 0.000000 0.000000 1.000000
vn 0.000000 0.000000 1.000000
vn -0.000000 1.000000 -0.000000
vn -0.000000 1.000000 -0.000000
vn -0.000000 1.000000 -0.000000
vn -0.000000 1.000000 -0.000000
vn 0.000000 0.000000 1.000000
vn 0.000000 0.000000 1.000000
vn 0.000000 0.000000 1.000000
vn 0.000000 0.000000 1.000000
vn -0.000000 -1.000000 -0.000000
vn -0.000000 -1.000000 -0.000000
vn -0.000000 -1.000000 -0.000000
vn -0.000000 -1.000000 -0.000000
vn -0.000000 0.000000 -1.000000
vn -0.000000 0.000000 -1.000000
vn -0.000000 0.000000 -1.000000
vn -0.000000 0.000000 -1.000000
vn -0.000000 -0.000000 -1.000000
vn -0.000000 -0.000000 -1.000000
vn -0.000000 -0.000000 -1.000000
vn -0.000000 -0.000000 -1.000000
vn -0.000000 -0.000000 -1.000000
vn -0.000000 -0.000000 -1.000000
vn -0.000000 -0.000000 -1.000000
vn -0.000000 -0.000000 -1.000000
vn -0.000000 -0.000000 -1.000000
vn -0.000000 -0.000000 -1.000000
vn -0.000000 -0.000000 -1.000000
vn -0.000000 -0.000000 -1.000000
vn -0.000000 -0.000000 -1.000000
vn -0.000000 -0.000000 -1.000000
vn -0.000000 -0.000000 -1.000000
vn -0.000000 -0.000000 -1.000000
vn -0.000000 -0.000000 -1.000000
vn -0.000000 -0.000000 -1.000000
vn -0.000000 -0.000000 -1.000000
vn -0.000000 -0.000000 -1.000000
vn -0.000000 -0.000000 -1.000000
vn -0.000000 -0.000000 -1.000000
vn -0.000000 -0.000000 -1.000000
vn -0.000000 -0.000000 -1.000000
vn -0.000000 -0.000000 -1.000000
vn -0.000000 -0.000000 -1.000000
vn -0.000000 -0.000000 -1.000000
vn -0.000000 -0.000000 -1.000000
vn -0.000000 -0.000000 -1.000000
vn -0.000000 -0.000000 -1.000000
vn -0.000000 -0.000000 -1.000000
vn 1.000000 0.000000 0.000000
vn 1.000000 0.000000 0.000000
vn 1.000000 0.000000 0.000000
vn 1.000000 0.000000 0.000000
vn 1.000000 0.000000 0.000000
vn 1.000000 0.000000 0.000000
vn 1.000000 0.000000 0.000000
vn 1.000000 0.000000 0.000000
vn -1.000000 0.000000 0.000000
vn -1.000000 0.000000 0.000000
vn -1.000000 0.000000 0.000000
vn -1.000000 0.000000 0.000000
vn -1.000000 0.000000 0.000000
vn -1.000000 0.000000 0.000000
vn -1.000000 0.000000 0.000000
vn -1.000000 0.000000 0.000000
vn -1.000000 0.000000 0.000000
vn -1.000000 0.000000 0.000000
vn 1.000000 -0.000000 0.000000
vn 1.000000 -0.000000 0.000000
vn 1.000000 -0.000000 0.000000
vn 1.000000 -0.000000 0.000000
vn 1.000000 -0.000000 0.000000
vn 1.000000 -0.000000 0.000000
vn 0.000000 -1.000000 0.000000
vn 0.000000 -1.000000 0.000000
vn 0.000000 -1.000000 0.000000
vn 0.000000 -1.000000 0.000000
vn 0.000000 -1.000000 0.000000
vn 0.000000 -1.000000 0.000000
vn -1.000000 0.000000 0.000000
vn -1.000000 0.000000 0.000000
vn -1.000000 0.000000 0.000000
vn -1.000000 0.000000 0.000000
vn -0.000000 -1.000000 -0.000000
vn -0.000000 -1.000000 -0.000000
vn -0.258819 -0.965926 0.000000
vn -0.258819 -0.965926 0.000000
vn -0.500000 -0.866025 0.000000
vn -0.500000 -0.866025 0.000000
vn -0.707107 -0.707107 0.000000
vn -0.707107 -0.707107 0.000000
vn -0.866025 -0.500000 0.000000
vn -0.866025 -0.500000 0.000000
vn -0.965926 -0.258819 0.000000
vn -0.965926 -0.258819 0.000000
vn 0.965926 -0.258819 -0.000000
vn 0.965926 -0.258819 -0.000000
vn 0.866025 -0.500000 -0.000000
vn 0.866025 -0.500000 -0.000000
vn 0.707107 -0.707107 -0.000000
vn 0.707107 -0.707107 -0.000000
vn 0.500000 -0.866025 -0.000000
vn 0.500000 -0.866025 -0.000000
vn 0.258819 -0.965926 -0.000000
vn 0.258819 -0.965926 -0.000000
vn -0.000000 -1.000000 -0.000000
vn -0.000000 -1.000000 -0.000000
vn -0.965926 0.258819 -0.000000
vn -0.965926 0.258819 -0.000000
vn -0.866025 0.500000 -0.000000
vn -0.866025 0.500000 -0.000000
vn -0.707107 0.707107 -0.000000
vn -0.707107 0.707107 -0.000000
vn -0.500000 0.866025 -0.000000
vn -0.500000 0.866025 -0.000000
vn -0.258819 0.965926 -0.000000
vn -0.258819 0.965926 -0.000000
vn -0.000000 1.000000 -0.000000
vn -0.000000 1.000000 -0.000000
vn 0.000000 1.000000 -0.000000
vn 0.000000 1.000000 -0.000000
vn 0.000000 1.000000 -0.000000
vn 0.000000 1.000000 -0.000000
vn 0.000000 0.000000 1.000000
vn 0.000000 0.000000 1.000000
vn 0.000000 0.000000 1.000000
vn 0.000000 0.000000 1.000000
vn 0.000000 0.000000 1.000000
vn 0.000000 0.000000 1.000000
vn 0.000000 0.000000 1.000000
vn 0.000000 0.000000 1.000000
vn 0.000000 0.000000 1.000000
vn 0.000000 0.000000 1.000000
vn 0.000000 0.000000 1.000000
vn 0.000000 0.000000 1.000000
vn 0.000000 0.000000 1.000000
vn 0.000000 0.000000 1.000000
vn 0.000000 0.000000 1.000000
vn 0.000000 0.000000 1.000000
vn 0.000000 0.000000 1.000000
vn 0.000000 0.000000 1.000000
vn 0.000000 0.000000 1.000000
vn 0.000000 0.000000 1.000000
vn 0.000000 0.000000 1.000000
vn 0.000000 0.000000 1.000000
vn 0.000000 0.000000 1.000000
vn 0.000000 0.000000 1.000000
vn 0.000000 0.000000 1.000000
vn 0.000000 0.000000 1.000000
vn 0.000000 0.000000 1.000000
vn 0.000000 0.000000 1.000000
vn 0.000000 0.000000 1.000000
vn 0.000000 0.000000 1.000000
vn 0.000000 0.000000 1.000000
vn 0.000000 0.000000 1.000000
vn 0.000000 0.000000 1.000000
vn 0.000000 0.000000 1.000000
vn 0.000000 0.000000 1.000000
vn 0.000000 0.000000 1.000000
vn 0.000000 0.000000 1.000000
vn 0.000000 0.000000 1.000000
vn 0.258819 0.965926 -0.000000
vn 0.258819 0.965926 -0.000000
vn 0.500000 0.866025 -0.000000
vn 0.500000 0.866025 -0.000000
vn 0.707107 0.707107 -0.000000
vn 0.707107 0.707107 -0.000000
vn 0.866025 0.500000 -0.000000
vn 0.866025 0.500000 -0.000000
vn 0.965926 0.258819 -0.000000
vn 0.965926 0.258819 -0.000000
vn 0.000000 0.000000 1.000000
vn 0.000000 0.000000 1.000000
vn 0.000000 0.000000 1.000000
vn 0.000000 0.000000 1.000000
vn 0.000000 0.000000 1.000000
vn 0.000000 0.000000 1.000000
vn 0.000000 0.000000 1.000000
vn 0.000000 0.000000 1.000000
vn 0.000000 0.000000 1.000000
vn 0.000000 0.000000 1.000000
vn 0.000000 0.000000 1.000000
vn 0.000000 0.000000 1.000000
vn 0.000000 0.000000 1.000000
vn 0.000000 0.000000 1.000000
vn 0.000000 0.000000 1.000000
vn 0.000000 0.000000 1.000000
vn 0.000000 0.000000 1.000000
vn 0.000000 0.000000 1.000000
vn 0.000000 0.000000 1.000000
vn 0.000000 0.000000 1.000000
vn 0.000000 0.000000 1.000000
vn 0.000000 0.000000 1.000000
vn 0.000000 0.000000 1.000000
vn 0.000000 0.000000 1.000000
vn 0.000000 0.000000 1.000000
vn 0.000000 0.000000 1.000000
vn 0.000000 0.000000 1.000000
vn 0.000000 0.000000 1.000000
vn 0.000000 0.000000 1.000000
vn 0.000000 0.000000 1.000000
vn 0.000000 0.000000 1.000000
vn 0.000000 0.000000 1.000000
vn 0.000000 0.000000 1.000000
vn 0.000000 0.000000 1.000000
vn 0.000000 0.000000 1.000000
vn 0.000000 0.000000 1.000000
vn 0.000000 0.000000 1.000000
vn 0.000000 0.000000 1.000000
vn 0.000000 0.000000 1.000000
vn 0.000000 0.000000 1.000000
vn 0.000000 0.000000 1.000000
vn 0.000000 0.000000 1.000000
vn 0.000000 0.000000 1.000000
vn 0.000000 0.000000 1.000000
vn 0.000000 0.000000 1.000000
vn 0.000000 0.000000 1.000000
vn 0.000000 0.000000 1.000000
vn 0.000000 0.000000 1.000000
vn 0.965926 -0.258819 -0.000000
vn 0.965926 -0.258819 -0.000000
vn 1.000000 -0.000000 -0.000000
vn 1.000000 -0.000000 -0.000000
vn 0.965926 0.258819 -0.000000
vn 0.965926 0.258819 -0.000000
vn 0.866025 0.500000 -0.000000
vn 0.866025 0.500000 -0.000000
vn 0.707107 0.707107 -0.000000
vn 0.707107 0.707107 -0.000000
vn 0.500000 0.866025 -0.000000
vn 0.500000 0.866025 -0.000000
vn 0.258819 0.965926 -0.000000
vn 0.258819 0.965926 -0.000000
vn -0.000000 1.000000 -0.000000
vn -0.000000 1.000000 -0.000000
vn -0.258819 0.965926 -0.000000
vn -0.258819 0.965926 -0.000000
vn -0.500000 0.866025 -0.000000
vn -0.500000 0.866025 -0.000000
vn -0.707107 0.707107 -0.000000
vn -0.707107 0.707107 -0.000000
vn -0.866025 0.500000 -0.000000
vn -0.866025 0.500000 -0.000000
vn -0.965926 0.258819 -0.000000
vn -0.965926 0.258819 -0.000000
vn -1.000000 -0.000000 0.000000
vn -1.000000 -0.000000 0.000000
vn -0.965926 -0.258819 0.000000
vn -0.965926 -0.258819 0.000000
vn -0.866025 -0.500000 0.000000
vn -0.866025 -0.500000 0.000000
vn -0.707107 -0.707107 0.000000
vn -0.707107 -0.707107 0.000000
vn -0.500000 -0.866025 0.000000
vn -0.500000 -0.866025 0.000000
vn -0.258819 -0.965926 0.000000
vn -0.258819 -0.965926 0.000000
vn -0.000000 -1.000000 0.000000
vn -0.000000 -1.000000 0.000000
vn 0.258819 -0.965926 -0.000000
vn 0.258819 -0.965926 -0.000000
vn 0.500000 -0.866025 -0.000000
vn 0.500000 -0.866025 -0.000000
vn 0.707107 -0.707107 -0.000000
vn 0.707107 -0.707107 -0.000000
vn 0.866025 -0.500000 -0.000000
vn 0.866025 -0.500000 -0.000000
vn 0.965926 0.258819 -0.000000
vn 1.000000 0.000000 -0.000000
vn 0.965926 -0.258819 -0.000000
vn 0.866025 -0.500000 -0.000000
vn 0.707107 -0.707107 -0.000000
vn 0.500000 -0.866025 -0.000000
vn 0.258819 -0.965926 -0.000000
vn -0.000000 -1.000000 0.000000
vn -0.258819 -0.965926 0.000000
vn -0.500000 -0.866025 0.000000
vn -0.707107 -0.707107 0.000000
vn -0.866025 -0.500000 0.000000
vn -0.965926 -0.258819 0.000000
vn -1.000000 -0.000000 0.000000
vn -0.965926 0.258819 -0.000000
vn -0.866025 0.500000 -0.000000
vn -0.707107 0.707107 -0.000000
vn -0.500000 0.866025 -0.000000
vn -0.258819 0.965926 -0.000000
vn -0.000000 1.000000 -0.000000
vn 0.258819 0.965926 -0.000000
vn 0.500000 0.866025 -0.000000
vn 0.707107 0.707107 -0.000000
vn 0.866025 0.500000 -0.000000
vn 0.000000 0.000000 1.000000
vn 0.000000 0.000000 1.000000
vn 0.000000 0.000000 1.000000
vn 0.000000 0.000000 1.000000
vn 0.000000 0.000000 1.000000
vn 0.000000 0.000000 1.000000
vn 0.000000 0.000000 1.000000
vn 0.000000 0.000000 1.000000
vn 0.000000 0.000000 1.000000
vn 0.000000 0.000000 1.000000
vn 0.000000 0.000000 1.000000
vn 0.000000 0.000000 1.000000
vn 0.000000 0.000000 1.000000
vn 0.000000 0.000000 1.000000
vn 0.000000 0.000000 1.000000
vn 0.000000 0.000000 1.000000
vn 0.000000 0.000000 1.000000
vn 0.000000 0.000000 1.000000
vn 0.000000 0.000000 1.000000
vn 0.000000 0.000000 1.000000
vn 0.000000 0.000000 1.000000
vn 0.000000 0.000000 1.000000
vn 0.000000 0.000000 1.000000
vn 0.000000 0.000000 1.000000
vn 0.000000 0.000000 1.000000
vn 0.000000 0.000000 1.000000
vn 0.000000 0.000000 1.000000
vn 0.000000 0.000000 1.000000
vn 0.000000 0.000000 1.000000
vn 0.000000 0.000000 1.000000
vn 0.000000 0.000000 1.000000
vn 0.000000 0.000000 1.000000
vn 0.000000 0.000000 1.000000
vn 0.000000 0.000000 1.000000
vn 0.000000 0.000000 1.000000
vn 0.000000 0.000000 1.000000
vn 0.000000 0.000000 1.000000
vn 0.000000 0.000000 1.000000
vn 0.000000 0.000000 1.000000
vn 0.000000 0.000000 1.000000
vn 0.000000 0.000000 1.000000
vn 0.000000 0.000000 1.000000
vn 0.000000 0.000000 1.000000
vn 0.000000 0.000000 1.000000
vn 0.000000 0.000000 1.000000
vn 0.000000 0.000000 1.000000
vn 0.000000 0.000000 1.000000
vn 0.000000 0.000000 1.000000
vn 0.965926 -0.258819 -0.000000
vn 0.965926 -0.258819 -0.000000
vn 1.000000 -0.000000 -0.000000
vn 1.000000 -0.000000 -0.000000
vn 0.965926 0.258819 -0.000000
vn 0.965926 0.258819 -0.000000
vn 0.866025 0.500000 -0.000000
vn 0.866025 0.500000 -0.000000
vn 0.707107 0.707107 -0.000000
vn 0.707107 0.707107 -0.000000
vn 0.500000 0.866025 -0.000000
vn 0.500000 0.866025 -0.000000
vn 0.258819 0.965926 -0.000000
vn 0.258819 0.965926 -0.000000
vn -0.000000 1.000000 -0.000000
vn -0.000000 1.000000 -0.000000
vn -0.258819 0.965926 -0.000000
vn -0.258819 0.965926 -0.000000
vn -0.500000 0.866025 -0.000000
vn -0.500000 0.866025 -0.000000
vn -0.707107 0.707107 -0.000000
vn -0.707107 0.707107 -0.000000
vn -0.866025 0.500000 -0.000000
vn -0.866025 0.500000 -0.000000
vn -0.965926 0.258819 -0.000000
vn -0.965926 0.258819 -0.000000
vn -1.000000 -0.000000 0.000000
vn -1.000000 -0.000000 0.000000
vn -0.965926 -0.258819 0.000000
vn -0.965926 -0.258819 0.000000
vn -0.866025 -0.500000 0.000000
vn -0.866025 -0.500000 0.000000
vn -0.707107 -0.707107 0.000000
vn -0.707107 -0.707107 0.000000
vn -0.500000 -0.866025 0.000000
vn -0.500000 -0.866025 0.000000
vn -0.258819 -0.965926 0.000000
vn -0.258819 -0.965926 0.000000
vn -0.000000 -1.000000 0.000000
vn -0.000000 -1.000000 0.000000
vn 0.258819 -0.965926 -0.000000
vn 0.258819 -0.965926 -0.000000
vn 0.500000 -0.866025 -0.000000
vn 0.500000 -0.866025 -0.000000
vn 0.707107 -0.707107 -0.000000
vn 0.707107 -0.707107 -0.000000
vn 0.866025 -0.500000 -0.000000
vn 0.866025 -0.500000 -0.000000
vn 0.000000 0.000000 1.000000
vn 0.000000 0.000000 1.000000
vn 0.000000 0.000000 1.000000
vn 0.000000 0.000000 1.000000
vn 0.000000 0.000000 1.000000
vn 0.000000 0.000000 1.000000
vn 0.000000 0.000000 1.000000
vn 0.000000 0.000000 1.000000
vn 0.000000 0.000000 1.000000
vn 0.000000 0.000000 1.000000
vn 0.000000 0.000000 1.000000
vn 0.000000 0.000000 1.000000
vn 0.000000 0.000000 1.000000
vn 0.000000 0.000000 1.000000
vn 0.000000 0.000000 1.000000
vn 0.000000 0.000000 1.000000
vn 0.000000 0.000000 1.000000
vn 0.000000 0.000000 1.000000
vn 0.000000 0.000000 1.000000
vn 0.000000 0.000000 1.000000
vn 0.000000 0.000000 1.000000
vn 0.000000 0.000000 1.000000
vn 0.000000 0.000000 1.000000
vn 0.000000 0.000000 1.000000
vn 0.000000 0.000000 1.000000
vn 0.000000 0.000000 1.000000
vn 0.000000 0.000000 1.000000
vn 0.000000 0.000000 1.000000
vn 0.000000 0.000000 1.000000
vn 0.000000 0.000000 1.000000
vn 0.000000 0.000000 1.000000
vn 0.000000 0.000000 1.000000
vn 0.000000 0.000000 1.000000
vn 0.000000 0.000000 1.000000
vn 0.000000 0.000000 1.000000
vn 0.000000 0.000000 1.000000
vn 0.000000 0.000000 1.000000
vn 0.000000 0.000000 1.000000
vn 0.000000 0.000000 1.000000
vn 0.000000 0.000000 1.000000
vn 0.000000 0.000000 1.000000
vn 0.000000 0.000000 1.000000
vn 0.000000 0.000000 1.000000
vn 0.000000 0.000000 1.000000
vn 0.000000 0.000000 1.000000
vn 0.000000 0.000000 1.000000
vn 0.000000 0.000000 1.000000
vn 0.000000 0.000000 1.000000
vn 0.965926 -0.258819 -0.000000
vn 0.965926 -0.258819 -0.000000
vn 1.000000 -0.000000 -0.000000
vn 1.000000 -0.000000 -0.000000
vn 0.965926 0.258819 -0.000000
vn 0.965926 0.258819 -0.000000
vn 0.866025 0.500000 -0.000000
vn 0.866025 0.500000 -0.000000
vn 0.707107 0.707107 -0.000000
vn 0.707107 0.707107 -0.000000
vn 0.500000 0.866025 -0.000000
vn 0.500000 0.866025 -0.000000
vn 0.258819 0.965926 -0.000000
vn 0.258819 0.965926 -0.000000
vn -0.000000 1.000000 -0.000000
vn -0.000000 1.000000 -0.000000
vn -0.258819 0.965926 -0.000000
vn -0.258819 0.965926 -0.000000
vn -0.500000 0.866025 -0.000000
vn -0.500000 0.866025 -0.000000
vn -0.707107 0.707107 -0.000000
vn -0.707107 0.707107 -0.000000
vn -0.866025 0.500000 -0.000000
vn -0.866025 0.500000 -0.000000
vn -0.965926 0.258819 -0.000000
vn -0.965926 0.258819 -0.000000
vn -1.000000 -0.000000 0.000000
vn -1.000000 -0.000000 0.000000
vn -0.965926 -0.258819 0.000000
vn -0.965926 -0.258819 0.000000
vn -0.866025 -0.500000 0.000000
vn -0.866025 -0.500000 0.000000
vn -0.707107 -0.707107 0.000000
vn -0.707107 -0.707107 0.000000
vn -0.500000 -0.866025 0.000000
vn -0.500000 -0.866025 0.000000
vn -0.258819 -0.965926 0.000000
vn -0.258819 -0.965926 0.000000
vn -0.000000 -1.000000 0.000000
vn -0.000000 -1.000000 0.000000
vn 0.258819 -0.965926 -0.000000
vn 0.258819 -0.965926 -0.000000
vn 0.500000 -0.866025 -0.000000
vn 0.500000 -0.866025 -0.000000
vn 0.707107 -0.707107 -0.000000
vn 0.707107 -0.707107 -0.000000
vn 0.866025 -0.500000 -0.000000
vn 0.866025 -0.500000 -0.000000
vn 0.965926 0.258819 -0.000000
vn 1.000000 0.000000 -0.000000
vn 0.965926 -0.258819 -0.000000
vn 0.866025 -0.500000 -0.000000
vn 0.707107 -0.707107 -0.000000
vn 0.500000 -0.866025 -0.000000
vn 0.258819 -0.965926 -0.000000
vn -0.000000 -1.000000 0.000000
vn -0.258819 -0.965926 0.000000
vn -0.500000 -0.866025 0.000000
vn -0.707107 -0.707107 0.000000
vn -0.866025 -0.500000 0.000000
vn -0.965926 -0.258819 0.000000
vn -1.000000 -0.000000 0.000000
vn -0.965926 0.258819 -0.000000
vn -0.866025 0.500000 -0.000000
vn -0.707107 0.707107 -0.000000
vn -0.500000 0.866025 -0.000000
vn -0.258819 0.965926 -0.000000
vn -0.000000 1.000000 -0.000000
vn 0.258819 0.965926 -0.000000
vn 0.500000 0.866025 -0.000000
vn 0.707107 0.707107 -0.000000
vn 0.866025 0.500000 -0.000000
vn 0.000000 0.000000 1.000000
vn 0.000000 0.000000 1.000000
vn 0.000000 0.000000 1.000000
vn 0.000000 0.000000 1.000000
vn 0.000000 0.000000 1.000000
vn 0.000000 0.000000 1.000000
vn 0.000000 0.000000 1.000000
vn 0.000000 0.000000 1.000000
vn 0.000000 0.000000 1.000000
vn 0.000000 0.000000 1.000000
vn 0.000000 0.000000 1.000000
vn 0.000000 0.000000 1.000000
vn 0.000000 0.000000 1.000000
vn 0.000000 0.000000 1.000000
vn 0.000000 0.000000 1.000000
vn 0.000000 0.000000 1.000000
vn 0.000000 0.000000 1.000000
vn 0.000000 0.000000 1.000000
vn 0.000000 0.000000 1.000000
vn 0.000000 0.000000 1.000000
vn 0.000000 0.000000 1.000000
vn 0.000000 0.000000 1.000000
vn 0.000000 0.000000 1.000000
vn 0.000000 0.000000 1.000000
vn 0.000000 0.000000 1.000000
vn 0.000000 0.000000 1.000000
vn 0.000000 0.000000 1.000000
vn 0.000000 0.000000 1.000000
vn 0.000000 0.000000 1.000000
vn 0.000000 0.000000 1.000000
vn 0.000000 0.000000 1.000000
vn 0.000000 0.000000 1.000000
vn 0.000000 0.000000 1.000000
vn 0.000000 0.000000 1.000000
vn 0.000000 0.000000 1.000000
vn 0.000000 0.000000 1.000000
vn 0.000000 0.000000 1.000000
vn 0.000000 0.000000 1.000000
vn 0.000000 0.000000 1.000000
vn 0.000000 0.000000 1.000000
vn 0.000000 0.000000 1.000000
vn 0.000000 0.000000 1.000000
vn 0.000000 0.000000 1.000000
vn 0.000000 0.000000 1.000000
vn 0.000000 0.000000 1.000000
vn 0.000000 0.000000 1.000000
vn 0.000000 0.000000 1.000000
vn 0.000000 0.000000 1.000000
vn 0.965926 -0.258819 -0.000000
vn 0.965926 -0.258819 -0.000000
vn 1.000000 -0.000000 -0.000000
vn 1.000000 -0.000000 -0.000000
vn 0.965926 0.258819 -0.000000
vn 0.965926 0.258819 -0.000000
vn 0.866025 0.500000 -0.000000
vn 0.866025 0.500000 -0.000000
vn 0.707107 0.707107 -0.000000
vn 0.707107 0.707107 -0.000000
vn 0.500000 0.866025 -0.000000
vn 0.500000 0.866025 -0.000000
vn 0.258819 0.965926 -0.000000
vn 0.258819 0.965926 -0.000000
vn -0.000000 1.000000 -0.000000
vn -0.000000 1.000000 -0.000000
vn -0.258819 0.965926 -0.000000
vn -0.258819 0.965926 -0.000000
vn -0.500000 0.866025 -0.000000
vn -0.500000 0.866025 -0.000000
vn -0.707107 0.707107 -0.000000
vn -0.707107 0.707107 -0.000000
vn -0.866025 0.500000 -0.000000
vn -0.866025 0.500000 -0.000000
vn -0.965926 0.258819 -0.000000
vn -0.965926 0.258819 -0.000000
vn -1.000000 -0.000000 0.000000
vn -1.000000 -0.000000 0.000000
vn -0.965926 -0.258819 0.000000
vn -0.965926 -0.258819 0.000000
vn -0.866025 -0.500000 0.000000
vn -0.866025 -0.500000 0.000000
vn -0.707107 -0.707107 0.000000
vn -0.707107 -0.707107 0.000000
vn -0.500000 -0.866025 0.000000
vn -0.500000 -0.866025 0.000000
vn -0.258819 -0.965926 0.000000
vn -0.258819 -0.965926 0.000000
vn -0.000000 -1.000000 0.000000
vn -0.000000 -1.000000 0.000000
vn 0.258819 -0.965926 -0.000000
vn 0.258819 -0.965926 -0.000000
vn 0.500000 -0.866025 -0.000000
vn 0.500000 -0.866025 -0.000000
vn 0.707107 -0.707107 -0.000000
vn 0.707107 -0.707107 -0.000000
vn 0.866025 -0.500000 -0.000000
vn 0.866025 -0.500000 -0.000000
vn 0.965926 0.258819 -0.000000
vn 1.000000 0.000000 -0.000000
vn 0.965926 -0.258819 -0.000000
vn 0.866025 -0.500000 -0.000000
vn 0.707107 -0.707107 -0.000000
vn 0.500000 -0.866025 -0.000000
vn 0.258819 -0.965926 -0.000000
vn -0.000000 -1.000000 0.000000
vn -0.258819 -0.965926 0.000000
vn -0.500000 -0.866025 0.000000
vn -0.707107 -0.707107 0.000000
vn -0.866025 -0.500000 0.000000
vn -0.965926 -0.258819 0.000000
vn -1.000000 -0.000000 0.000000
vn -0.965926 0.258819 -0.000000
vn -0.866025 0.500000 -0.000000
vn -0.707107 0.707107 -0.000000
vn -0.500000 0.866025 -0.000000
vn -0.258819 0.965926 -0.000000
vn -0.000000 1.000000 -0.000000
vn 0.258819 0.965926 -0.000000
vn 0.500000 0.866025 -0.000000
vn 0.707107 0.707107 -0.000000
vn 0.866025 0.500000 -0.000000
vn 0.000000 0.000000 1.000000
vn 0.000000 0.000000 1.000000
vn 0.000000 0.000000 1.000000
vn 0.000000 0.000000 1.000000
vn 0.000000 0.000000 1.000000
vn 0.000000 0.000000 1.000000
vn 0.000000 0.000000 1.000000
vn 0.000000 0.000000 1.000000
vn 0.000000 0.000000 1.000000
vn 0.000000 0.000000 1.000000
vn 0.000000 0.000000 1.000000
vn 0.000000 0.000000 1.000000
vn 0.000000 0.000000 1.000000
vn 0.000000 0.000000 1.000000
vn 0.000000 0.000000 1.000000
vn 0.000000 0.000000 1.000000
vn 0.000000 0.000000 1.000000
vn 0.000000 0.000000 1.000000
vn 0.000000 0.000000 1.000000
vn 0.000000 0.000000 1.000000
vn 0.000000 0.000000 1.000000
vn 0.000000 0.000000 1.000000
vn 0.000000 0.000000 1.000000
vn 0.000000 0.000000 1.000000
vn 0.000000 0.000000 1.000000
vn 0.000000 0.000000 1.000000
vn 0.000000 0.000000 1.000000
vn 0.000000 0.000000 1.000000
vn 0.000000 0.000000 1.000000
vn 0.000000 0.000000 1.000000
vn 0.000000 0.000000 1.000000
vn 0.000000 0.000000 1.000000
vn 0.000000 0.000000 1.000000
vn 0.000000 0.000000 1.000000
vn 0.000000 0.000000 1.000000
vn 0.000000 0.000000 1.000000
vn 0.000000 0.000000 1.000000
vn 0.000000 0.000000 1.000000
vn 0.000000 0.000000 1.000000
vn 0.000000 0.000000 1.000000
vn 0.000000 0.000000 1.000000
vn 0.000000 0.000000 1.000000
vn 0.000000 0.000000 1.000000
vn 0.000000 0.000000 1.000000
vn 0.000000 0.000000 1.000000
vn 0.000000 0.000000 1.000000
vn 0.000000 0.000000 1.000000
vn 0.000000 0.000000 1.000000
vn 0.965926 -0.258819 -0.000000
vn 0.965926 -0.258819 -0.000000
vn 1.000000 -0.000000 -0.000000
vn 1.000000 -0.000000 -0.000000
vn 0.965926 0.258819 -0.000000
vn 0.965926 0.258819 -0.000000
vn 0.866025 0.500000 -0.000000
vn 0.866025 0.500000 -0.000000
vn 0.707107 0.707107 -0.000000
vn 0.707107 0.707107 -0.000000
vn 0.500000 0.866025 -0.000000
vn 0.500000 0.866025 -0.000000
vn 0.258819 0.965926 -0.000000
vn 0.258819 0.965926 -0.000000
vn -0.000000 1.000000 -0.000000
vn -0.000000 1.000000 -0.000000
vn -0.258819 0.965926 -0.000000
vn -0.258819 0.965926 -0.000000
vn -0.500000 0.866025 -0.000000
vn -0.500000 0.866025 -0.000000
vn -0.707107 0.707107 -0.000000
vn -0.707107 0.707107 -0.000000
vn -0.866025 0.500000 -0.000000
vn -0.866025 0.500000 -0.000000
vn -0.965926 0.258819 -0.000000
vn -0.965926 0.258819 -0.000000
vn -1.000000 -0.000000 0.000000
vn -1.000000 -0.000000 0.000000
vn -0.965926 -0.258819 0.000000
vn -0.965926 -0.258819 0.000000
vn -0.866025 -0.500000 0.000000
vn -0.866025 -0.500000 0.000000
vn -0.707107 -0.707107 0.000000
vn -0.707107 -0.707107 0.000000
vn -0.500000 -0.866025 0.000000
vn -0.500000 -0.866025 0.000000
vn -0.258819 -0.965926 0.000000
vn -0.258819 -0.965926 0.000000
vn -0.000000 -1.000000 0.000000
vn -0.000000 -1.000000 0.000000
vn 0.258819 -0.965926 -0.000000
vn 0.258819 -0.965926 -0.000000
vn 0.500000 -0.866025 -0.000000
vn 0.500000 -0.866025 -0.000000
vn 0.707107 -0.707107 -0.000000
vn 0.707107 -0.707107 -0.000000
vn 0.866025 -0.500000 -0.000000
vn 0.866025 -0.500000 -0.000000
vn 0.000000 0.000000 1.000000
vn 0.000000 0.000000 1.000000
vn 0.000000 0.000000 1.000000
vn 0.000000 0.000000 1.000000
vn 0.000000 0.000000 1.000000
vn 0.000000 0.000000 1.000000
vn 0.000000 0.000000 1.000000
vn 0.000000 0.000000 1.000000
vn 0.000000 0.000000 1.000000
vn 0.000000 0.000000 1.000000
vn 0.000000 0.000000 1.000000
vn 0.000000 0.000000 1.000000
vn 0.000000 0.000000 1.000000
vn 0.000000 0.000000 1.000000
vn 0.000000 0.000000 1.000000
vn 0.000000 0.000000 1.000000
vn 0.000000 0.000000 1.000000
vn 0.000000 0.000000 1.000000
vn 0.000000 0.000000 1.000000
vn 0.000000 0.000000 1.000000
vn 0.000000 0.000000 1.000000
vn 0.000000 0.000000 1.000000
vn 0.000000 0.000000 1.000000
vn 0.000000 0.000000 1.000000
vn 0.000000 0.000000 1.000000
vn 0.000000 0.000000 1.000000
vn 0.000000 0.000000 1.000000
vn 0.000000 0.000000 1.000000
vn 0.000000 0.000000 1.000000
vn 0.000000 0.000000 1.000000
vn 0.000000 0.000000 1.000000
vn 0.000000 0.000000 1.000000
vn 0.000000 0.000000 1.000000
vn 0.000000 0.000000 1.000000
vn 0.000000 0.000000 1.000000
vn 0.000000 0.000000 1.000000
vn 0.000000 0.000000 1.000000
vn 0.000000 0.000000 1.000000
vn 0.000000 0.000000 1.000000
vn 0.000000 0.000000 1.000000
vn 0.000000 0.000000 1.000000
vn 0.000000 0.000000 1.000000
vn 0.000000 0.000000 1.000000
vn 0.000000 0.000000 1.000000
vn 0.000000 0.000000 1.000000
vn 0.000000 0.000000 1.000000
vn 0.000000 0.000000 1.000000
vn 0.000000 0.000000 1.000000
vn 0.000000 0.000000 1.000000
vn 0.000000 0.000000 1.000000
vn 0.000000 0.000000 1.000000
vn 0.000000 0.000000 1.000000
vn 0.000000 0.000000 1.000000
vn 0.000000 0.000000 1.000000
vn 0.000000 0.000000 1.000000
vn 0.000000 0.000000 1.000000
vn 0.000000 0.000000 1.000000
vn 0.000000 0.000000 1.000000
vn 0.000000 0.000000 1.000000
vn 0.000000 0.000000 1.000000
vn 0.000000 0.000000 1.000000
vn 0.000000 0.000000 1.000000
vn 0.000000 0.000000 1.000000
vn 0.000000 0.000000 1.000000
vn 0.000000 0.000000 1.000000
vn 0.000000 0.000000 1.000000
vn 0.000000 0.000000 1.000000
vn 0.000000 0.000000 1.000000
vn 0.000000 0.000000 1.000000
vn 0.000000 0.000000 1.000000
vn 0.000000 0.000000 1.000000
vn 0.000000 0.000000 1.000000
vn 0.000000 0.000000 1.000000
vn 0.000000 0.000000 1.000000
vn 0.000000 0.000000 1.000000
vn 0.000000 0.000000 1.000000
vn 0.000000 0.000000 1.000000
vn 0.000000 0.000000 1.000000
vn 0.000000 0.000000 1.000000
vn 0.000000 0.000000 1.000000
vn 0.000000 0.000000 1.000000
vn 0.000000 0.000000 1.000000
vn 0.000000 0.000000 1.000000
vn 0.000000 0.000000 1.000000
vn 0.000000 0.000000 1.000000
vn 0.000000 0.000000 1.000000
vn 0.000000 0.000000 1.000000
vn 0.000000 0.000000 1.000000
vn 0.000000 0.000000 1.000000
vn 0.000000 0.000000 1.000000
vn 0.000000 0.000000 1.000000
vn 0.000000 0.000000 1.000000
vn 0.000000 0.000000 1.000000
vn 0.000000 0.000000 1.000000
vn 0.000000 0.000000 1.000000
vn 0.000000 0.000000 1.000000
vn 0.000000 0.000000 1.000000
vn 0.000000 0.000000 1.000000
vn 0.000000 0.000000 1.000000
vn 0.000000 0.000000 1.000000
vn 0.000000 0.000000 1.000000
vn 0.000000 0.000000 1.000000
vn 0.000000 0.000000 1.000000
vn 0.000000 0.000000 1.000000
vn 0.000000 0.000000 1.000000
vn 0.000000 0.000000 1.000000
vn 0.000000 0.000000 1.000000
vn 0.000000 0.000000 1.000000
vn 0.000000 0.000000 1.000000
vn 0.000000 0.000000 1.000000
vn 0.000000 0.000000 1.000000
vn 0.000000 0.000000 1.000000
vn 0.000000 0.000000 1.000000
vn 0.000000 0.000000 1.000000
vn 0.000000 0.000000 1.000000
vn 0.000000 0.000000 1.000000
vn 0.000000 0.000000 1.000000
vn 0.000000 0.000000 1.000000
vn 0.000000 0.000000 1.000000
vn 0.000000 0.000000 1.000000
vn 0.000000 0.000000 1.000000
vn 0.000000 0.000000 1.000000
vn 0.000000 0.000000 1.000000
vn 0.000000 0.000000 1.000000
vn 0.000000 0.000000 1.000000
vn 0.000000 0.000000 1.000000
vn 0.000000 0.000000 1.000000
vn 0.000000 0.000000 1.000000
vn 0.000000 0.000000 1.000000
vn 0.000000 0.000000 1.000000
vn 0.000000 0.000000 1.000000
vn 0.000000 0.000000 1.000000
vn 0.000000 0.000000 1.000000
vn 0.000000 0.000000 1.000000
vn 0.000000 0.000000 1.000000
vn 0.000000 0.000000 1.000000
vn 0.000000 0.000000 1.000000
vn 0.000000 0.000000 1.000000
vn 0.000000 0.000000 1.000000
vn 0.000000 0.000000 1.000000
vn 0.000000 0.000000 1.000000
vn 0.000000 0.000000 1.000000
vn 0.000000 0.000000 1.000000
vn 0.000000 0.000000 1.000000
vn 0.000000 0.000000 1.000000
vn 0.000000 0.000000 1.000000
vn 0.000000 0.000000 1.000000
vn 0.000000 0.000000 1.000000
vn 0.000000 0.000000 1.000000
vn 0.000000 0.000000 1.000000
vn 0.000000 0.000000 1.000000
vn 0.000000 0.000000 1.000000
vn 0.000000 0.000000 1.000000
vn 0.000000 0.000000 1.000000
vn 0.000000 0.000000 1.000000
vn 0.000000 0.000000 1.000000
vn 0.000000 0.000000 1.000000
vn 0.000000 0.000000 1.000000
vn 0.000000 0.000000 1.000000
vn 0.000000 0.000000 1.000000
vn 0.000000 0.000000 1.000000
vn 0.000000 0.000000 1.000000
vn 0.000000 0.000000 1.000000
vn 0.000000 0.000000 1.000000
vn 0.000000 0.000000 1.000000
vn 0.000000 0.000000 1.000000
vn 0.000000 0.000000 1.000000
vn 0.000000 0.000000 1.000000
vn 0.000000 0.000000 1.000000
vn 0.000000 0.000000 1.000000
vn 0.000000 0.000000 1.000000
vn 0.000000 0.000000 1.000000
vn 0.000000 0.000000 1.000000
vn 0.000000 0.000000 1.000000
vn 0.000000 0.000000 1.000000
vn 0.000000 0.000000 1.000000
vn 0.000000 0.000000 1.000000
vn 0.000000 0.000000 1.000000
vn 0.000000 0.000000 1.000000
vn 0.000000 0.000000 1.000000
vn 0.000000 0.000000 1.000000
vn 0.000000 0.000000 1.000000
vn 0.000000 0.000000 1.000000
vn 0.000000 0.000000 1.000000
vn 0.000000 0.000000 1.000000
vn 0.000000 0.000000 1.000000
vn 0.000000 0.000000 1.000000
vn 0.000000 0.000000 1.000000
vn 0.000000 0.000000 1.000000
vn 0.000000 0.000000 1.000000
vn 0.000000 0.000000 1.000000
vn 0.000000 0.000000 1.000000
vn 0.000000 0.000000 1.000000
vn 0.000000 0.000000 1.000000
vn 0.000000 0.000000 1.000000
vn 0.000000 0.000000 1.000000
vn 0.000000 0.000000 1.000000
vn 0.000000 0.000000 1.000000
vn 0.000000 0.000000 1.000000
vn 0.000000 0.000000 1.000000
vn 0.000000 0.000000 1.000000
vn 0.000000 0.000000 1.000000
vn 0.000000 0.000000 1.000000
vn 0.000000 0.000000 1.000000
vn 0.000000 0.000000 1.000000
vn 0.000000 0.000000 1.000000
vn 0.000000 0.000000 1.000000
vn 0.000000 0.000000 1.000000
vn 0.000000 0.000000 1.000000
vn 0.000000 0.000000 1.000000
vn 0.000000 0.000000 1.000000
vn 0.000000 0.000000 1.000000
vn 0.000000 0.000000 1.000000
vn 0.000000 0.000000 1.000000
vn 0.000000 0.000000 1.000000
vn 0.000000 0.000000 1.000000
vn 0.000000 0.000000 1.000000
vn 0.000000 0.000000 1.000000
vn 0.000000 0.000000 1.000000
vn 0.000000 0.000000 1.000000
vn 0.000000 0.000000 1.000000
vn 0.000000 0.000000 1.000000
vn 0.000000 0.000000 1.000000
vn 0.000000 0.000000 1.000000
vn 0.000000 0.000000 1.000000
vn 0.000000 0.000000 1.000000
vn 0.000000 0.000000 1.000000
vn 0.000000 0.000000 1.000000
vn 0.000000 0.000000 1.000000
vn 0.000000 0.000000 1.000000
vn 0.000000 0.000000 1.000000
vn 0.000000 0.000000 1.000000
vn 0.000000 0.000000 1.000000
vn 0.000000 0.000000 1.000000
vn 0.000000 0.000000 1.000000
vn 0.000000 0.000000 1.000000
vn 0.000000 0.000000 1.000000
vn 0.000000 0.000000 1.000000
vn 0.000000 0.000000 1.000000
vn 0.000000 0.000000 1.000000
vn 0.000000 0.000000 1.000000
vn 0.000000 0.000000 1.000000
vn 0.000000 0.000000 1.000000
vn 0.000000 0.000000 1.000000
vn 0.000000 0.000000 1.000000
vn 0.000000 0.000000 1.000000
vn 0.000000 0.000000 1.000000
vn 0.000000 0.000000 1.000000
vn 0.000000 0.000000 1.000000
vn 0.000000 0.000000 1.000000
vn 0.000000 0.000000 1.000000
vn 0.000000 0.000000 1.000000
vn 0.000000 0.000000 1.000000
vn 0.000000 0.000000 1.000000
vn 0.000000 0.000000 1.000000
vn 0.000000 0.000000 1.000000
vn 0.000000 0.000000 1.000000
vn 0.000000 0.000000 1.000000
vn 0.000000 0.000000 1.000000
vn 0.000000 0.000000 1.000000
vn 0.000000 0.000000 1.000000
vn 0.000000 0.000000 1.000000
vn 0.000000 0.000000 1.000000
vn 0.000000 0.000000 1.000000
vn 0.000000 0.000000 1.000000
vn 0.000000 0.000000 1.000000
vn 0.000000 0.000000 1.000000
vn 0.000000 0.000000 1.000000
vn 0.000000 0.000000 1.000000
vn 0.000000 0.000000 1.000000
vn 0.000000 0.000000 1.000000
vn 0.000000 0.000000 1.000000
vn 0.000000 0.000000 1.000000
vn 0.000000 0.000000 1.000000
vn 0.000000 0.000000 1.000000
vn 0.000000 0.000000 1.000000
vn 0.000000 0.000000 1.000000
vn 0.000000 0.000000 1.000000
vn 0.000000 0.000000 1.000000
vn 0.000000 0.000000 1.000000
vn 0.000000 0.000000 1.000000
vn 0.000000 0.000000 1.000000
vn 0.000000 0.000000 1.000000
vn 0.000000 0.000000 1.000000
vn 0.000000 0.000000 1.000000
vn 0.000000 0.000000 1.000000
vn 0.000000 0.000000 1.000000
vn 0.000000 0.000000 1.000000
vn 0.000000 0.000000 1.000000
vn 0.000000 0.000000 1.000000
vn 0.000000 0.000000 1.000000
vn 0.000000 0.000000 1.000000
vn 0.000000 0.000000 1.000000
vn 0.000000 0.000000 1.000000
vn 0.000000 0.000000 1.000000
vn 0.000000 0.000000 1.000000
vn 0.000000 0.000000 1.000000
vn 0.000000 0.000000 1.000000
vn 0.000000 0.000000 1.000000
vn 0.000000 0.000000 1.000000
vn 0.000000 0.000000 1.000000
vn 0.000000 0.000000 1.000000
vn 0.000000 0.000000 1.000000
vn 0.000000 0.000000 1.000000
vn 0.000000 0.000000 1.000000
vn 0.000000 0.000000 1.000000
vn 0.000000 0.000000 1.000000
vn 0.000000 0.000000 1.000000
vn 0.000000 0.000000 1.000000
vn 0.000000 0.000000 1.000000
vn 0.000000 0.000000 1.000000
vn 0.000000 0.000000 1.000000
vn 0.000000 0.000000 1.000000
vn 0.000000 0.000000 1.000000
vn 0.000000 0.000000 1.000000
vn 0.000000 0.000000 1.000000
vn 0.000000 0.000000 1.000000
vn 0.000000 0.000000 1.000000
vn 0.000000 0.000000 1.000000
vn 0.000000 0.000000 1.000000
vn 0.000000 0.000000 1.000000
vn 0.000000 0.000000 1.000000
vn 0.000000 0.000000 1.000000
vn 0.000000 0.000000 1.000000
vn 0.000000 0.000000 1.000000
vn 0.000000 0.000000 1.000000
vn 0.000000 0.000000 1.000000
vn 0.000000 0.000000 1.000000
vn 0.000000 0.000000 1.000000
vn 0.000000 0.000000 1.000000
vn 0.000000 0.000000 1.000000
vn 0.000000 0.000000 1.000000
vn 0.000000 0.000000 1.000000
vn 0.000000 0.000000 1.000000
vn 0.000000 0.000000 1.000000
vn 0.000000 0.000000 1.000000
vn 0.000000 0.000000 1.000000
vn 0.000000 0.000000 1.000000
vn 0.000000 0.000000 1.000000
vn 0.000000 0.000000 1.000000
vn 0.000000 0.000000 1.000000
vn 0.000000 0.000000 1.000000
vn 0.000000 0.000000 1.000000
vn 0.000000 0.000000 1.000000
vn 0.000000 0.000000 1.000000
vn 0.000000 0.000000 1.000000
vn 0.000000 0.000000 1.000000
vn 0.000000 0.000000 1.000000
vn 0.000000 0.000000 1.000000
vn 0.000000 0.000000 1.000000
vn 0.000000 0.000000 1.000000
vn 0.000000 0.000000 1.000000
vn 0.000000 0.000000 1.000000
vn 0.000000 0.000000 1.000000
vn 0.000000 0.000000 1.000000
vn 0.000000 0.000000 1.000000
vn 0.000000 0.000000 1.000000
vn 0.000000 0.000000 1.000000
vn 0.000000 0.000000 1.000000
vn 0.000000 0.000000 1.000000
vn 0.000000 0.000000 1.000000
vn 0.000000 0.000000 1.000000
vn 0.000000 0.000000 1.000000
vn 0.000000 0.000000 1.000000
vn 0.000000 0.000000 1.000000
vn 0.000000 0.000000 1.000000
vn 0.000000 0.000000 1.000000
vn 0.000000 0.000000 1.000000
vn 0.000000 0.000000 1.000000
vn 0.000000 0.000000 1.000000
vn 0.000000 0.000000 1.000000
vn 0.000000 0.000000 1.000000
vn 0.000000 0.000000 1.000000
vn 0.000000 0.000000 1.000000
vn 0.000000 0.000000 1.000000
vn 0.000000 0.000000 1.000000
vn 0.000000 0.000000 1.000000
vn 0.000000 0.000000 1.000000
vn 0.000000 0.000000 1.000000
vn 0.000000 0.000000 1.000000
vn 0.000000 0.000000 1.000000
vn 0.000000 0.000000 1.000000
vn 0.000000 0.000000 1.000000
vn 0.000000 0.000000 1.000000
vn 0.000000 0.000000 1.000000
vn 0.000000 0.000000 1.000000
vn 0.000000 0.000000 1.000000
vn 0.000000 0.000000 1.000000
vn 0.000000 0.000000 1.000000
vn 0.000000 0.000000 1.000000
vn 0.000000 0.000000 1.000000
vn 0.000000 0.000000 1.000000
vn 0.000000 0.000000 1.000000
vn 0.000000 0.000000 1.000000
vn 0.000000 0.000000 1.000000
vn 0.000000 0.000000 1.000000
vn 0.000000 0.000000 1.000000
vn 0.000000 0.000000 1.000000
vn 0.000000 0.000000 1.000000
vn 0.000000 0.000000 1.000000
vn 0.000000 0.000000 1.000000
vn 0.000000 0.000000 1.000000
vn 0.000000 0.000000 1.000000
vn 0.000000 0.000000 1.000000
vn 0.000000 0.000000 1.000000
vn 0.000000 0.000000 1.000000
vn 0.000000 0.000000 1.000000
vn 0.000000 0.000000 1.000000
vn 0.000000 0.000000 1.000000
vn 0.000000 0.000000 1.000000
vn 0.000000 0.000000 1.000000
vn 0.000000 0.000000 1.000000
vn 0.000000 0.000000 1.000000
vn 0.000000 0.000000 1.000000
vn 0.000000 0.000000 1.000000
vn 0.000000 0.000000 1.000000
vn 0.000000 0.000000 1.000000
vn 0.000000 0.000000 1.000000
vn 0.000000 0.000000 1.000000
vn 0.000000 0.000000 1.000000
vn 0.000000 0.000000 1.000000
vn 0.000000 0.000000 1.000000
vn 0.000000 0.000000 1.000000
vn 0.000000 0.000000 1.000000
vn 0.000000 0.000000 1.000000
vn 0.000000 0.000000 1.000000
vn 0.000000 0.000000 1.000000
vn 0.000000 0.000000 1.000000
vn 0.000000 0.000000 1.000000
vn 0.000000 0.000000 1.000000
vn 0.000000 0.000000 1.000000
vn 0.000000 0.000000 1.000000
vn 0.000000 0.000000 1.000000
vn 0.000000 0.000000 1.000000
vn 0.000000 0.000000 1.000000
vn 0.000000 0.000000 1.000000
vn 0.000000 0.000000 1.000000
vn 0.000000 0.000000 1.000000
vn 0.000000 0.000000 1.000000
vn 0.000000 0.000000 1.000000
vn 0.000000 0.000000 1.000000
vn 0.000000 0.000000 1.000000
vn 0.000000 0.000000 1.000000
vn 0.000000 0.000000 1.000000
vn 0.000000 0.000000 1.000000
vn 0.000000 0.000000 1.000000
vn 0.000000 0.000000 1.000000
vn 0.000000 0.000000 1.000000
vn 0.000000 0.000000 1.000000
vn 0.000000 0.000000 1.000000
vn 0.000000 0.000000 1.000000
vn 0.000000 0.000000 1.000000
vn 0.000000 0.000000 1.000000
vn 0.000000 0.000000 1.000000
vn 0.000000 0.000000 1.000000
vn 0.000000 0.000000 1.000000
vn 0.000000 0.000000 1.000000
vn 0.000000 0.000000 1.000000
vn 0.000000 0.000000 1.000000
vn 0.000000 0.000000 1.000000
vn 0.000000 0.000000 1.000000
vn 0.000000 0.000000 1.000000
vn 0.000000 0.000000 1.000000
vn 0.000000 0.000000 1.000000
vn 0.000000 0.000000 1.000000
vn 0.000000 0.000000 1.000000
vn 0.000000 0.000000 1.000000
vn 0.000000 0.000000 1.000000
vn 0.000000 0.000000 1.000000
vn 0.000000 0.000000 1.000000
vn 0.000000 0.000000 1.000000
vn 0.000000 0.000000 1.000000
vn 0.000000 0.000000 1.000000
vn 0.000000 0.000000 1.000000
vn 0.000000 0.000000 1.000000
vn 0.000000 0.000000 1.000000
vn 0.000000 0.000000 1.000000
vn 0.000000 0.000000 1.000000
vn 0.000000 0.000000 1.000000
vn 0.000000 0.000000 1.000000
vn 0.000000 0.000000 1.000000
vn 0.000000 0.000000 1.000000
vn 0.000000 0.000000 1.000000
vn 0.000000 0.000000 1.000000
vn 0.000000 0.000000 1.000000
vn 0.000000 0.000000 1.000000
vn 0.000000 0.000000 1.000000
vn 0.000000 0.000000 1.000000
vn 0.000000 0.000000 1.000000
vn 0.000000 0.000000 1.000000
vn 0.000000 0.000000 1.000000
vn 0.000000 0.000000 1.000000
vn 0.000000 0.000000 1.000000
vn 0.000000 0.000000 1.000000
vn 0.000000 0.000000 1.000000
vn 0.000000 0.000000 1.000000
vn 0.000000 0.000000 1.000000
vn 0.965926 -0.258819 -0.000000
vn 0.965926 -0.258819 -0.000000
vn 1.000000 -0.000000 -0.000000
vn 1.000000 -0.000000 -0.000000
vn 0.965926 0.258819 -0.000000
vn 0.965926 0.258819 -0.000000
vn 0.866025 0.500000 -0.000000
vn 0.866025 0.500000 -0.000000
vn 0.707107 0.707107 -0.000000
vn 0.707107 0.707107 -0.000000
vn 0.500000 0.866025 -0.000000
vn 0.500000 0.866025 -0.000000
vn 0.258819 0.965926 -0.000000
vn 0.258819 0.965926 -0.000000
vn -0.000000 1.000000 -0.000000
vn -0.000000 1.000000 -0.000000
vn -0.258819 0.965926 -0.000000
vn -0.258819 0.965926 -0.000000
vn -0.500000 0.866025 -0.000000
vn -0.500000 0.866025 -0.000000
vn -0.707107 0.707107 -0.000000
vn -0.707107 0.707107 -0.000000
vn -0.866025 0.500000 -0.000000
vn -0.866025 0.500000 -0.000000
vn -0.965926 0.258819 -0.000000
vn -0.965926 0.258819 -0.000000
vn -1.000000 -0.000000 0.000000
vn -1.000000 -0.000000 0.000000
vn -0.965926 -0.258819 0.000000
vn -0.965926 -0.258819 0.000000
vn -0.866025 -0.500000 0.000000
vn -0.866025 -0.500000 0.000000
vn -0.707107 -0.707107 0.000000
vn -0.707107 -0.707107 0.000000
vn -0.500000 -0.866025 0.000000
vn -0.500000 -0.866025 0.000000
vn -0.258819 -0.965926 0.000000
vn -0.258819 -0.965926 0.000000
vn -0.000000 -1.000000 0.000000
vn -0.000000 -1.000000 0.000000
vn 0.258819 -0.965926 -0.000000
vn 0.258819 -0.965926 -0.000000
vn 0.500000 -0.866025 -0.000000
vn 0.500000 -0.866025 -0.000000
vn 0.707107 -0.707107 -0.000000
vn 0.707107 -0.707107 -0.000000
vn 0.866025 -0.500000 -0.000000
vn 0.866025 -0.500000 -0.000000
vn 0.965926 0.258819 -0.000000
vn 1.000000 0.000000 -0.000000
vn 0.965926 -0.258819 -0.000000
vn 0.866025 -0.500000 -0.000000
vn 0.707107 -0.707107 -0.000000
vn 0.500000 -0.866025 -0.000000
vn 0.258819 -0.965926 -0.000000
vn -0.000000 -1.000000 0.000000
vn -0.258819 -0.965926 0.000000
vn -0.500000 -0.866025 0.000000
vn -0.707107 -0.707107 0.000000
vn -0.866025 -0.500000 0.000000
vn -0.965926 -0.258819 0.000000
vn -1.000000 -0.000000 0.000000
vn -0.965926 0.258819 -0.000000
vn -0.866025 0.500000 -0.000000
vn -0.707107 0.707107 -0.000000
vn -0.500000 0.866025 -0.000000
vn -0.258819 0.965926 -0.000000
vn -0.000000 1.000000 -0.000000
vn 0.258819 0.965926 -0.000000
vn 0.500000 0.866025 -0.000000
vn 0.707107 0.707107 -0.000000
vn 0.866025 0.500000 -0.000000
vn 0.000000 0.000000 1.000000
vn 0.000000 0.000000 1.000000
vn 0.000000 0.000000 1.000000
vn 0.000000 0.000000 1.000000
vn 0.000000 0.000000 1.000000
vn 0.000000 0.000000 1.000000
vn 0.000000 0.000000 1.000000
vn 0.000000 0.000000 1.000000
vn 0.000000 0.000000 1.000000
vn 0.000000 0.000000 1.000000
vn 0.000000 0.000000 1.000000
vn 0.000000 0.000000 1.000000
vn 0.000000 0.000000 1.000000
vn 0.000000 0.000000 1.000000
vn 0.000000 0.000000 1.000000
vn 0.000000 0.000000 1.000000
vn 0.000000 0.000000 1.000000
vn 0.000000 0.000000 1.000000
vn 0.000000 0.000000 1.000000
vn 0.000000 0.000000 1.000000
vn 0.000000 0.000000 1.000000
vn 0.000000 0.000000 1.000000
vn 0.000000 0.000000 1.000000
vn 0.000000 0.000000 1.000000
vn 0.965926 -0.258819 -0.000000
vn 0.965926 -0.258819 -0.000000
vn 1.000000 -0.000000 -0.000000
vn 1.000000 -0.000000 -0.000000
vn 0.965926 0.258819 -0.000000
vn 0.965926 0.258819 -0.000000
vn 0.866025 0.500000 -0.000000
vn 0.866025 0.500000 -0.000000
vn 0.707107 0.707107 -0.000000
vn 0.707107 0.707107 -0.000000
vn 0.500000 0.866025 -0.000000
vn 0.500000 0.866025 -0.000000
vn 0.258819 0.965926 -0.000000
vn 0.258819 0.965926 -0.000000
vn -0.000000 1.000000 -0.000000
vn -0.000000 1.000000 -0.000000
vn -0.258819 0.965926 -0.000000
vn -0.258819 0.965926 -0.000000
vn -0.500000 0.866025 -0.000000
vn -0.500000 0.866025 -0.000000
vn -0.707107 0.707107 -0.000000
vn -0.707107 0.707107 -0.000000
vn -0.866025 0.500000 -0.000000
vn -0.866025 0.500000 -0.000000
vn -0.965926 0.258819 -0.000000
vn -0.965926 0.258819 -0.000000
vn -1.000000 -0.000000 0.000000
vn -1.000000 -0.000000 0.000000
vn -0.965926 -0.258819 0.000000
vn -0.965926 -0.258819 0.000000
vn -0.866025 -0.500000 0.000000
vn -0.866025 -0.500000 0.000000
vn -0.707107 -0.707107 0.000000
vn -0.707107 -0.707107 0.000000
vn -0.500000 -0.866025 0.000000
vn -0.500000 -0.866025 0.000000
vn -0.258819 -0.965926 0.000000
vn -0.258819 -0.965926 0.000000
vn -0.000000 -1.000000 0.000000
vn -0.000000 -1.000000 0.000000
vn 0.258819 -0.965926 -0.000000
vn 0.258819 -0.965926 -0.000000
vn 0.500000 -0.866025 -0.000000
vn 0.500000 -0.866025 -0.000000
vn 0.707107 -0.707107 -0.000000
vn 0.707107 -0.707107 -0.000000
vn 0.866025 -0.500000 -0.000000
vn 0.866025 -0.500000 -0.000000
vn 0.000000 0.000000 1.000000
vn 0.000000 0.000000 1.000000
vn 0.000000 0.000000 1.000000
vn 0.000000 0.000000 1.000000
vn 0.000000 0.000000 1.000000
vn 0.000000 0.000000 1.000000
vn 0.000000 0.000000 1.000000
vn 0.000000 0.000000 1.000000
vn 0.000000 0.000000 1.000000
vn 0.000000 0.000000 1.000000
vn 0.000000 0.000000 1.000000
vn 0.000000 0.000000 1.000000
vn 0.000000 0.000000 1.000000
vn 0.000000 0.000000 1.000000
vn 0.000000 0.000000 1.000000
vn 0.000000 0.000000 1.000000
vn 0.000000 0.000000 1.000000
vn 0.000000 0.000000 1.000000
vn 0.000000 0.000000 1.000000
vn 0.000000 0.000000 1.000000
vn 0.000000 0.000000 1.000000
vn 0.000000 0.000000 1.000000
vn 0.000000 0.000000 1.000000
vn 0.000000 0.000000 1.000000
vn 0.965926 -0.258819 -0.000000
vn 0.965926 -0.258819 -0.000000
vn 1.000000 -0.000000 -0.000000
vn 1.000000 -0.000000 -0.000000
vn 0.965926 0.258819 -0.000000
vn 0.965926 0.258819 -0.000000
vn 0.866025 0.500000 -0.000000
vn 0.866025 0.500000 -0.000000
vn 0.707107 0.707107 -0.000000
vn 0.707107 0.707107 -0.000000
vn 0.500000 0.866025 -0.000000
vn 0.500000 0.866025 -0.000000
vn 0.258819 0.965926 -0.000000
vn 0.258819 0.965926 -0.000000
vn -0.000000 1.000000 -0.000000
vn -0.000000 1.000000 -0.000000
vn -0.258819 0.965926 -0.000000
vn -0.258819 0.965926 -0.000000
vn -0.500000 0.866025 -0.000000
vn -0.500000 0.866025 -0.000000
vn -0.707107 0.707107 -0.000000
vn -0.707107 0.707107 -0.000000
vn -0.866025 0.500000 -0.000000
vn -0.866025 0.500000 -0.000000
vn -0.965926 0.258819 -0.000000
vn -0.965926 0.258819 -0.000000
vn -1.000000 -0.000000 0.000000
vn -1.000000 -0.000000 0.000000
vn -0.965926 -0.258819 0.000000
vn -0.965926 -0.258819 0.000000
vn -0.866025 -0.500000 0.000000
vn -0.866025 -0.500000 0.000000
vn -0.707107 -0.707107 0.000000
vn -0.707107 -0.707107 0.000000
vn -0.500000 -0.866025 0.000000
vn -0.500000 -0.866025 0.000000
vn -0.258819 -0.965926 0.000000
vn -0.258819 -0.965926 0.000000
vn -0.000000 -1.000000 0.000000
vn -0.000000 -1.000000 0.000000
vn 0.258819 -0.965926 -0.000000
vn 0.258819 -0.965926 -0.000000
vn 0.500000 -0.866025 -0.000000
vn 0.500000 -0.866025 -0.000000
vn 0.707107 -0.707107 -0.000000
vn 0.707107 -0.707107 -0.000000
vn 0.866025 -0.500000 -0.000000
vn 0.866025 -0.500000 -0.000000
vn 0.000000 0.000000 1.000000
vn 0.000000 0.000000 1.000000
vn 0.000000 0.000000 1.000000
vn 0.000000 0.000000 1.000000
vn 0.000000 0.000000 1.000000
vn 0.000000 0.000000 1.000000
vn 0.000000 0.000000 1.000000
vn 0.000000 0.000000 1.000000
vn 0.000000 0.000000 1.000000
vn 0.000000 0.000000 1.000000
vn 0.000000 0.000000 1.000000
vn 0.000000 0.000000 1.000000
vn 0.000000 0.000000 1.000000
vn 0.000000 0.000000 1.000000
vn 0.000000 0.000000 1.000000
vn 0.000000 0.000000 1.000000
vn 0.000000 0.000000 1.000000
vn 0.000000 0.000000 1.000000
vn 0.000000 0.000000 1.000000
vn 0.000000 0.000000 1.000000
vn 0.000000 0.000000 1.000000
vn 0.000000 0.000000 1.000000
vn 0.000000 0.000000 1.000000
vn 0.000000 0.000000 1.000000
vn 0.965926 -0.258819 -0.000000
vn 0.965926 -0.258819 -0.000000
vn 1.000000 -0.000000 -0.000000
vn 1.000000 -0.000000 -0.000000
vn 0.965926 0.258819 -0.000000
vn 0.965926 0.258819 -0.000000
vn 0.866025 0.500000 -0.000000
vn 0.866025 0.500000 -0.000000
vn 0.707107 0.707107 -0.000000
vn 0.707107 0.707107 -0.000000
vn 0.500000 0.866025 -0.000000
vn 0.500000 0.866025 -0.000000
vn 0.258819 0.965926 -0.000000
vn 0.258819 0.965926 -0.000000
vn -0.000000 1.000000 -0.000000
vn -0.000000 1.000000 -0.000000
vn -0.258819 0.965926 -0.000000
vn -0.258819 0.965926 -0.000000
vn -0.500000 0.866025 -0.000000
vn -0.500000 0.866025 -0.000000
vn -0.707107 0.707107 -0.000000
vn -0.707107 0.707107 -0.000000
vn -0.866025 0.500000 -0.000000
vn -0.866025 0.500000 -0.000000
vn -0.965926 0.258819 -0.000000
vn -0.965926 0.258819 -0.000000
vn -1.000000 -0.000000 0.000000
vn -1.000000 -0.000000 0.000000
vn -0.965926 -0.258819 0.000000
vn -0.965926 -0.258819 0.000000
vn -0.866025 -0.500000 0.000000
vn -0.866025 -0.500000 0.000000
vn -0.707107 -0.707107 0.000000
vn -0.707107 -0.707107 0.000000
vn -0.500000 -0.866025 0.000000
vn -0.500000 -0.866025 0.000000
vn -0.258819 -0.965926 0.000000
vn -0.258819 -0.965926 0.000000
vn -0.000000 -1.000000 0.000000
vn -0.000000 -1.000000 0.000000
vn 0.258819 -0.965926 -0.000000
vn 0.258819 -0.965926 -0.000000
vn 0.500000 -0.866025 -0.000000
vn 0.500000 -0.866025 -0.000000
vn 0.707107 -0.707107 -0.000000
vn 0.707107 -0.707107 -0.000000
vn 0.866025 -0.500000 -0.000000
vn 0.866025 -0.500000 -0.000000
vn 0.000000 0.000000 1.000000
vn 0.000000 0.000000 1.000000
vn 0.000000 0.000000 1.000000
vn 0.000000 0.000000 1.000000
vn 0.000000 0.000000 1.000000
vn 0.000000 0.000000 1.000000
vn 0.000000 0.000000 1.000000
vn 0.000000 0.000000 1.000000
vn 0.000000 0.000000 1.000000
vn 0.000000 0.000000 1.000000
vn 0.000000 0.000000 1.000000
vn 0.000000 0.000000 1.000000
vn 0.000000 0.000000 1.000000
vn 0.000000 0.000000 1.000000
vn 0.000000 0.000000 1.000000
vn 0.000000 0.000000 1.000000
vn 0.000000 0.000000 1.000000
vn 0.000000 0.000000 1.000000
vn 0.000000 0.000000 1.000000
vn 0.000000 0.000000 1.000000
vn 0.000000 0.000000 1.000000
vn 0.000000 0.000000 1.000000
vn 0.000000 0.000000 1.000000
vn 0.000000 0.000000 1.000000
vn 0.965926 -0.258819 -0.000000
vn 0.965926 -0.258819 -0.000000
vn 1.000000 -0.000000 -0.000000
vn 1.000000 -0.000000 -0.000000
vn 0.965926 0.258819 -0.000000
vn 0.965926 0.258819 -0.000000
vn 0.866025 0.500000 -0.000000
vn 0.866025 0.500000 -0.000000
vn 0.707107 0.707107 -0.000000
vn 0.707107 0.707107 -0.000000
vn 0.500000 0.866025 -0.000000
vn 0.500000 0.866025 -0.000000
vn 0.258819 0.965926 -0.000000
vn 0.258819 0.965926 -0.000000
vn -0.000000 1.000000 -0.000000
vn -0.000000 1.000000 -0.000000
vn -0.258819 0.965926 -0.000000
vn -0.258819 0.965926 -0.000000
vn -0.500000 0.866025 -0.000000
vn -0.500000 0.866025 -0.000000
vn -0.707107 0.707107 -0.000000
vn -0.707107 0.707107 -0.000000
vn -0.866025 0.500000 -0.000000
vn -0.866025 0.500000 -0.000000
vn -0.965926 0.258819 -0.000000
vn -0.965926 0.258819 -0.000000
vn -1.000000 -0.000000 0.000000
vn -1.000000 -0.000000 0.000000
vn -0.965926 -0.258819 0.000000
vn -0.965926 -0.258819 0.000000
vn -0.866025 -0.500000 0.000000
vn -0.866025 -0.500000 0.000000
vn -0.707107 -0.707107 0.000000
vn -0.707107 -0.707107 0.000000
vn -0.500000 -0.866025 0.000000
vn -0.500000 -0.866025 0.000000
vn -0.258819 -0.965926 0.000000
vn -0.258819 -0.965926 0.000000
vn -0.000000 -1.000000 0.000000
vn -0.000000 -1.000000 0.000000
vn 0.258819 -0.965926 -0.000000
vn 0.258819 -0.965926 -0.000000
vn 0.500000 -0.866025 -0.000000
vn 0.500000 -0.866025 -0.000000
vn 0.707107 -0.707107 -0.000000
vn 0.707107 -0.707107 -0.000000
vn 0.866025 -0.500000 -0.000000
vn 0.866025 -0.500000 -0.000000
vn 0.000000 0.000000 1.000000
vn 0.000000 0.000000 1.000000
vn 0.000000 0.000000 1.000000
vn 0.000000 0.000000 1.000000
vn 0.000000 0.000000 1.000000
vn 0.000000 0.000000 1.000000
vn 0.000000 0.000000 1.000000
vn 0.000000 0.000000 1.000000
vn 0.000000 0.000000 1.000000
vn 0.000000 0.000000 1.000000
vn 0.000000 0.000000 1.000000
vn 0.000000 0.000000 1.000000
vn 0.000000 0.000000 1.000000
vn 0.000000 0.000000 1.000000
vn 0.000000 0.000000 1.000000
vn 0.000000 0.000000 1.000000
vn 0.000000 0.000000 1.000000
vn 0.000000 0.000000 1.000000
vn 0.000000 0.000000 1.000000
vn 0.000000 0.000000 1.000000
vn 0.000000 0.000000 1.000000
vn 0.000000 0.000000 1.000000
vn 0.000000 0.000000 1.000000
vn 0.000000 0.000000 1.000000
vn 0.965926 -0.258819 -0.000000
vn 0.965926 -0.258819 -0.000000
vn 1.000000 -0.000000 -0.000000
vn 1.000000 -0.000000 -0.000000
vn 0.965926 0.258819 -0.000000
vn 0.965926 0.258819 -0.000000
vn 0.866025 0.500000 -0.000000
vn 0.866025 0.500000 -0.000000
vn 0.707107 0.707107 -0.000000
vn 0.707107 0.707107 -0.000000
vn 0.500000 0.866025 -0.000000
vn 0.500000 0.866025 -0.000000
vn 0.258819 0.965926 -0.000000
vn 0.258819 0.965926 -0.000000
vn -0.000000 1.000000 -0.000000
vn -0.000000 1.000000 -0.000000
vn -0.258819 0.965926 -0.000000
vn -0.258819 0.965926 -0.000000
vn -0.500000 0.866025 -0.000000
vn -0.500000 0.866025 -0.000000
vn -0.707107 0.707107 -0.000000
vn -0.707107 0.707107 -0.000000
vn -0.866025 0.500000 -0.000000
vn -0.866025 0.500000 -0.000000
vn -0.965926 0.258819 -0.000000
vn -0.965926 0.258819 -0.000000
vn -1.000000 -0.000000 0.000000
vn -1.000000 -0.000000 0.000000
vn -0.965926 -0.258819 0.000000
vn -0.965926 -0.258819 0.000000
vn -0.866025 -0.500000 0.000000
vn -0.866025 -0.500000 0.000000
vn -0.707107 -0.707107 0.000000
vn -0.707107 -0.707107 0.000000
vn -0.500000 -0.866025 0.000000
vn -0.500000 -0.866025 0.000000
vn -0.258819 -0.965926 0.000000
vn -0.258819 -0.965926 0.000000
vn -0.000000 -1.000000 0.000000
vn -0.000000 -1.000000 0.000000
vn 0.258819 -0.965926 -0.000000
vn 0.258819 -0.965926 -0.000000
vn 0.500000 -0.866025 -0.000000
vn 0.500000 -0.866025 -0.000000
vn 0.707107 -0.707107 -0.000000
vn 0.707107 -0.707107 -0.000000
vn 0.866025 -0.500000 -0.000000
vn 0.866025 -0.500000 -0.000000
vn 0.000000 0.000000 1.000000
vn 0.000000 0.000000 1.000000
vn 0.000000 0.000000 1.000000
vn 0.000000 0.000000 1.000000
vn 0.000000 0.000000 1.000000
vn 0.000000 0.000000 1.000000
vn 0.000000 0.000000 1.000000
vn 0.000000 0.000000 1.000000
vn 0.000000 0.000000 1.000000
vn 0.000000 0.000000 1.000000
vn 0.000000 0.000000 1.000000
vn 0.000000 0.000000 1.000000
vn 0.000000 0.000000 1.000000
vn 0.000000 0.000000 1.000000
vn 0.000000 0.000000 1.000000
vn 0.000000 0.000000 1.000000
vn 0.000000 0.000000 1.000000
vn 0.000000 0.000000 1.000000
vn 0.000000 0.000000 1.000000
vn 0.000000 0.000000 1.000000
vn 0.000000 0.000000 1.000000
vn 0.000000 0.000000 1.000000
vn 0.000000 0.000000 1.000000
vn 0.000000 0.000000 1.000000
vn 0.965926 -0.258819 -0.000000
vn 0.965926 -0.258819 -0.000000
vn 1.000000 -0.000000 -0.000000
vn 1.000000 -0.000000 -0.000000
vn 0.965926 0.258819 -0.000000
vn 0.965926 0.258819 -0.000000
vn 0.866025 0.500000 -0.000000
vn 0.866025 0.500000 -0.000000
vn 0.707107 0.707107 -0.000000
vn 0.707107 0.707107 -0.000000
vn 0.500000 0.866025 -0.000000
vn 0.500000 0.866025 -0.000000
vn 0.258819 0.965926 -0.000000
vn 0.258819 0.965926 -0.000000
vn -0.000000 1.000000 -0.000000
vn -0.000000 1.000000 -0.000000
vn -0.258819 0.965926 -0.000000
vn -0.258819 0.965926 -0.000000
vn -0.500000 0.866025 -0.000000
vn -0.500000 0.866025 -0.000000
vn -0.707107 0.707107 -0.000000
vn -0.707107 0.707107 -0.000000
vn -0.866025 0.500000 -0.000000
vn -0.866025 0.500000 -0.000000
vn -0.965926 0.258819 -0.000000
vn -0.965926 0.258819 -0.000000
vn -1.000000 -0.000000 0.000000
vn -1.000000 -0.000000 0.000000
vn -0.965926 -0.258819 0.000000
vn -0.965926 -0.258819 0.000000
vn -0.866025 -0.500000 0.000000
vn -0.866025 -0.500000 0.000000
vn -0.707107 -0.707107 0.000000
vn -0.707107 -0.707107 0.000000
vn -0.500000 -0.866025 0.000000
vn -0.500000 -0.866025 0.000000
vn -0.258819 -0.965926 0.000000
vn -0.258819 -0.965926 0.000000
vn -0.000000 -1.000000 0.000000
vn -0.000000 -1.000000 0.000000
vn 0.258819 -0.965926 -0.000000
vn 0.258819 -0.965926 -0.000000
vn 0.500000 -0.866025 -0.000000
vn 0.500000 -0.866025 -0.000000
vn 0.707107 -0.707107 -0.000000
vn 0.707107 -0.707107 -0.000000
vn 0.866025 -0.500000 -0.000000
vn 0.866025 -0.500000 -0.000000
vn 0.000000 0.000000 1.000000
vn 0.000000 0.000000 1.000000
vn 0.000000 0.000000 1.000000
vn 0.000000 0.000000 1.000000
vn 0.000000 0.000000 1.000000
vn 0.000000 0.000000 1.000000
vn 0.000000 0.000000 1.000000
vn 0.000000 0.000000 1.000000
vn 0.000000 0.000000 1.000000
vn 0.000000 0.000000 1.000000
vn 0.000000 0.000000 1.000000
vn 0.000000 0.000000 1.000000
vn 0.000000 0.000000 1.000000
vn 0.000000 0.000000 1.000000
vn 0.000000 0.000000 1.000000
vn 0.000000 0.000000 1.000000
vn 0.000000 0.000000 1.000000
vn 0.000000 0.000000 1.000000
vn 0.000000 0.000000 1.000000
vn 0.000000 0.000000 1.000000
vn 0.000000 0.000000 1.000000
vn 0.000000 0.000000 1.000000
vn 0.000000 0.000000 1.000000
vn 0.000000 0.000000 1.000000
vn 0.965926 -0.258819 -0.000000
vn 0.965926 -0.258819 -0.000000
vn 1.000000 -0.000000 -0.000000
vn 1.000000 -0.000000 -0.000000
vn 0.965926 0.258819 -0.000000
vn 0.965926 0.258819 -0.000000
vn 0.866025 0.500000 -0.000000
vn 0.866025 0.500000 -0.000000
vn 0.707107 0.707107 -0.000000
vn 0.707107 0.707107 -0.000000
vn 0.500000 0.866025 -0.000000
vn 0.500000 0.866025 -0.000000
vn 0.258819 0.965926 -0.000000
vn 0.258819 0.965926 -0.000000
vn -0.000000 1.000000 -0.000000
vn -0.000000 1.000000 -0.000000
vn -0.258819 0.965926 -0.000000
vn -0.258819 0.965926 -0.000000
vn -0.500000 0.866025 -0.000000
vn -0.500000 0.866025 -0.000000
vn -0.707107 0.707107 -0.000000
vn -0.707107 0.707107 -0.000000
vn -0.866025 0.500000 -0.000000
vn -0.866025 0.500000 -0.000000
vn -0.965926 0.258819 -0.000000
vn -0.965926 0.258819 -0.000000
vn -1.000000 -0.000000 0.000000
vn -1.000000 -0.000000 0.000000
vn -0.965926 -0.258819 0.000000
vn -0.965926 -0.258819 0.000000
vn -0.866025 -0.500000 0.000000
vn -0.866025 -0.500000 0.000000
vn -0.707107 -0.707107 0.000000
vn -0.707107 -0.707107 0.000000
vn -0.500000 -0.866025 0.000000
vn -0.500000 -0.866025 0.000000
vn -0.258819 -0.965926 0.000000
vn -0.258819 -0.965926 0.000000
vn -0.000000 -1.000000 0.000000
vn -0.000000 -1.000000 0.000000
vn 0.258819 -0.965926 -0.000000
vn 0.258819 -0.965926 -0.000000
vn 0.500000 -0.866025 -0.000000
vn 0.500000 -0.866025 -0.000000
vn 0.707107 -0.707107 -0.000000
vn 0.707107 -0.707107 -0.000000
vn 0.866025 -0.500000 -0.000000
vn 0.866025 -0.500000 -0.000000
vn 0.000000 0.000000 1.000000
vn 0.000000 0.000000 1.000000
vn 0.000000 0.000000 1.000000
vn 0.000000 0.000000 1.000000
vn 0.000000 0.000000 1.000000
vn 0.000000 0.000000 1.000000
vn 0.000000 0.000000 1.000000
vn 0.000000 0.000000 1.000000
vn 0.000000 0.000000 1.000000
vn 0.000000 0.000000 1.000000
vn 0.000000 0.000000 1.000000
vn 0.000000 0.000000 1.000000
vn 0.000000 0.000000 1.000000
vn 0.000000 0.000000 1.000000
vn 0.000000 0.000000 1.000000
vn 0.000000 0.000000 1.000000
vn 0.000000 0.000000 1.000000
vn 0.000000 0.000000 1.000000
vn 0.000000 0.000000 1.000000
vn 0.000000 0.000000 1.000000
vn 0.000000 0.000000 1.000000
vn 0.000000 0.000000 1.000000
vn 0.000000 0.000000 1.000000
vn 0.000000 0.000000 1.000000
vn 0.965926 -0.258819 -0.000000
vn 0.965926 -0.258819 -0.000000
vn 1.000000 -0.000000 -0.000000
vn 1.000000 -0.000000 -0.000000
vn 0.965926 0.258819 -0.000000
vn 0.965926 0.258819 -0.000000
vn 0.866025 0.500000 -0.000000
vn 0.866025 0.500000 -0.000000
vn 0.707107 0.707107 -0.000000
vn 0.707107 0.707107 -0.000000
vn 0.500000 0.866025 -0.000000
vn 0.500000 0.866025 -0.000000
vn 0.258819 0.965926 -0.000000
vn 0.258819 0.965926 -0.000000
vn -0.000000 1.000000 -0.000000
vn -0.000000 1.000000 -0.000000
vn -0.258819 0.965926 -0.000000
vn -0.258819 0.965926 -0.000000
vn -0.500000 0.866025 -0.000000
vn -0.500000 0.866025 -0.000000
vn -0.707107 0.707107 -0.000000
vn -0.707107 0.707107 -0.000000
vn -0.866025 0.500000 -0.000000
vn -0.866025 0.500000 -0.000000
vn -0.965926 0.258819 -0.000000
vn -0.965926 0.258819 -0.000000
vn -1.000000 -0.000000 0.000000
vn -1.000000 -0.000000 0.000000
vn -0.965926 -0.258819 0.000000
vn -0.965926 -0.258819 0.000000
vn -0.866025 -0.500000 0.000000
vn -0.866025 -0.500000 0.000000
vn -0.707107 -0.707107 0.000000
vn -0.707107 -0.707107 0.000000
vn -0.500000 -0.866025 0.000000
vn -0.500000 -0.866025 0.000000
vn -0.258819 -0.965926 0.000000
vn -0.258819 -0.965926 0.000000
vn -0.000000 -1.000000 0.000000
vn -0.000000 -1.000000 0.000000
vn 0.258819 -0.965926 -0.000000
vn 0.258819 -0.965926 -0.000000
vn 0.500000 -0.866025 -0.000000
vn 0.500000 -0.866025 -0.000000
vn 0.707107 -0.707107 -0.000000
vn 0.707107 -0.707107 -0.000000
vn 0.866025 -0.500000 -0.000000
vn 0.866025 -0.500000 -0.000000
vn 0.000000 0.000000 1.000000
vn 0.000000 0.000000 1.000000
vn 0.000000 0.000000 1.000000
vn 0.000000 0.000000 1.000000
vn 0.000000 0.000000 1.000000
vn 0.000000 0.000000 1.000000
vn 0.000000 0.000000 1.000000
vn 0.000000 0.000000 1.000000
vn 0.000000 0.000000 1.000000
vn 0.000000 0.000000 1.000000
vn 0.000000 0.000000 1.000000
vn 0.000000 0.000000 1.000000
vn 0.000000 0.000000 1.000000
vn 0.000000 0.000000 1.000000
vn 0.000000 0.000000 1.000000
vn 0.000000 0.000000 1.000000
vn 0.000000 0.000000 1.000000
vn 0.000000 0.000000 1.000000
vn 0.000000 0.000000 1.000000
vn 0.000000 0.000000 1.000000
vn 0.000000 0.000000 1.000000
vn 0.000000 0.000000 1.000000
vn 0.000000 0.000000 1.000000
vn 0.000000 0.000000 1.000000
vn 0.965926 -0.258819 -0.000000
vn 0.965926 -0.258819 -0.000000
vn 1.000000 -0.000000 -0.000000
vn 1.000000 -0.000000 -0.000000
vn 0.965926 0.258819 -0.000000
vn 0.965926 0.258819 -0.000000
vn 0.866025 0.500000 -0.000000
vn 0.866025 0.500000 -0.000000
vn 0.707107 0.707107 -0.000000
vn 0.707107 0.707107 -0.000000
vn 0.500000 0.866025 -0.000000
vn 0.500000 0.866025 -0.000000
vn 0.258819 0.965926 -0.000000
vn 0.258819 0.965926 -0.000000
vn -0.000000 1.000000 -0.000000
vn -0.000000 1.000000 -0.000000
vn -0.258819 0.965926 -0.000000
vn -0.258819 0.965926 -0.000000
vn -0.500000 0.866025 -0.000000
vn -0.500000 0.866025 -0.000000
vn -0.707107 0.707107 -0.000000
vn -0.707107 0.707107 -0.000000
vn -0.866025 0.500000 -0.000000
vn -0.866025 0.500000 -0.000000
vn -0.965926 0.258819 -0.000000
vn -0.965926 0.258819 -0.000000
vn -1.000000 -0.000000 0.000000
vn -1.000000 -0.000000 0.000000
vn -0.965926 -0.258819 0.000000
vn -0.965926 -0.258819 0.000000
vn -0.866025 -0.500000 0.000000
vn -0.866025 -0.500000 0.000000
vn -0.707107 -0.707107 0.000000
vn -0.707107 -0.707107 0.000000
vn -0.500000 -0.866025 0.000000
vn -0.500000 -0.866025 0.000000
vn -0.258819 -0.965926 0.000000
vn -0.258819 -0.965926 0.000000
vn -0.000000 -1.000000 0.000000
vn -0.000000 -1.000000 0.000000
vn 0.258819 -0.965926 -0.000000
vn 0.258819 -0.965926 -0.000000
vn 0.500000 -0.866025 -0.000000
vn 0.500000 -0.866025 -0.000000
vn 0.707107 -0.707107 -0.000000
vn 0.707107 -0.707107 -0.000000
vn 0.866025 -0.500000 -0.000000
vn 0.866025 -0.500000 -0.000000
vn 0.000000 0.000000 1.000000
vn 0.000000 0.000000 1.000000
vn 0.000000 0.000000 1.000000
vn 0.000000 0.000000 1.000000
vn 0.000000 0.000000 1.000000
vn 0.000000 0.000000 1.000000
vn 0.000000 0.000000 1.000000
vn 0.000000 0.000000 1.000000
vn 0.000000 0.000000 1.000000
vn 0.000000 0.000000 1.000000
vn 0.000000 0.000000 1.000000
vn 0.000000 0.000000 1.000000
vn 0.000000 0.000000 1.000000
vn 0.000000 0.000000 1.000000
vn 0.000000 0.000000 1.000000
vn 0.000000 0.000000 1.000000
vn 0.000000 0.000000 1.000000
vn 0.000000 0.000000 1.000000
vn 0.000000 0.000000 1.000000
vn 0.000000 0.000000 1.000000
vn 0.000000 0.000000 1.000000
vn 0.000000 0.000000 1.000000
vn 0.000000 0.000000 1.000000
vn 0.000000 0.000000 1.000000
vn 0.965926 -0.258819 -0.000000
vn 0.965926 -0.258819 -0.000000
vn 1.000000 -0.000000 -0.000000
vn 1.000000 -0.000000 -0.000000
vn 0.965926 0.258819 -0.000000
vn 0.965926 0.258819 -0.000000
vn 0.866025 0.500000 -0.000000
vn 0.866025 0.500000 -0.000000
vn 0.707107 0.707107 -0.000000
vn 0.707107 0.707107 -0.000000
vn 0.500000 0.866025 -0.000000
vn 0.500000 0.866025 -0.000000
vn 0.258819 0.965926 -0.000000
vn 0.258819 0.965926 -0.000000
vn -0.000000 1.000000 -0.000000
vn -0.000000 1.000000 -0.000000
vn -0.258819 0.965926 -0.000000
vn -0.258819 0.965926 -0.000000
vn -0.500000 0.866025 -0.000000
vn -0.500000 0.866025 -0.000000
vn -0.707107 0.707107 -0.000000
vn -0.707107 0.707107 -0.000000
vn -0.866025 0.500000 -0.000000
vn -0.866025 0.500000 -0.000000
vn -0.965926 0.258819 -0.000000
vn -0.965926 0.258819 -0.000000
vn -1.000000 -0.000000 0.000000
vn -1.000000 -0.000000 0.000000
vn -0.965926 -0.258819 0.000000
vn -0.965926 -0.258819 0.000000
vn -0.866025 -0.500000 0.000000
vn -0.866025 -0.500000 0.000000
vn -0.707107 -0.707107 0.000000
vn -0.707107 -0.707107 0.000000
vn -0.500000 -0.866025 0.000000
vn -0.500000 -0.866025 0.000000
vn -0.258819 -0.965926 0.000000
vn -0.258819 -0.965926 0.000000
vn -0.000000 -1.000000 0.000000
vn -0.000000 -1.000000 0.000000
vn 0.258819 -0.965926 -0.000000
vn 0.258819 -0.965926 -0.000000
vn 0.500000 -0.866025 -0.000000
vn 0.500000 -0.866025 -0.000000
vn 0.707107 -0.707107 -0.000000
vn 0.707107 -0.707107 -0.000000
vn 0.866025 -0.500000 -0.000000
vn 0.866025 -0.500000 -0.000000
vn 0.000000 0.000000 1.000000
vn 0.000000 0.000000 1.000000
vn 0.000000 0.000000 1.000000
vn 0.000000 0.000000 1.000000
vn 0.000000 0.000000 1.000000
vn 0.000000 0.000000 1.000000
vn 0.000000 0.000000 1.000000
vn 0.000000 0.000000 1.000000
vn 0.000000 0.000000 1.000000
vn 0.000000 0.000000 1.000000
vn 0.000000 0.000000 1.000000
vn 0.000000 0.000000 1.000000
vn 0.000000 0.000000 1.000000
vn 0.000000 0.000000 1.000000
vn 0.000000 0.000000 1.000000
vn 0.000000 0.000000 1.000000
vn 0.000000 0.000000 1.000000
vn 0.000000 0.000000 1.000000
vn 0.000000 0.000000 1.000000
vn 0.000000 0.000000 1.000000
vn 0.000000 0.000000 1.000000
vn 0.000000 0.000000 1.000000
vn 0.000000 0.000000 1.000000
vn 0.000000 0.000000 1.000000
vn 0.965926 -0.258819 -0.000000
vn 0.965926 -0.258819 -0.000000
vn 1.000000 -0.000000 -0.000000
vn 1.000000 -0.000000 -0.000000
vn 0.965926 0.258819 -0.000000
vn 0.965926 0.258819 -0.000000
vn 0.866025 0.500000 -0.000000
vn 0.866025 0.500000 -0.000000
vn 0.707107 0.707107 -0.000000
vn 0.707107 0.707107 -0.000000
vn 0.500000 0.866025 -0.000000
vn 0.500000 0.866025 -0.000000
vn 0.258819 0.965926 -0.000000
vn 0.258819 0.965926 -0.000000
vn -0.000000 1.000000 -0.000000
vn -0.000000 1.000000 -0.000000
vn -0.258819 0.965926 -0.000000
vn -0.258819 0.965926 -0.000000
vn -0.500000 0.866025 -0.000000
vn -0.500000 0.866025 -0.000000
vn -0.707107 0.707107 -0.000000
vn -0.707107 0.707107 -0.000000
vn -0.866025 0.500000 -0.000000
vn -0.866025 0.500000 -0.000000
vn -0.965926 0.258819 -0.000000
vn -0.965926 0.258819 -0.000000
vn -1.000000 -0.000000 0.000000
vn -1.000000 -0.000000 0.000000
vn -0.965926 -0.258819 0.000000
vn -0.965926 -0.258819 0.000000
vn -0.866025 -0.500000 0.000000
vn -0.866025 -0.500000 0.000000
vn -0.707107 -0.707107 0.000000
vn -0.707107 -0.707107 0.000000
vn -0.500000 -0.866025 0.000000
vn -0.500000 -0.866025 0.000000
vn -0.258819 -0.965926 0.000000
vn -0.258819 -0.965926 0.000000
vn -0.000000 -1.000000 0.000000
vn -0.000000 -1.000000 0.000000
vn 0.258819 -0.965926 -0.000000
vn 0.258819 -0.965926 -0.000000
vn 0.500000 -0.866025 -0.000000
vn 0.500000 -0.866025 -0.000000
vn 0.707107 -0.707107 -0.000000
vn 0.707107 -0.707107 -0.000000
vn 0.866025 -0.500000 -0.000000
vn 0.866025 -0.500000 -0.000000
vn 0.000000 0.000000 1.000000
vn 0.000000 0.000000 1.000000
vn 0.000000 0.000000 1.000000
vn 0.000000 0.000000 1.000000
vn 0.000000 0.000000 1.000000
vn 0.000000 0.000000 1.000000
vn 0.000000 0.000000 1.000000
vn 0.000000 0.000000 1.000000
vn 0.000000 0.000000 1.000000
vn 0.000000 0.000000 1.000000
vn 0.000000 0.000000 1.000000
vn 0.000000 0.000000 1.000000
vn 0.000000 0.000000 1.000000
vn 0.000000 0.000000 1.000000
vn 0.000000 0.000000 1.000000
vn 0.000000 0.000000 1.000000
vn 0.000000 0.000000 1.000000
vn 0.000000 0.000000 1.000000
vn 0.000000 0.000000 1.000000
vn 0.000000 0.000000 1.000000
vn 0.000000 0.000000 1.000000
vn 0.000000 0.000000 1.000000
vn 0.000000 0.000000 1.000000
vn 0.000000 0.000000 1.000000
vn 0.965926 -0.258819 -0.000000
vn 0.965926 -0.258819 -0.000000
vn 1.000000 -0.000000 -0.000000
vn 1.000000 -0.000000 -0.000000
vn 0.965926 0.258819 -0.000000
vn 0.965926 0.258819 -0.000000
vn 0.866025 0.500000 -0.000000
vn 0.866025 0.500000 -0.000000
vn 0.707107 0.707107 -0.000000
vn 0.707107 0.707107 -0.000000
vn 0.500000 0.866025 -0.000000
vn 0.500000 0.866025 -0.000000
vn 0.258819 0.965926 -0.000000
vn 0.258819 0.965926 -0.000000
vn -0.000000 1.000000 -0.000000
vn -0.000000 1.000000 -0.000000
vn -0.258819 0.965926 -0.000000
vn -0.258819 0.965926 -0.000000
vn -0.500000 0.866025 -0.000000
vn -0.500000 0.866025 -0.000000
vn -0.707107 0.707107 -0.000000
vn -0.707107 0.707107 -0.000000
vn -0.866025 0.500000 -0.000000
vn -0.866025 0.500000 -0.000000
vn -0.965926 0.258819 -0.000000
vn -0.965926 0.258819 -0.000000
vn -1.000000 -0.000000 0.000000
vn -1.000000 -0.000000 0.000000
vn -0.965926 -0.258819 0.000000
vn -0.965926 -0.258819 0.000000
vn -0.866025 -0.500000 0.000000
vn -0.866025 -0.500000 0.000000
vn -0.707107 -0.707107 0.000000
vn -0.707107 -0.707107 0.000000
vn -0.500000 -0.866025 0.000000
vn -0.500000 -0.866025 0.000000
vn -0.258819 -0.965926 0.000000
vn -0.258819 -0.965926 0.000000
vn -0.000000 -1.000000 0.000000
vn -0.000000 -1.000000 0.000000
vn 0.258819 -0.965926 -0.000000
vn 0.258819 -0.965926 -0.000000
vn 0.500000 -0.866025 -0.000000
vn 0.500000 -0.866025 -0.000000
vn 0.707107 -0.707107 -0.000000
vn 0.707107 -0.707107 -0.000000
vn 0.866025 -0.500000 -0.000000
vn 0.866025 -0.500000 -0.000000
vn 0.000000 0.000000 1.000000
vn 0.000000 0.000000 1.000000
vn 0.000000 0.000000 1.000000
vn 0.000000 0.000000 1.000000
vn 0.000000 0.000000 1.000000
vn 0.000000 0.000000 1.000000
vn 0.000000 0.000000 1.000000
vn 0.000000 0.000000 1.000000
vn 0.000000 0.000000 1.000000
vn 0.000000 0.000000 1.000000
vn 0.000000 0.000000 1.000000
vn 0.000000 0.000000 1.000000
vn 0.000000 0.000000 1.000000
vn 0.000000 0.000000 1.000000
vn 0.000000 0.000000 1.000000
vn 0.000000 0.000000 1.000000
vn 0.000000 0.000000 1.000000
vn 0.000000 0.000000 1.000000
vn 0.000000 0.000000 1.000000
vn 0.000000 0.000000 1.000000
vn 0.000000 0.000000 1.000000
vn 0.000000 0.000000 1.000000
vn 0.000000 0.000000 1.000000
vn 0.000000 0.000000 1.000000
vn 0.965926 -0.258819 -0.000000
vn 0.965926 -0.258819 -0.000000
vn 1.000000 -0.000000 -0.000000
vn 1.000000 -0.000000 -0.000000
vn 0.965926 0.258819 -0.000000
vn 0.965926 0.258819 -0.000000
vn 0.866025 0.500000 -0.000000
vn 0.866025 0.500000 -0.000000
vn 0.707107 0.707107 -0.000000
vn 0.707107 0.707107 -0.000000
vn 0.500000 0.866025 -0.000000
vn 0.500000 0.866025 -0.000000
vn 0.258819 0.965926 -0.000000
vn 0.258819 0.965926 -0.000000
vn -0.000000 1.000000 -0.000000
vn -0.000000 1.000000 -0.000000
vn -0.258819 0.965926 -0.000000
vn -0.258819 0.965926 -0.000000
vn -0.500000 0.866025 -0.000000
vn -0.500000 0.866025 -0.000000
vn -0.707107 0.707107 -0.000000
vn -0.707107 0.707107 -0.000000
vn -0.866025 0.500000 -0.000000
vn -0.866025 0.500000 -0.000000
vn -0.965926 0.258819 -0.000000
vn -0.965926 0.258819 -0.000000
vn -1.000000 -0.000000 0.000000
vn -1.000000 -0.000000 0.000000
vn -0.965926 -0.258819 0.000000
vn -0.965926 -0.258819 0.000000
vn -0.866025 -0.500000 0.000000
vn -0.866025 -0.500000 0.000000
vn -0.707107 -0.707107 0.000000
vn -0.707107 -0.707107 0.000000
vn -0.500000 -0.866025 0.000000
vn -0.500000 -0.866025 0.000000
vn -0.258819 -0.965926 0.000000
vn -0.258819 -0.965926 0.000000
vn -0.000000 -1.000000 0.000000
vn -0.000000 -1.000000 0.000000
vn 0.258819 -0.965926 -0.000000
vn 0.258819 -0.965926 -0.000000
vn 0.500000 -0.866025 -0.000000
vn 0.500000 -0.866025 -0.000000
vn 0.707107 -0.707107 -0.000000
vn 0.707107 -0.707107 -0.000000
vn 0.866025 -0.500000 -0.000000
vn 0.866025 -0.500000 -0.000000
vn 0.000000 0.000000 1.000000
vn 0.000000 0.000000 1.000000
vn 0.000000 0.000000 1.000000
vn 0.000000 0.000000 1.000000
vn 0.000000 0.000000 1.000000
vn 0.000000 0.000000 1.000000
vn 0.000000 0.000000 1.000000
vn 0.000000 0.000000 1.000000
vn 0.000000 0.000000 1.000000
vn 0.000000 0.000000 1.000000
vn 0.000000 0.000000 1.000000
vn 0.000000 0.000000 1.000000
vn 0.000000 0.000000 1.000000
vn 0.000000 0.000000 1.000000
vn 0.000000 0.000000 1.000000
vn 0.000000 0.000000 1.000000
vn 0.000000 0.000000 1.000000
vn 0.000000 0.000000 1.000000
vn 0.000000 0.000000 1.000000
vn 0.000000 0.000000 1.000000
vn 0.000000 0.000000 1.000000
vn 0.000000 0.000000 1.000000
vn 0.000000 0.000000 1.000000
vn 0.000000 0.000000 1.000000
vn 0.965926 -0.258819 -0.000000
vn 0.965926 -0.258819 -0.000000
vn 1.000000 -0.000000 -0.000000
vn 1.000000 -0.000000 -0.000000
vn 0.965926 0.258819 -0.000000
vn 0.965926 0.258819 -0.000000
vn 0.866025 0.500000 -0.000000
vn 0.866025 0.500000 -0.000000
vn 0.707107 0.707107 -0.000000
vn 0.707107 0.707107 -0.000000
vn 0.500000 0.866025 -0.000000
vn 0.500000 0.866025 -0.000000
vn 0.258819 0.965926 -0.000000
vn 0.258819 0.965926 -0.000000
vn -0.000000 1.000000 -0.000000
vn -0.000000 1.000000 -0.000000
vn -0.258819 0.965926 -0.000000
vn -0.258819 0.965926 -0.000000
vn -0.500000 0.866025 -0.000000
vn -0.500000 0.866025 -0.000000
vn -0.707107 0.707107 -0.000000
vn -0.707107 0.707107 -0.000000
vn -0.866025 0.500000 -0.000000
vn -0.866025 0.500000 -0.000000
vn -0.965926 0.258819 -0.000000
vn -0.965926 0.258819 -0.000000
vn -1.000000 -0.000000 0.000000
vn -1.000000 -0.000000 0.000000
vn -0.965926 -0.258819 0.000000
vn -0.965926 -0.258819 0.000000
vn -0.866025 -0.500000 0.000000
vn -0.866025 -0.500000 0.000000
vn -0.707107 -0.707107 0.000000
vn -0.707107 -0.707107 0.000000
vn -0.500000 -0.866025 0.000000
vn -0.500000 -0.866025 0.000000
vn -0.258819 -0.965926 0.000000
vn -0.258819 -0.965926 0.000000
vn -0.000000 -1.000000 0.000000
vn -0.000000 -1.000000 0.000000
vn 0.258819 -0.965926 -0.000000
vn 0.258819 -0.965926 -0.000000
vn 0.500000 -0.866025 -0.000000
vn 0.500000 -0.866025 -0.000000
vn 0.707107 -0.707107 -0.000000
vn 0.707107 -0.707107 -0.000000
vn 0.866025 -0.500000 -0.000000
vn 0.866025 -0.500000 -0.000000
vn 0.000000 0.000000 1.000000
vn 0.000000 0.000000 1.000000
vn 0.000000 0.000000 1.000000
vn 0.000000 0.000000 1.000000
vn 0.000000 0.000000 1.000000
vn 0.000000 0.000000 1.000000
vn 0.000000 0.000000 1.000000
vn 0.000000 0.000000 1.000000
vn 0.000000 0.000000 1.000000
vn 0.000000 0.000000 1.000000
vn 0.000000 0.000000 1.000000
vn 0.000000 0.000000 1.000000
vn 0.000000 0.000000 1.000000
vn 0.000000 0.000000 1.000000
vn 0.000000 0.000000 1.000000
vn 0.000000 0.000000 1.000000
vn 0.000000 0.000000 1.000000
vn 0.000000 0.000000 1.000000
vn 0.000000 0.000000 1.000000
vn 0.000000 0.000000 1.000000
vn 0.000000 0.000000 1.000000
vn 0.000000 0.000000 1.000000
vn 0.000000 0.000000 1.000000
vn 0.000000 0.000000 1.000000
vn 0.965926 -0.258819 -0.000000
vn 0.965926 -0.258819 -0.000000
vn 1.000000 -0.000000 -0.000000
vn 1.000000 -0.000000 -0.000000
vn 0.965926 0.258819 -0.000000
vn 0.965926 0.258819 -0.000000
vn 0.866025 0.500000 -0.000000
vn 0.866025 0.500000 -0.000000
vn 0.707107 0.707107 -0.000000
vn 0.707107 0.707107 -0.000000
vn 0.500000 0.866025 -0.000000
vn 0.500000 0.866025 -0.000000
vn 0.258819 0.965926 -0.000000
vn 0.258819 0.965926 -0.000000
vn -0.000000 1.000000 -0.000000
vn -0.000000 1.000000 -0.000000
vn -0.258819 0.965926 -0.000000
vn -0.258819 0.965926 -0.000000
vn -0.500000 0.866025 -0.000000
vn -0.500000 0.866025 -0.000000
vn -0.707107 0.707107 -0.000000
vn -0.707107 0.707107 -0.000000
vn -0.866025 0.500000 -0.000000
vn -0.866025 0.500000 -0.000000
vn -0.965926 0.258819 -0.000000
vn -0.965926 0.258819 -0.000000
vn -1.000000 -0.000000 0.000000
vn -1.000000 -0.000000 0.000000
vn -0.965926 -0.258819 0.000000
vn -0.965926 -0.258819 0.000000
vn -0.866025 -0.500000 0.000000
vn -0.866025 -0.500000 0.000000
vn -0.707107 -0.707107 0.000000
vn -0.707107 -0.707107 0.000000
vn -0.500000 -0.866025 0.000000
vn -0.500000 -0.866025 0.000000
vn -0.258819 -0.965926 0.000000
vn -0.258819 -0.965926 0.000000
vn -0.000000 -1.000000 0.000000
vn -0.000000 -1.000000 0.000000
vn 0.258819 -0.965926 -0.000000
vn 0.258819 -0.965926 -0.000000
vn 0.500000 -0.866025 -0.000000
vn 0.500000 -0.866025 -0.000000
vn 0.707107 -0.707107 -0.000000
vn 0.707107 -0.707107 -0.000000
vn 0.866025 -0.500000 -0.000000
vn 0.866025 -0.500000 -0.000000
vn 0.000000 0.000000 1.000000
vn 0.000000 0.000000 1.000000
vn 0.000000 0.000000 1.000000
vn 0.000000 0.000000 1.000000
vn 0.000000 0.000000 1.000000
vn 0.000000 0.000000 1.000000
vn 0.000000 0.000000 1.000000
vn 0.000000 0.000000 1.000000
vn 0.000000 0.000000 1.000000
vn 0.000000 0.000000 1.000000
vn 0.000000 0.000000 1.000000
vn 0.000000 0.000000 1.000000
vn 0.000000 0.000000 1.000000
vn 0.000000 0.000000 1.000000
vn 0.000000 0.000000 1.000000
vn 0.000000 0.000000 1.000000
vn 0.000000 0.000000 1.000000
vn 0.000000 0.000000 1.000000
vn 0.000000 0.000000 1.000000
vn 0.000000 0.000000 1.000000
vn 0.000000 0.000000 1.000000
vn 0.000000 0.000000 1.000000
vn 0.000000 0.000000 1.000000
vn 0.000000 0.000000 1.000000
vn 0.965926 -0.258819 -0.000000
vn 0.965926 -0.258819 -0.000000
vn 1.000000 -0.000000 -0.000000
vn 1.000000 -0.000000 -0.000000
vn 0.965926 0.258819 -0.000000
vn 0.965926 0.258819 -0.000000
vn 0.866025 0.500000 -0.000000
vn 0.866025 0.500000 -0.000000
vn 0.707107 0.707107 -0.000000
vn 0.707107 0.707107 -0.000000
vn 0.500000 0.866025 -0.000000
vn 0.500000 0.866025 -0.000000
vn 0.258819 0.965926 -0.000000
vn 0.258819 0.965926 -0.000000
vn -0.000000 1.000000 -0.000000
vn -0.000000 1.000000 -0.000000
vn -0.258819 0.965926 -0.000000
vn -0.258819 0.965926 -0.000000
vn -0.500000 0.866025 -0.000000
vn -0.500000 0.866025 -0.000000
vn -0.707107 0.707107 -0.000000
vn -0.707107 0.707107 -0.000000
vn -0.866025 0.500000 -0.000000
vn -0.866025 0.500000 -0.000000
vn -0.965926 0.258819 -0.000000
vn -0.965926 0.258819 -0.000000
vn -1.000000 -0.000000 0.000000
vn -1.000000 -0.000000 0.000000
vn -0.965926 -0.258819 0.000000
vn -0.965926 -0.258819 0.000000
vn -0.866025 -0.500000 0.000000
vn -0.866025 -0.500000 0.000000
vn -0.707107 -0.707107 0.000000
vn -0.707107 -0.707107 0.000000
vn -0.500000 -0.866025 0.000000
vn -0.500000 -0.866025 0.000000
vn -0.258819 -0.965926 0.000000
vn -0.258819 -0.965926 0.000000
vn -0.000000 -1.000000 0.000000
vn -0.000000 -1.000000 0.000000
vn 0.258819 -0.965926 -0.000000
vn 0.258819 -0.965926 -0.000000
vn 0.500000 -0.866025 -0.000000
vn 0.500000 -0.866025 -0.000000
vn 0.707107 -0.707107 -0.000000
vn 0.707107 -0.707107 -0.000000
vn 0.866025 -0.500000 -0.000000
vn 0.866025 -0.500000 -0.000000
vn 0.000000 1.000000 -0.000000
vn 0.000000 1.000000 -0.000000
vn 0.000000 1.000000 -0.000000
vn 0.000000 1.000000 -0.000000
vn 0.000000 1.000000 -0.000000
vn 0.000000 1.000000 -0.000000
vn 0.000000 1.000000 -0.000000
vn 0.000000 1.000000 -0.000000
vn 0.000000 1.000000 -0.000000
vn 0.000000 1.000000 -0.000000
vn 0.000000 1.000000 -0.000000
vn 0.000000 1.000000 -0.000000
vn 0.000000 1.000000 -0.000000
vn 0.000000 1.000000 -0.000000
vn 0.000000 1.000000 -0.000000
vn 0.000000 1.000000 -0.000000
vn 0.000000 1.000000 -0.000000
vn 0.000000 1.000000 -0.000000
vn 0.000000 1.000000 -0.000000
vn 0.000000 1.000000 -0.000000
vn 0.000000 1.000000 -0.000000
vn 0.000000 1.000000 -0.000000
vn 0.000000 1.000000 -0.000000
vn 0.000000 1.000000 -0.000000
vn 0.000000 1.000000 -0.000000
vn 0.000000 1.000000 -0.000000
vn 0.000000 1.000000 -0.000000
vn 0.000000 1.000000 -0.000000
vn 0.000000 -1.000000 0.000000
vn 0.000000 -1.000000 0.000000
vn 0.000000 -1.000000 0.000000
vn 0.000000 -1.000000 0.000000
vn 0.000000 -1.000000 0.000000
vn 0.000000 -1.000000 0.000000
vn 0.000000 -1.000000 0.000000
vn 0.000000 -1.000000 0.000000
vn 0.000000 -1.000000 0.000000
vn 0.000000 -1.000000 0.000000
vn 0.000000 -1.000000 0.000000
vn 0.000000 -1.000000 0.000000
vn 0.000000 -1.000000 0.000000
vn 0.000000 -1.000000 0.000000
vn 0.000000 -1.000000 0.000000
vn 0.000000 -1.000000 0.000000
vn 0.000000 -1.000000 0.000000
vn 0.000000 -1.000000 0.000000
vn 0.000000 -1.000000 0.000000
vn 0.000000 -1.000000 0.000000
vn 0.000000 -1.000000 0.000000
vn 0.000000 -1.000000 0.000000
vn 0.000000 -1.000000 0.000000
vn 0.000000 -1.000000 0.000000
vn -0.000000 -0.000000 1.000000
vn -0.000000 -0.000000 1.000000
vn -0.000000 -0.000000 1.000000
vn -0.000000 -0.000000 1.000000
vn 0.258819 -0.000000 0.965926
vn 0.258819 -0.000000 0.965926
vn 0.500000 -0.000000 0.866025
vn 0.500000 -0.000000 0.866025
vn 0.707107 -0.000000 0.707107
vn 0.707107 -0.000000 0.707107
vn 0.866025 -0.000000 0.500000
vn 0.866025 -0.000000 0.500000
vn 0.965926 -0.000000 0.258819
vn 0.965926 -0.000000 0.258819
vn 1.000000 -0.000000 0.000000
vn 1.000000 -0.000000 0.000000
vn 1.000000 -0.000000 -0.000000
vn 1.000000 -0.000000 -0.000000
vn 0.965926 0.000000 -0.258819
vn 0.965926 0.000000 -0.258819
vn 0.866025 0.000000 -0.500000
vn 0.866025 0.000000 -0.500000
vn 0.707107 0.000000 -0.707107
vn 0.707107 0.000000 -0.707107
vn 0.500000 0.000000 -0.866025
vn 0.500000 0.000000 -0.866025
vn 0.258819 0.000000 -0.965926
vn 0.258819 0.000000 -0.965926
vn -0.000000 0.000000 -1.000000
vn -0.000000 0.000000 -1.000000
vn -0.000000 -0.000000 -1.000000
vn -0.000000 -0.000000 -1.000000
vn -0.000000 -0.000000 -1.000000
vn -0.000000 -0.000000 -1.000000
vn -1.000000 -0.000000 -0.000000
vn -1.000000 -0.000000 -0.000000
vn -1.000000 -0.000000 -0.000000
vn -1.000000 -0.000000 -0.000000
vn -0.965926 0.000000 0.258819
vn -0.965926 0.000000 0.258819
vn -0.866025 0.000000 0.500000
vn -0.866025 0.000000 0.500000
vn -0.707107 0.000000 0.707107
vn -0.707107 0.000000 0.707107
vn -0.500000 0.000000 0.866025
vn -0.500000 0.000000 0.866025
vn -0.258819 0.000000 0.965926
vn -0.258819 0.000000 0.965926
f 112/231/227 158/232/228 111/233/229
f 111/233/229 158/232/228 135/234/230
f 111/235/229 135/236/230 134/237/231
f 134/237/231 135/236/230 136/238/232
f 134/237/231 136/238/232 133/239/233
f 133/239/233 136/238/232 137/240/234
f 133/239/233 137/240/234 132/241/235
f 132/241/235 137/240/234 138/242/236
f 132/241/235 138/242/236 131/243/237
f 131/243/237 138/242/236 139/244/238
f 131/243/237 139/244/238 130/245/239
f 130/245/239 139/244/238 140/246/240
f 130/245/239 140/246/240 129/247/241
f 129/247/241 140/246/240 141/248/242
f 129/247/241 141/248/242 128/249/243
f 128/249/243 141/248/242 142/250/244
f 128/249/243 142/250/244 127/251/245
f 127/251/245 142/250/244 143/252/246
f 127/251/245 143/252/246 126/253/247
f 126/253/247 143/252/246 144/254/248
f 126/253/247 144/254/248 125/255/249
f 125/255/249 144/254/248 145/256/250
f 125/255/249 145/256/250 124/257/251
f 124/257/251 145/256/250 146/258/252
f 124/257/251 146/258/252 123/259/253
f 123/259/253 146/258/252 147/260/254
f 123/259/253 147/260/254 122/261/255
f 122/261/255 147/260/254 148/262/256
f 122/261/255 148/262/256 121/263/257
f 121/263/257 148/262/256 149/264/258
f 121/263/257 149/264/258 120/265/259
f 120/265/259 149/264/258 150/266/260
f 120/265/259 150/266/260 119/267/261
f 119/267/261 150/266/260 151/268/262
f 119/267/261 151/268/262 118/269/263
f 118/269/263 151/268/262 152/270/264
f 118/269/263 152/270/264 117/271/265
f 117/271/265 152/270/264 153/272/266
f 117/271/265 153/272/266 116/273/267
f 116/273/267 153/272/266 154/274/268
f 116/273/267 154/274/268 115/275/269
f 115/275/269 154/274/268 155/276/270
f 115/275/269 155/276/270 114/277/271
f 114/277/271 155/276/270 156/278/272
f 114/277/271 156/278/272 113/279/273
f 113/279/273 156/278/272 157/280/274
f 113/279/273 157/280/274 112/231/227
f 112/231/227 157/280/274 158/232/228
f 134/281/275 124/282/276 111/283/277
f 111/283/277 124/282/276 123/284/278
f 111/283/277 123/284/278 112/285/279
f 112/285/279 123/284/278 122/286/280
f 112/285/279 122/286/280 113/287/281
f 113/287/281 122/286/280 121/288/282
f 113/287/281 121/288/282 114/289/283
f 114/289/283 121/288/282 120/290/284
f 114/289/283 120/290/284 115/291/285
f 115/291/285 120/290/284 119/292/286
f 115/291/285 119/292/286 116/293/287
f 116/293/287 119/292/286 118/294/288
f 116/293/287 118/294/288 117/295/289
f 124/282/276 134/281/275 125/296/290
f 125/296/290 134/281/275 133/297/291
f 125/296/290 133/297/291 126/298/292
f 126/298/292 133/297/291 132/299/293
f 126/298/292 132/299/293 127/300/294
f 127/300/294 132/299/293 131/301/295
f 127/300/294 131/301/295 128/302/296
f 128/302/296 131/301/295 130/303/297
f 128/302/296 130/303/297 129/304/298
f 160/305/299 206/306/300 159/307/301
f 159/307/301 206/306/300 183/308/302
f 159/309/301 183/310/302 182/311/303
f 182/311/303 183/310/302 184/312/304
f 182/311/303 184/312/304 181/313/305
f 181/313/305 184/312/304 185/314/306
f 181/313/305 185/314/306 180/315/307
f 180/315/307 185/314/306 186/316/308
f 180/315/307 186/316/308 179/317/309
f 179/317/309 186/316/308 187/318/310
f 179/317/309 187/318/310 178/319/311
f 178/319/311 187/318/310 188/320/312
f 178/319/311 188/320/312 177/321/313
f 177/321/313 188/320/312 189/322/314
f 177/321/313 189/322/314 176/323/315
f 176/323/315 189/322/314 190/324/316
f 176/323/315 190/324/316 175/325/317
f 175/325/317 190/324/316 191/326/318
f 175/325/317 191/326/318 174/327/319
f 174/327/319 191/326/318 192/328/320
f 174/327/319 192/328/320 173/329/321
f 173/329/321 192/328/320 193/330/322
f 173/329/321 193/330/322 172/331/323
f 172/331/323 193/330/322 194/332/324
f 172/331/323 194/332/324 171/333/325
f 171/333/325 194/332/324 195/334/326
f 171/333/325 195/334/326 170/335/327
f 170/335/327 195/334/326 196/336/328
f 170/335/327 196/336/328 169/337/329
f 169/337/329 196/336/328 197/338/330
f 169/337/329 197/338/330 168/339/331
f 168/339/331 197/338/330 198/340/332
f 168/339/331 198/340/332 167/341/333
f 167/341/333 198/340/332 199/342/334
f 167/341/333 199/342/334 166/343/335
f 166/343/335 199/342/334 200/344/336
f 166/343/335 200/344/336 165/345/337
f 165/345/337 200/344/336 201/346/338
f 165/345/337 201/346/338 164/347/339
f 164/347/339 201/346/338 202/348/340
f 164/347/339 202/348/340 163/349/341
f 163/349/341 202/348/340 203/350/342
f 163/349/341 203/350/342 162/351/343
f 162/351/343 203/350/342 204/352/344
f 162/351/343 204/352/344 161/353/345
f 161/353/345 204/352/344 205/354/346
f 161/353/345 205/354/346 160/305/299
f 160/305/299 205/354/346 206/306/300
f 182/355/347 172/356/348 159/357/349
f 159/357/349 172/356/348 171/358/350
f 159/357/349 171/358/350 160/359/351
f 160/359/351 171/358/350 170/360/352
f 160/359/351 170/360/352 161/361/353
f 161/361/353 170/360/352 169/362/354
f 161/361/353 169/362/354 162/363/355
f 162/363/355 169/362/354 168/364/356
f 162/363/355 168/364/356 163/365/357
f 163/365/357 168/364/356 167/366/358
f 163/365/357 167/366/358 164/367/359
f 164/367/359 167/366/358 166/368/360
f 164/367/359 166/368/360 165/369/361
f 172/356/348 182/355/347 173/370/362
f 173/370/362 182/355/347 181/371/363
f 173/370/362 181/371/363 174/372/364
f 174/372/364 181/371/363 180/373/365
f 174/372/364 180/373/365 175/374/366
f 175/374/366 180/373/365 179/375/367
f 175/374/366 179/375/367 176/376/368
f 176/376/368 179/375/367 178/377/369
f 176/376/368 178/377/369 177/378/370
f 207/379/371 208/380/372 210/381/373
f 210/381/373 208/380/372 209/382/374
f 211/383/375 207/384/376 212/385/377
f 212/385/377 207/384/376 210/386/378
f 213/387/379 211/388/380 214/389/381
f 214/389/381 211/388/380 212/390/382
f 208/391/383 213/392/384 209/393/385
f 209/393/385 213/392/384 214/394/386
f 216/395/387 217/396/388 215/397/389
f 215/397/389 217/396/388 218/398/390
f 215/397/389 218/398/390 219/399/391
f 219/399/391 220/400/392 215/397/389
f 215/397/389 220/400/392 221/401/393
f 215/397/389 221/401/393 245/402/394
f 245/402/394 221/401/393 222/403/395
f 245/402/394 222/403/395 228/404/396
f 228/404/396 222/403/395 223/405/397
f 228/404/396 223/405/397 224/406/398
f 224/406/398 225/407/399 228/404/396
f 228/404/396 225/407/399 226/408/400
f 228/404/396 226/408/400 227/409/401
f 228/404/396 229/410/402 245/402/394
f 245/402/394 229/410/402 230/411/403
f 245/402/394 230/411/403 236/412/404
f 236/412/404 230/411/403 235/413/405
f 235/413/405 230/411/403 234/414/406
f 234/414/406 230/411/403 233/415/407
f 233/415/407 230/411/403 232/416/408
f 232/416/408 230/411/403 231/417/409
f 236/412/404 237/418/410 245/402/394
f 245/402/394 237/418/410 243/419/411
f 245/402/394 243/419/411 244/420/412
f 237/418/410 238/421/413 243/419/411
f 243/419/411 238/421/413 239/422/414
f 243/419/411 239/422/414 240/423/415
f 240/423/415 241/424/416 243/419/411
f 243/419/411 241/424/416 242/425/417
f 244/420/412 215/397/389 245/402/394
f 212/426/418 221/427/419 214/428/420
f 214/428/420 221/427/419 246/429/421
f 214/428/420 246/429/421 247/430/422
f 221/427/419 212/426/418 222/431/423
f 222/431/423 212/426/418 210/432/424
f 222/431/423 210/432/424 209/433/425
f 222/431/423 209/433/425 247/430/422
f 247/430/422 209/433/425 214/428/420
f 213/434/426 249/435/427 211/436/428
f 211/436/428 249/435/427 250/437/429
f 211/436/428 250/437/429 207/438/430
f 207/438/430 250/437/429 208/439/431
f 208/439/431 250/437/429 251/440/432
f 208/439/431 251/440/432 213/434/426
f 213/434/426 251/440/432 252/441/433
f 213/434/426 252/441/433 248/442/434
f 248/442/434 252/441/433 253/443/435
f 248/442/434 249/435/427 213/434/426
f 254/444/436 255/445/437 259/446/438
f 259/446/438 255/445/437 258/447/439
f 258/447/439 255/445/437 256/448/440
f 258/447/439 256/448/440 257/449/441
f 256/450/442 260/451/443 257/452/444
f 257/452/444 260/451/443 261/453/445
f 261/453/445 260/451/443 248/454/446
f 261/453/445 248/454/446 253/455/447
f 237/456/448 236/457/449 262/458/450
f 262/458/450 236/457/449 263/459/451
f 230/460/452 264/461/453 231/462/454
f 231/462/454 264/461/453 265/463/455
f 231/462/454 265/463/455 232/464/456
f 232/464/456 265/463/455 266/465/457
f 232/464/456 266/465/457 233/466/458
f 233/466/458 266/465/457 267/467/459
f 233/466/458 267/467/459 234/468/460
f 234/468/460 267/467/459 268/469/461
f 234/468/460 268/469/461 235/470/462
f 235/470/462 268/469/461 269/471/463
f 235/470/462 269/471/463 236/472/449
f 236/472/449 269/471/463 263/473/451
f 222/474/423 247/475/422 223/476/464
f 223/476/464 247/475/422 270/477/465
f 223/476/464 270/477/465 224/478/466
f 224/478/466 270/477/465 271/479/467
f 224/478/466 271/479/467 225/480/468
f 225/480/468 271/479/467 272/481/469
f 225/480/468 272/481/469 226/482/470
f 226/482/470 272/481/469 273/483/471
f 226/482/470 273/483/471 227/484/472
f 227/484/472 273/483/471 274/485/473
f 227/484/472 274/485/473 228/486/474
f 228/486/474 274/485/473 275/487/475
f 237/488/448 262/489/450 238/490/476
f 238/490/476 262/489/450 276/491/477
f 238/490/476 276/491/477 239/492/478
f 239/492/478 276/491/477 277/493/479
f 239/492/478 277/493/479 240/494/480
f 240/494/480 277/493/479 278/495/481
f 240/494/480 278/495/481 241/496/482
f 241/496/482 278/495/481 279/497/483
f 241/496/482 279/497/483 242/498/484
f 242/498/484 279/497/483 280/499/485
f 242/498/484 280/499/485 243/500/486
f 243/500/486 280/499/485 281/501/487
f 215/502/488 244/503/489 282/504/490
f 282/504/490 244/503/489 283/505/491
f 283/505/491 244/503/489 243/506/486
f 283/505/491 243/506/486 281/507/487
f 252/508/492 246/509/493 253/510/494
f 253/510/494 246/509/493 285/511/495
f 253/510/494 285/511/495 286/512/496
f 246/509/493 252/508/492 247/513/497
f 247/513/497 252/508/492 251/514/498
f 247/513/497 251/514/498 270/515/499
f 270/515/499 251/514/498 271/516/500
f 271/516/500 251/514/498 272/517/501
f 272/517/501 251/514/498 273/518/502
f 273/518/502 251/514/498 274/519/503
f 274/519/503 251/514/498 275/520/504
f 275/520/504 251/514/498 284/521/505
f 275/520/504 284/521/505 290/522/506
f 290/522/506 284/521/505 264/523/507
f 264/523/507 284/521/505 259/524/508
f 264/523/507 259/524/508 265/525/509
f 265/525/509 259/524/508 266/526/510
f 266/526/510 259/524/508 267/527/511
f 267/527/511 259/524/508 268/528/512
f 268/528/512 259/524/508 269/529/513
f 269/529/513 259/524/508 263/530/514
f 263/530/514 259/524/508 258/531/515
f 263/530/514 258/531/515 262/532/516
f 262/532/516 258/531/515 257/533/517
f 262/532/516 257/533/517 276/534/518
f 276/534/518 257/533/517 277/535/519
f 277/535/519 257/533/517 278/536/520
f 278/536/520 257/533/517 279/537/521
f 279/537/521 257/533/517 280/538/522
f 280/538/522 257/533/517 281/539/523
f 281/539/523 257/533/517 261/540/524
f 281/539/523 261/540/524 283/541/525
f 283/541/525 261/540/524 282/542/526
f 282/542/526 261/540/524 253/510/494
f 282/542/526 253/510/494 289/543/527
f 289/543/527 253/510/494 288/544/528
f 288/544/528 253/510/494 287/545/529
f 287/545/529 253/510/494 286/512/496
f 215/546/488 282/547/490 216/548/530
f 216/548/530 282/547/490 289/549/531
f 216/548/530 289/549/531 217/550/532
f 217/550/532 289/549/531 288/551/533
f 217/550/532 288/551/533 218/552/534
f 218/552/534 288/551/533 287/553/535
f 218/552/534 287/553/535 219/554/536
f 219/554/536 287/553/535 286/555/537
f 219/554/536 286/555/537 220/556/538
f 220/556/538 286/555/537 285/557/539
f 220/556/538 285/557/539 221/558/419
f 221/558/419 285/557/539 246/559/421
f 314/560/540 291/561/541 315/562/542
f 315/562/542 291/561/541 292/563/543
f 315/562/542 292/563/543 338/564/544
f 338/564/544 292/563/543 293/565/545
f 338/564/544 293/565/545 337/566/546
f 337/566/546 293/565/545 294/567/547
f 337/566/546 294/567/547 336/568/548
f 336/568/548 294/567/547 295/569/549
f 336/568/548 295/569/549 335/570/550
f 335/570/550 295/569/549 296/571/551
f 335/570/550 296/571/551 334/572/552
f 334/572/552 296/571/551 297/573/553
f 334/572/552 297/573/553 333/574/554
f 333/574/554 297/573/553 332/575/555
f 332/575/555 297/573/553 298/576/556
f 332/575/555 298/576/556 331/577/557
f 331/577/557 298/576/556 299/578/558
f 331/577/557 299/578/558 330/579/559
f 330/579/559 299/578/558 300/580/560
f 330/579/559 300/580/560 329/581/561
f 329/581/561 300/580/560 301/582/562
f 329/581/561 301/582/562 328/583/563
f 328/583/563 301/582/562 302/584/564
f 328/583/563 302/584/564 327/585/565
f 327/585/565 302/584/564 303/586/566
f 327/585/565 303/586/566 326/587/567
f 326/587/567 303/586/566 304/588/568
f 326/587/567 304/588/568 305/589/569
f 326/587/567 305/589/569 325/590/570
f 325/590/570 305/589/569 306/591/571
f 325/590/570 306/591/571 324/592/572
f 324/592/572 306/591/571 307/593/573
f 324/592/572 307/593/573 323/594/574
f 323/594/574 307/593/573 308/595/575
f 323/594/574 308/595/575 322/596/576
f 322/596/576 308/595/575 309/597/577
f 322/596/576 309/597/577 321/598/578
f 321/598/578 309/597/577 320/599/579
f 320/599/579 309/597/577 310/600/580
f 320/599/579 310/600/580 319/601/581
f 319/601/581 310/600/580 311/602/582
f 319/601/581 311/602/582 318/603/583
f 318/603/583 311/602/582 312/604/584
f 318/603/583 312/604/584 317/605/585
f 317/605/585 312/604/584 313/606/586
f 317/605/585 313/606/586 316/607/587
f 316/607/587 313/606/586 314/560/540
f 316/607/587 314/560/540 315/562/542
f 338/608/588 364/609/589 315/610/590
f 315/610/590 364/609/589 363/611/591
f 315/612/590 363/613/591 316/614/592
f 316/614/592 363/613/591 386/615/593
f 316/614/592 386/615/593 317/616/594
f 317/616/594 386/615/593 385/617/595
f 317/616/594 385/617/595 318/618/596
f 318/618/596 385/617/595 384/619/597
f 318/618/596 384/619/597 319/620/598
f 319/620/598 384/619/597 383/621/599
f 319/620/598 383/621/599 320/622/600
f 320/622/600 383/621/599 382/623/601
f 320/622/600 382/623/601 321/624/602
f 321/624/602 382/623/601 381/625/603
f 321/624/602 381/625/603 322/626/604
f 322/626/604 381/625/603 380/627/605
f 322/626/604 380/627/605 323/628/606
f 323/628/606 380/627/605 379/629/607
f 323/628/606 379/629/607 324/630/608
f 324/630/608 379/629/607 378/631/609
f 324/630/608 378/631/609 325/632/610
f 325/632/610 378/631/609 377/633/611
f 325/632/610 377/633/611 326/634/612
f 326/634/612 377/633/611 376/635/613
f 326/634/612 376/635/613 327/636/614
f 327/636/614 376/635/613 375/637/615
f 327/636/614 375/637/615 328/638/616
f 328/638/616 375/637/615 374/639/617
f 328/638/616 374/639/617 329/640/618
f 329/640/618 374/639/617 373/641/619
f 329/640/618 373/641/619 330/642/620
f 330/642/620 373/641/619 372/643/621
f 330/642/620 372/643/621 331/644/622
f 331/644/622 372/643/621 371/645/623
f 331/644/622 371/645/623 332/646/624
f 332/646/624 371/645/623 370/647/625
f 332/646/624 370/647/625 333/648/626
f 333/648/626 370/647/625 369/649/627
f 333/648/626 369/649/627 334/650/628
f 334/650/628 369/649/627 368/651/629
f 334/650/628 368/651/629 335/652/630
f 335/652/630 368/651/629 367/653/631
f 335/652/630 367/653/631 336/654/632
f 336/654/632 367/653/631 366/655/633
f 336/654/632 366/655/633 337/656/634
f 337/656/634 366/655/633 365/657/635
f 337/656/634 365/657/635 338/608/588
f 338/608/588 365/657/635 364/609/589
f 340/658/636 386/615/593 339/659/637
f 339/659/637 386/615/593 363/613/591
f 339/660/637 363/611/591 362/661/638
f 362/661/638 363/611/591 364/609/589
f 362/661/638 364/609/589 361/662/639
f 361/662/639 364/609/589 365/657/635
f 361/662/639 365/657/635 360/663/640
f 360/663/640 365/657/635 366/655/633
f 360/663/640 366/655/633 359/664/641
f 359/664/641 366/655/633 367/653/631
f 359/664/641 367/653/631 358/665/642
f 358/665/642 367/653/631 368/651/629
f 358/665/642 368/651/629 357/666/643
f 357/666/643 368/651/629 369/649/627
f 357/666/643 369/649/627 356/667/644
f 356/667/644 369/649/627 370/647/625
f 356/667/644 370/647/625 355/668/645
f 355/668/645 370/647/625 371/645/623
f 355/668/645 371/645/623 354/669/646
f 354/669/646 371/645/623 372/643/621
f 354/669/646 372/643/621 353/670/647
f 353/670/647 372/643/621 373/641/619
f 353/670/647 373/641/619 352/671/648
f 352/671/648 373/641/619 374/639/617
f 352/671/648 374/639/617 351/672/649
f 351/672/649 374/639/617 375/637/615
f 351/672/649 375/637/615 350/673/650
f 350/673/650 375/637/615 376/635/613
f 350/673/650 376/635/613 349/674/651
f 349/674/651 376/635/613 377/633/611
f 349/674/651 377/633/611 348/675/652
f 348/675/652 377/633/611 378/631/609
f 348/675/652 378/631/609 347/676/653
f 347/676/653 378/631/609 379/629/607
f 347/676/653 379/629/607 346/677/654
f 346/677/654 379/629/607 380/627/605
f 346/677/654 380/627/605 345/678/655
f 345/678/655 380/627/605 381/625/603
f 345/678/655 381/625/603 344/679/656
f 344/679/656 381/625/603 382/623/601
f 344/679/656 382/623/601 343/680/657
f 343/680/657 382/623/601 383/621/599
f 343/680/657 383/621/599 342/681/658
f 342/681/658 383/621/599 384/619/597
f 342/681/658 384/619/597 341/682/659
f 341/682/659 384/619/597 385/617/595
f 341/682/659 385/617/595 340/658/636
f 340/658/636 385/617/595 386/615/593
f 410/683/660 387/684/661 411/685/662
f 411/685/662 387/684/661 388/686/663
f 411/685/662 388/686/663 434/687/664
f 434/687/664 388/686/663 389/688/665
f 434/687/664 389/688/665 433/689/666
f 433/689/666 389/688/665 390/690/667
f 433/689/666 390/690/667 432/691/668
f 432/691/668 390/690/667 391/692/669
f 432/691/668 391/692/669 431/693/670
f 431/693/670 391/692/669 392/694/671
f 431/693/670 392/694/671 430/695/672
f 430/695/672 392/694/671 393/696/673
f 430/695/672 393/696/673 429/697/674
f 429/697/674 393/696/673 428/698/675
f 428/698/675 393/696/673 394/699/676
f 428/698/675 394/699/676 427/700/677
f 427/700/677 394/699/676 395/701/678
f 427/700/677 395/701/678 426/702/679
f 426/702/679 395/701/678 396/703/680
f 426/702/679 396/703/680 425/704/681
f 425/704/681 396/703/680 397/705/682
f 425/704/681 397/705/682 424/706/683
f 424/706/683 397/705/682 398/707/684
f 424/706/683 398/707/684 423/708/685
f 423/708/685 398/707/684 399/709/686
f 423/708/685 399/709/686 422/710/687
f 422/710/687 399/709/686 400/711/688
f 422/710/687 400/711/688 401/712/689
f 422/710/687 401/712/689 421/713/690
f 421/713/690 401/712/689 402/714/691
f 421/713/690 402/714/691 420/715/692
f 420/715/692 402/714/691 403/716/693
f 420/715/692 403/716/693 419/717/694
f 419/717/694 403/716/693 404/718/695
f 419/717/694 404/718/695 418/719/696
f 418/719/696 404/718/695 405/720/697
f 418/719/696 405/720/697 417/721/698
f 417/721/698 405/720/697 416/722/699
f 416/722/699 405/720/697 406/723/700
f 416/722/699 406/723/700 415/724/701
f 415/724/701 406/723/700 407/725/702
f 415/724/701 407/725/702 414/726/703
f 414/726/703 407/725/702 408/727/704
f 414/726/703 408/727/704 413/728/705
f 413/728/705 408/727/704 409/729/706
f 413/728/705 409/729/706 412/730/707
f 412/730/707 409/729/706 410/683/660
f 412/730/707 410/683/660 411/685/662
f 434/731/708 458/732/709 411/733/710
f 411/733/710 458/732/709 435/734/711
f 411/735/710 435/736/711 412/737/712
f 412/737/712 435/736/711 436/738/713
f 412/737/712 436/738/713 413/739/714
f 413/739/714 436/738/713 437/740/715
f 413/739/714 437/740/715 414/741/716
f 414/741/716 437/740/715 438/742/717
f 414/741/716 438/742/717 415/743/718
f 415/743/718 438/742/717 439/744/719
f 415/743/718 439/744/719 416/745/720
f 416/745/720 439/744/719 440/746/721
f 416/745/720 440/746/721 417/747/722
f 417/747/722 440/746/721 441/748/723
f 417/747/722 441/748/723 418/749/724
f 418/749/724 441/748/723 442/750/725
f 418/749/724 442/750/725 419/751/726
f 419/751/726 442/750/725 443/752/727
f 419/751/726 443/752/727 420/753/728
f 420/753/728 443/752/727 444/754/729
f 420/753/728 444/754/729 421/755/730
f 421/755/730 444/754/729 445/756/731
f 421/755/730 445/756/731 422/757/732
f 422/757/732 445/756/731 446/758/733
f 422/757/732 446/758/733 423/759/734
f 423/759/734 446/758/733 447/760/735
f 423/759/734 447/760/735 424/761/736
f 424/761/736 447/760/735 448/762/737
f 424/761/736 448/762/737 425/763/738
f 425/763/738 448/762/737 449/764/739
f 425/763/738 449/764/739 426/765/740
f 426/765/740 449/764/739 450/766/741
f 426/765/740 450/766/741 427/767/742
f 427/767/742 450/766/741 451/768/743
f 427/767/742 451/768/743 428/769/744
f 428/769/744 451/768/743 452/770/745
f 428/769/744 452/770/745 429/771/746
f 429/771/746 452/770/745 453/772/747
f 429/771/746 453/772/747 430/773/748
f 430/773/748 453/772/747 454/774/749
f 430/773/748 454/774/749 431/775/750
f 431/775/750 454/774/749 455/776/751
f 431/775/750 455/776/751 432/777/752
f 432/777/752 455/776/751 456/778/753
f 432/777/752 456/778/753 433/779/754
f 433/779/754 456/778/753 457/780/755
f 433/779/754 457/780/755 434/731/708
f 434/731/708 457/780/755 458/732/709
f 482/781/756 459/782/757 483/783/758
f 483/783/758 459/782/757 460/784/759
f 483/783/758 460/784/759 506/785/760
f 506/785/760 460/784/759 461/786/761
f 506/785/760 461/786/761 505/787/762
f 505/787/762 461/786/761 462/788/763
f 505/787/762 462/788/763 504/789/764
f 504/789/764 462/788/763 463/790/765
f 504/789/764 463/790/765 503/791/766
f 503/791/766 463/790/765 464/792/767
f 503/791/766 464/792/767 502/793/768
f 502/793/768 464/792/767 465/794/769
f 502/793/768 465/794/769 501/795/770
f 501/795/770 465/794/769 500/796/771
f 500/796/771 465/794/769 466/797/772
f 500/796/771 466/797/772 499/798/773
f 499/798/773 466/797/772 467/799/774
f 499/798/773 467/799/774 498/800/775
f 498/800/775 467/799/774 468/801/776
f 498/800/775 468/801/776 497/802/777
f 497/802/777 468/801/776 469/803/778
f 497/802/777 469/803/778 496/804/779
f 496/804/779 469/803/778 470/805/780
f 496/804/779 470/805/780 495/806/781
f 495/806/781 470/805/780 471/807/782
f 495/806/781 471/807/782 494/808/783
f 494/808/783 471/807/782 472/809/784
f 494/808/783 472/809/784 473/810/785
f 494/808/783 473/810/785 493/811/786
f 493/811/786 473/810/785 474/812/787
f 493/811/786 474/812/787 492/813/788
f 492/813/788 474/812/787 475/814/789
f 492/813/788 475/814/789 491/815/790
f 491/815/790 475/814/789 476/816/791
f 491/815/790 476/816/791 490/817/792
f 490/817/792 476/816/791 477/818/793
f 490/817/792 477/818/793 489/819/794
f 489/819/794 477/818/793 488/820/795
f 488/820/795 477/818/793 478/821/796
f 488/820/795 478/821/796 487/822/797
f 487/822/797 478/821/796 479/823/798
f 487/822/797 479/823/798 486/824/799
f 486/824/799 479/823/798 480/825/800
f 486/824/799 480/825/800 485/826/801
f 485/826/801 480/825/800 481/827/802
f 485/826/801 481/827/802 484/828/803
f 484/828/803 481/827/802 482/781/756
f 484/828/803 482/781/756 483/783/758
f 506/829/804 532/830/805 483/831/806
f 483/831/806 532/830/805 531/832/807
f 483/833/806 531/834/807 484/835/808
f 484/835/808 531/834/807 554/836/809
f 484/835/808 554/836/809 485/837/810
f 485/837/810 554/836/809 553/838/811
f 485/837/810 553/838/811 486/839/812
f 486/839/812 553/838/811 552/840/813
f 486/839/812 552/840/813 487/841/814
f 487/841/814 552/840/813 551/842/815
f 487/841/814 551/842/815 488/843/816
f 488/843/816 551/842/815 550/844/817
f 488/843/816 550/844/817 489/845/818
f 489/845/818 550/844/817 549/846/819
f 489/845/818 549/846/819 490/847/820
f 490/847/820 549/846/819 548/848/821
f 490/847/820 548/848/821 491/849/822
f 491/849/822 548/848/821 547/850/823
f 491/849/822 547/850/823 492/851/824
f 492/851/824 547/850/823 546/852/825
f 492/851/824 546/852/825 493/853/826
f 493/853/826 546/852/825 545/854/827
f 493/853/826 545/854/827 494/855/828
f 494/855/828 545/854/827 544/856/829
f 494/855/828 544/856/829 495/857/830
f 495/857/830 544/856/829 543/858/831
f 495/857/830 543/858/831 496/859/832
f 496/859/832 543/858/831 542/860/833
f 496/859/832 542/860/833 497/861/834
f 497/861/834 542/860/833 541/862/835
f 497/861/834 541/862/835 498/863/836
f 498/863/836 541/862/835 540/864/837
f 498/863/836 540/864/837 499/865/838
f 499/865/838 540/864/837 539/866/839
f 499/865/838 539/866/839 500/867/840
f 500/867/840 539/866/839 538/868/841
f 500/867/840 538/868/841 501/869/842
f 501/869/842 538/868/841 537/870/843
f 501/869/842 537/870/843 502/871/844
f 502/871/844 537/870/843 536/872/845
f 502/871/844 536/872/845 503/873/846
f 503/873/846 536/872/845 535/874/847
f 503/873/846 535/874/847 504/875/848
f 504/875/848 535/874/847 534/876/849
f 504/875/848 534/876/849 505/877/850
f 505/877/850 534/876/849 533/878/851
f 505/877/850 533/878/851 506/829/804
f 506/829/804 533/878/851 532/830/805
f 508/879/852 554/836/809 507/880/853
f 507/880/853 554/836/809 531/834/807
f 507/881/853 531/832/807 530/882/854
f 530/882/854 531/832/807 532/830/805
f 530/882/854 532/830/805 529/883/855
f 529/883/855 532/830/805 533/878/851
f 529/883/855 533/878/851 528/884/856
f 528/884/856 533/878/851 534/876/849
f 528/884/856 534/876/849 527/885/857
f 527/885/857 534/876/849 535/874/847
f 527/885/857 535/874/847 526/886/858
f 526/886/858 535/874/847 536/872/845
f 526/886/858 536/872/845 525/887/859
f 525/887/859 536/872/845 537/870/843
f 525/887/859 537/870/843 524/888/860
f 524/888/860 537/870/843 538/868/841
f 524/888/860 538/868/841 523/889/861
f 523/889/861 538/868/841 539/866/839
f 523/889/861 539/866/839 522/890/862
f 522/890/862 539/866/839 540/864/837
f 522/890/862 540/864/837 521/891/863
f 521/891/863 540/864/837 541/862/835
f 521/891/863 541/862/835 520/892/864
f 520/892/864 541/862/835 542/860/833
f 520/892/864 542/860/833 519/893/865
f 519/893/865 542/860/833 543/858/831
f 519/893/865 543/858/831 518/894/866
f 518/894/866 543/858/831 544/856/829
f 518/894/866 544/856/829 517/895/867
f 517/895/867 544/856/829 545/854/827
f 517/895/867 545/854/827 516/896/868
f 516/896/868 545/854/827 546/852/825
f 516/896/868 546/852/825 515/897/869
f 515/897/869 546/852/825 547/850/823
f 515/897/869 547/850/823 514/898/870
f 514/898/870 547/850/823 548/848/821
f 514/898/870 548/848/821 513/899/871
f 513/899/871 548/848/821 549/846/819
f 513/899/871 549/846/819 512/900/872
f 512/900/872 549/846/819 550/844/817
f 512/900/872 550/844/817 511/901/873
f 511/901/873 550/844/817 551/842/815
f 511/901/873 551/842/815 510/902/874
f 510/902/874 551/842/815 552/840/813
f 510/902/874 552/840/813 509/903/875
f 509/903/875 552/840/813 553/838/811
f 509/903/875 553/838/811 508/879/852
f 508/879/852 553/838/811 554/836/809
f 578/904/876 555/905/877 579/906/878
f 579/906/878 555/905/877 556/907/879
f 579/906/878 556/907/879 602/908/880
f 602/908/880 556/907/879 557/909/881
f 602/908/880 557/909/881 601/910/882
f 601/910/882 557/909/881 558/911/883
f 601/910/882 558/911/883 600/912/884
f 600/912/884 558/911/883 559/913/885
f 600/912/884 559/913/885 599/914/886
f 599/914/886 559/913/885 560/915/887
f 599/914/886 560/915/887 598/916/888
f 598/916/888 560/915/887 561/917/889
f 598/916/888 561/917/889 597/918/890
f 597/918/890 561/917/889 596/919/891
f 596/919/891 561/917/889 562/920/892
f 596/919/891 562/920/892 595/921/893
f 595/921/893 562/920/892 563/922/894
f 595/921/893 563/922/894 594/923/895
f 594/923/895 563/922/894 564/924/896
f 594/923/895 564/924/896 593/925/897
f 593/925/897 564/924/896 565/926/898
f 593/925/897 565/926/898 592/927/899
f 592/927/899 565/926/898 566/928/900
f 592/927/899 566/928/900 591/929/901
f 591/929/901 566/928/900 567/930/902
f 591/929/901 567/930/902 590/931/903
f 590/931/903 567/930/902 568/932/904
f 590/931/903 568/932/904 569/933/905
f 590/931/903 569/933/905 589/934/906
f 589/934/906 569/933/905 570/935/907
f 589/934/906 570/935/907 588/936/908
f 588/936/908 570/935/907 571/937/909
f 588/936/908 571/937/909 587/938/910
f 587/938/910 571/937/909 572/939/911
f 587/938/910 572/939/911 586/940/912
f 586/940/912 572/939/911 573/941/913
f 586/940/912 573/941/913 585/942/914
f 585/942/914 573/941/913 584/943/915
f 584/943/915 573/941/913 574/944/916
f 584/943/915 574/944/916 583/945/917
f 583/945/917 574/944/916 575/946/918
f 583/945/917 575/946/918 582/947/919
f 582/947/919 575/946/918 576/948/920
f 582/947/919 576/948/920 581/949/921
f 581/949/921 576/948/920 577/950/922
f 581/949/921 577/950/922 580/951/923
f 580/951/923 577/950/922 578/904/876
f 580/951/923 578/904/876 579/906/878
f 602/952/924 628/953/925 579/954/926
f 579/954/926 628/953/925 627/955/927
f 579/956/926 627/957/927 580/958/928
f 580/958/928 627/957/927 650/959/929
f 580/958/928 650/959/929 581/960/930
f 581/960/930 650/959/929 649/961/931
f 581/960/930 649/961/931 582/962/932
f 582/962/932 649/961/931 648/963/933
f 582/962/932 648/963/933 583/964/934
f 583/964/934 648/963/933 647/965/935
f 583/964/934 647/965/935 584/966/936
f 584/966/936 647/965/935 646/967/937
f 584/966/936 646/967/937 585/968/938
f 585/968/938 646/967/937 645/969/939
f 585/968/938 645/969/939 586/970/940
f 586/970/940 645/969/939 644/971/941
f 586/970/940 644/971/941 587/972/942
f 587/972/942 644/971/941 643/973/943
f 587/972/942 643/973/943 588/974/944
f 588/974/944 643/973/943 642/975/945
f 588/974/944 642/975/945 589/976/946
f 589/976/946 642/975/945 641/977/947
f 589/976/946 641/977/947 590/978/948
f 590/978/948 641/977/947 640/979/949
f 590/978/948 640/979/949 591/980/950
f 591/980/950 640/979/949 639/981/951
f 591/980/950 639/981/951 592/982/952
f 592/982/952 639/981/951 638/983/953
f 592/982/952 638/983/953 593/984/954
f 593/984/954 638/983/953 637/985/955
f 593/984/954 637/985/955 594/986/956
f 594/986/956 637/985/955 636/987/957
f 594/986/956 636/987/957 595/988/958
f 595/988/958 636/987/957 635/989/959
f 595/988/958 635/989/959 596/990/960
f 596/990/960 635/989/959 634/991/961
f 596/990/960 634/991/961 597/992/962
f 597/992/962 634/991/961 633/993/963
f 597/992/962 633/993/963 598/994/964
f 598/994/964 633/993/963 632/995/965
f 598/994/964 632/995/965 599/996/966
f 599/996/966 632/995/965 631/997/967
f 599/996/966 631/997/967 600/998/968
f 600/998/968 631/997/967 630/999/969
f 600/998/968 630/999/969 601/1000/970
f 601/1000/970 630/999/969 629/1001/971
f 601/1000/970 629/1001/971 602/952/924
f 602/952/924 629/1001/971 628/953/925
f 604/1002/972 650/959/929 603/1003/973
f 603/1003/973 650/959/929 627/957/927
f 603/1004/973 627/955/927 626/1005/974
f 626/1005/974 627/955/927 628/953/925
f 626/1005/974 628/953/925 625/1006/975
f 625/1006/975 628/953/925 629/1001/971
f 625/1006/975 629/1001/971 624/1007/976
f 624/1007/976 629/1001/971 630/999/969
f 624/1007/976 630/999/969 623/1008/977
f 623/1008/977 630/999/969 631/997/967
f 623/1008/977 631/997/967 622/1009/978
f 622/1009/978 631/997/967 632/995/965
f 622/1009/978 632/995/965 621/1010/979
f 621/1010/979 632/995/965 633/993/963
f 621/1010/979 633/993/963 620/1011/980
f 620/1011/980 633/993/963 634/991/961
f 620/1011/980 634/991/961 619/1012/981
f 619/1012/981 634/991/961 635/989/959
f 619/1012/981 635/989/959 618/1013/982
f 618/1013/982 635/989/959 636/987/957
f 618/1013/982 636/987/957 617/1014/983
f 617/1014/983 636/987/957 637/985/955
f 617/1014/983 637/985/955 616/1015/984
f 616/1015/984 637/985/955 638/983/953
f 616/1015/984 638/983/953 615/1016/985
f 615/1016/985 638/983/953 639/981/951
f 615/1016/985 639/981/951 614/1017/986
f 614/1017/986 639/981/951 640/979/949
f 614/1017/986 640/979/949 613/1018/987
f 613/1018/987 640/979/949 641/977/947
f 613/1018/987 641/977/947 612/1019/988
f 612/1019/988 641/977/947 642/975/945
f 612/1019/988 642/975/945 611/1020/989
f 611/1020/989 642/975/945 643/973/943
f 611/1020/989 643/973/943 610/1021/990
f 610/1021/990 643/973/943 644/971/941
f 610/1021/990 644/971/941 609/1022/991
f 609/1022/991 644/971/941 645/969/939
f 609/1022/991 645/969/939 608/1023/992
f 608/1023/992 645/969/939 646/967/937
f 608/1023/992 646/967/937 607/1024/993
f 607/1024/993 646/967/937 647/965/935
f 607/1024/993 647/965/935 606/1025/994
f 606/1025/994 647/965/935 648/963/933
f 606/1025/994 648/963/933 605/1026/995
f 605/1026/995 648/963/933 649/961/931
f 605/1026/995 649/961/931 604/1002/972
f 604/1002/972 649/961/931 650/959/929
f 674/1027/996 651/1028/997 675/1029/998
f 675/1029/998 651/1028/997 652/1030/999
f 675/1029/998 652/1030/999 698/1031/1000
f 698/1031/1000 652/1030/999 653/1032/1001
f 698/1031/1000 653/1032/1001 697/1033/1002
f 697/1033/1002 653/1032/1001 654/1034/1003
f 697/1033/1002 654/1034/1003 696/1035/1004
f 696/1035/1004 654/1034/1003 655/1036/1005
f 696/1035/1004 655/1036/1005 695/1037/1006
f 695/1037/1006 655/1036/1005 656/1038/1007
f 695/1037/1006 656/1038/1007 694/1039/1008
f 694/1039/1008 656/1038/1007 657/1040/1009
f 694/1039/1008 657/1040/1009 693/1041/1010
f 693/1041/1010 657/1040/1009 692/1042/1011
f 692/1042/1011 657/1040/1009 658/1043/1012
f 692/1042/1011 658/1043/1012 691/1044/1013
f 691/1044/1013 658/1043/1012 659/1045/1014
f 691/1044/1013 659/1045/1014 690/1046/1015
f 690/1046/1015 659/1045/1014 660/1047/1016
f 690/1046/1015 660/1047/1016 689/1048/1017
f 689/1048/1017 660/1047/1016 661/1049/1018
f 689/1048/1017 661/1049/1018 688/1050/1019
f 688/1050/1019 661/1049/1018 662/1051/1020
f 688/1050/1019 662/1051/1020 687/1052/1021
f 687/1052/1021 662/1051/1020 663/1053/1022
f 687/1052/1021 663/1053/1022 686/1054/1023
f 686/1054/1023 663/1053/1022 664/1055/1024
f 686/1054/1023 664/1055/1024 665/1056/1025
f 686/1054/1023 665/1056/1025 685/1057/1026
f 685/1057/1026 665/1056/1025 666/1058/1027
f 685/1057/1026 666/1058/1027 684/1059/1028
f 684/1059/1028 666/1058/1027 667/1060/1029
f 684/1059/1028 667/1060/1029 683/1061/1030
f 683/1061/1030 667/1060/1029 668/1062/1031
f 683/1061/1030 668/1062/1031 682/1063/1032
f 682/1063/1032 668/1062/1031 669/1064/1033
f 682/1063/1032 669/1064/1033 681/1065/1034
f 681/1065/1034 669/1064/1033 680/1066/1035
f 680/1066/1035 669/1064/1033 670/1067/1036
f 680/1066/1035 670/1067/1036 679/1068/1037
f 679/1068/1037 670/1067/1036 671/1069/1038
f 679/1068/1037 671/1069/1038 678/1070/1039
f 678/1070/1039 671/1069/1038 672/1071/1040
f 678/1070/1039 672/1071/1040 677/1072/1041
f 677/1072/1041 672/1071/1040 673/1073/1042
f 677/1072/1041 673/1073/1042 676/1074/1043
f 676/1074/1043 673/1073/1042 674/1027/996
f 676/1074/1043 674/1027/996 675/1029/998
f 698/1075/1044 722/1076/1045 675/1077/1046
f 675/1077/1046 722/1076/1045 699/1078/1047
f 675/1079/1046 699/1080/1047 676/1081/1048
f 676/1081/1048 699/1080/1047 700/1082/1049
f 676/1081/1048 700/1082/1049 677/1083/1050
f 677/1083/1050 700/1082/1049 701/1084/1051
f 677/1083/1050 701/1084/1051 678/1085/1052
f 678/1085/1052 701/1084/1051 702/1086/1053
f 678/1085/1052 702/1086/1053 679/1087/1054
f 679/1087/1054 702/1086/1053 703/1088/1055
f 679/1087/1054 703/1088/1055 680/1089/1056
f 680/1089/1056 703/1088/1055 704/1090/1057
f 680/1089/1056 704/1090/1057 681/1091/1058
f 681/1091/1058 704/1090/1057 705/1092/1059
f 681/1091/1058 705/1092/1059 682/1093/1060
f 682/1093/1060 705/1092/1059 706/1094/1061
f 682/1093/1060 706/1094/1061 683/1095/1062
f 683/1095/1062 706/1094/1061 707/1096/1063
f 683/1095/1062 707/1096/1063 684/1097/1064
f 684/1097/1064 707/1096/1063 708/1098/1065
f 684/1097/1064 708/1098/1065 685/1099/1066
f 685/1099/1066 708/1098/1065 709/1100/1067
f 685/1099/1066 709/1100/1067 686/1101/1068
f 686/1101/1068 709/1100/1067 710/1102/1069
f 686/1101/1068 710/1102/1069 687/1103/1070
f 687/1103/1070 710/1102/1069 711/1104/1071
f 687/1103/1070 711/1104/1071 688/1105/1072
f 688/1105/1072 711/1104/1071 712/1106/1073
f 688/1105/1072 712/1106/1073 689/1107/1074
f 689/1107/1074 712/1106/1073 713/1108/1075
f 689/1107/1074 713/1108/1075 690/1109/1076
f 690/1109/1076 713/1108/1075 714/1110/1077
f 690/1109/1076 714/1110/1077 691/1111/1078
f 691/1111/1078 714/1110/1077 715/1112/1079
f 691/1111/1078 715/1112/1079 692/1113/1080
f 692/1113/1080 715/1112/1079 716/1114/1081
f 692/1113/1080 716/1114/1081 693/1115/1082
f 693/1115/1082 716/1114/1081 717/1116/1083
f 693/1115/1082 717/1116/1083 694/1117/1084
f 694/1117/1084 717/1116/1083 718/1118/1085
f 694/1117/1084 718/1118/1085 695/1119/1086
f 695/1119/1086 718/1118/1085 719/1120/1087
f 695/1119/1086 719/1120/1087 696/1121/1088
f 696/1121/1088 719/1120/1087 720/1122/1089
f 696/1121/1088 720/1122/1089 697/1123/1090
f 697/1123/1090 720/1122/1089 721/1124/1091
f 697/1123/1090 721/1124/1091 698/1075/1044
f 698/1075/1044 721/1124/1091 722/1076/1045
f 158/1125/1092 735/1126/1093 135/1127/1094
f 135/1127/1094 735/1126/1093 736/1128/1095
f 135/1127/1094 736/1128/1095 136/1129/1096
f 136/1129/1096 736/1128/1095 737/1130/1097
f 136/1129/1096 737/1130/1097 137/1131/1098
f 137/1131/1098 737/1130/1097 853/1132/1099
f 137/1131/1098 853/1132/1099 719/1133/1100
f 719/1133/1100 853/1132/1099 720/1134/1101
f 720/1134/1101 853/1132/1099 854/1135/1102
f 720/1134/1101 854/1135/1102 721/1136/1103
f 721/1136/1103 854/1135/1102 855/1137/1104
f 721/1136/1103 855/1137/1104 722/1138/1105
f 722/1138/1105 855/1137/1104 616/1139/1106
f 722/1138/1105 616/1139/1106 699/1140/1107
f 699/1140/1107 616/1139/1106 615/1141/1108
f 699/1140/1107 615/1141/1108 700/1142/1109
f 700/1142/1109 615/1141/1108 614/1143/1110
f 700/1142/1109 614/1143/1110 701/1144/1111
f 701/1144/1111 614/1143/1110 613/1145/1112
f 701/1144/1111 613/1145/1112 355/1146/1113
f 355/1146/1113 613/1145/1112 612/1147/1114
f 355/1146/1113 612/1147/1114 356/1148/1115
f 356/1148/1115 612/1147/1114 357/1149/1116
f 357/1149/1116 612/1147/1114 611/1150/1117
f 357/1149/1116 611/1150/1117 358/1151/1118
f 358/1151/1118 611/1150/1117 610/1152/1119
f 358/1151/1118 610/1152/1119 359/1153/1120
f 359/1153/1120 610/1152/1119 609/1154/1121
f 359/1153/1120 609/1154/1121 360/1155/1122
f 360/1155/1122 609/1154/1121 608/1156/1123
f 360/1155/1122 608/1156/1123 607/1157/1124
f 735/1126/1093 158/1125/1092 734/1158/1125
f 734/1158/1125 158/1125/1092 157/1159/1126
f 734/1158/1125 157/1159/1126 733/1160/1127
f 733/1160/1127 157/1159/1126 156/1161/1128
f 733/1160/1127 156/1161/1128 732/1162/1129
f 732/1162/1129 156/1161/1128 963/1163/1130
f 732/1162/1129 963/1163/1130 731/1164/1131
f 731/1164/1131 963/1163/1130 730/1165/1132
f 730/1165/1132 963/1163/1130 729/1166/1133
f 729/1166/1133 963/1163/1130 250/1167/1134
f 729/1166/1133 250/1167/1134 728/1168/1135
f 728/1168/1135 250/1167/1134 727/1169/1136
f 727/1169/1136 250/1167/1134 726/1170/1137
f 726/1170/1137 250/1167/1134 725/1171/1138
f 725/1171/1138 250/1167/1134 724/1172/1139
f 724/1172/1139 250/1167/1134 723/1173/1140
f 723/1173/1140 250/1167/1134 746/1174/1141
f 746/1174/1141 250/1167/1134 745/1175/1142
f 745/1175/1142 250/1167/1134 971/1176/1143
f 745/1175/1142 971/1176/1143 972/1177/1144
f 156/1161/1128 155/1178/1145 963/1163/1130
f 963/1163/1130 155/1178/1145 154/1179/1146
f 963/1163/1130 154/1179/1146 153/1180/1147
f 153/1180/1147 152/1181/1148 963/1163/1130
f 963/1163/1130 152/1181/1148 151/1182/1149
f 963/1163/1130 151/1182/1149 150/1183/1150
f 963/1163/1130 150/1183/1150 996/1184/1151
f 996/1184/1151 150/1183/1150 149/1185/1152
f 996/1184/1151 149/1185/1152 148/1186/1153
f 996/1184/1151 148/1186/1153 995/1187/1154
f 995/1187/1154 148/1186/1153 147/1188/1155
f 995/1187/1154 147/1188/1155 994/1189/1156
f 994/1189/1156 147/1188/1155 146/1190/1157
f 994/1189/1156 146/1190/1157 145/1191/1158
f 145/1191/1158 144/1192/1159 994/1189/1156
f 994/1189/1156 144/1192/1159 143/1193/1160
f 994/1189/1156 143/1193/1160 142/1194/1161
f 994/1189/1156 142/1194/1161 989/1195/1162
f 989/1195/1162 142/1194/1161 141/1196/1163
f 989/1195/1162 141/1196/1163 140/1197/1164
f 139/1198/1165 203/1199/1166 140/1197/1164
f 140/1197/1164 203/1199/1166 202/1200/1167
f 140/1197/1164 202/1200/1167 989/1195/1162
f 989/1195/1162 202/1200/1167 201/1201/1168
f 989/1195/1162 201/1201/1168 200/1202/1169
f 203/1199/1166 139/1198/1165 204/1203/1170
f 204/1203/1170 139/1198/1165 138/1204/1171
f 204/1203/1170 138/1204/1171 205/1205/1172
f 205/1205/1172 138/1204/1171 137/1131/1098
f 205/1205/1172 137/1131/1098 718/1206/1173
f 718/1206/1173 137/1131/1098 719/1133/1100
f 206/1207/1174 716/1208/1175 183/1209/1176
f 183/1209/1176 716/1208/1175 715/1210/1177
f 183/1209/1176 715/1210/1177 184/1211/1178
f 184/1211/1178 715/1210/1177 714/1212/1179
f 184/1211/1178 714/1212/1179 713/1213/1180
f 716/1208/1175 206/1207/1174 717/1214/1181
f 717/1214/1181 206/1207/1174 205/1205/1172
f 717/1214/1181 205/1205/1172 718/1206/1173
f 200/1202/1169 199/1215/1182 989/1195/1162
f 989/1195/1162 199/1215/1182 198/1216/1183
f 989/1195/1162 198/1216/1183 197/1217/1184
f 197/1217/1184 196/1218/1185 989/1195/1162
f 989/1195/1162 196/1218/1185 993/1219/1186
f 989/1195/1162 993/1219/1186 868/1220/1187
f 868/1220/1187 993/1219/1186 867/1221/1188
f 867/1221/1188 993/1219/1186 992/1222/1189
f 867/1221/1188 992/1222/1189 890/1223/1190
f 890/1223/1190 992/1222/1189 889/1224/1191
f 889/1224/1191 992/1222/1189 990/1225/1192
f 889/1224/1191 990/1225/1192 888/1226/1193
f 888/1226/1193 990/1225/1192 805/1227/1194
f 888/1226/1193 805/1227/1194 887/1228/1195
f 887/1228/1195 805/1227/1194 806/1229/1196
f 887/1228/1195 806/1229/1196 886/1230/1197
f 886/1230/1197 806/1229/1196 916/1231/1198
f 886/1230/1197 916/1231/1198 885/1232/1199
f 885/1232/1199 916/1231/1198 884/1233/1200
f 884/1233/1200 916/1231/1198 917/1234/1201
f 884/1233/1200 917/1234/1201 883/1235/1202
f 883/1235/1202 917/1234/1201 918/1236/1203
f 883/1235/1202 918/1236/1203 882/1237/1204
f 882/1237/1204 918/1236/1203 919/1238/1205
f 882/1237/1204 919/1238/1205 881/1239/1206
f 881/1239/1206 919/1238/1205 920/1240/1207
f 881/1239/1206 920/1240/1207 880/1241/1208
f 880/1241/1208 920/1240/1207 921/1242/1209
f 880/1241/1208 921/1242/1209 922/1243/1210
f 196/1218/1185 195/1244/1211 993/1219/1186
f 993/1219/1186 195/1244/1211 194/1245/1212
f 993/1219/1186 194/1245/1212 992/1222/1189
f 992/1222/1189 194/1245/1212 193/1246/1213
f 992/1222/1189 193/1246/1213 192/1247/1214
f 192/1247/1214 191/1248/1215 992/1222/1189
f 992/1222/1189 191/1248/1215 990/1225/1192
f 191/1248/1215 190/1249/1216 990/1225/1192
f 990/1225/1192 190/1249/1216 711/1250/1217
f 990/1225/1192 711/1250/1217 710/1251/1218
f 190/1249/1216 189/1252/1219 711/1250/1217
f 711/1250/1217 189/1252/1219 188/1253/1220
f 711/1250/1217 188/1253/1220 712/1254/1221
f 712/1254/1221 188/1253/1220 187/1255/1222
f 712/1254/1221 187/1255/1222 186/1256/1223
f 712/1254/1221 186/1256/1223 713/1213/1180
f 713/1213/1180 186/1256/1223 185/1257/1224
f 713/1213/1180 185/1257/1224 184/1211/1178
f 853/1132/1099 737/1130/1097 852/1258/1225
f 852/1258/1225 737/1130/1097 738/1259/1226
f 852/1258/1225 738/1259/1226 851/1260/1227
f 851/1260/1227 738/1259/1226 739/1261/1228
f 851/1260/1227 739/1261/1228 850/1262/1229
f 850/1262/1229 739/1261/1228 740/1263/1230
f 850/1262/1229 740/1263/1230 849/1264/1231
f 849/1264/1231 740/1263/1230 741/1265/1232
f 849/1264/1231 741/1265/1232 742/1266/1233
f 743/1267/1234 847/1268/1235 742/1266/1233
f 742/1266/1233 847/1268/1235 848/1269/1236
f 742/1266/1233 848/1269/1236 849/1264/1231
f 847/1268/1235 743/1267/1234 846/1270/1237
f 846/1270/1237 743/1267/1234 744/1271/1238
f 846/1270/1237 744/1271/1238 845/1272/1239
f 845/1272/1239 744/1271/1238 745/1175/1142
f 845/1272/1239 745/1175/1142 972/1177/1144
f 748/1273/1240 952/1274/1241 747/1275/1242
f 747/1275/1242 952/1274/1241 953/1276/1243
f 747/1275/1242 953/1276/1243 770/1277/1244
f 770/1277/1244 953/1276/1243 954/1278/1245
f 770/1277/1244 954/1278/1245 769/1279/1246
f 769/1279/1246 954/1278/1245 876/1280/1247
f 769/1279/1246 876/1280/1247 877/1281/1248
f 749/1282/1249 841/1283/1250 748/1273/1240
f 748/1273/1240 841/1283/1250 842/1284/1251
f 748/1273/1240 842/1284/1251 951/1285/1252
f 951/1285/1252 842/1284/1251 819/1286/1253
f 951/1285/1252 819/1286/1253 950/1287/1254
f 950/1287/1254 819/1286/1253 820/1288/1255
f 950/1287/1254 820/1288/1255 949/1289/1256
f 949/1289/1256 820/1288/1255 821/1290/1257
f 949/1289/1256 821/1290/1257 948/1291/1258
f 948/1291/1258 821/1290/1257 822/1292/1259
f 948/1291/1258 822/1292/1259 947/1293/1260
f 947/1293/1260 822/1292/1259 823/1294/1261
f 947/1293/1260 823/1294/1261 946/1295/1262
f 946/1295/1262 823/1294/1261 824/1296/1263
f 946/1295/1262 824/1296/1263 963/1163/1130
f 963/1163/1130 824/1296/1263 825/1297/1264
f 963/1163/1130 825/1297/1264 254/1298/1265
f 254/1298/1265 825/1297/1264 826/1299/1266
f 254/1298/1265 826/1299/1266 827/1300/1267
f 841/1283/1250 749/1282/1249 840/1301/1268
f 840/1301/1268 749/1282/1249 750/1302/1269
f 840/1301/1268 750/1302/1269 751/1303/1270
f 840/1301/1268 751/1303/1270 839/1304/1271
f 839/1304/1271 751/1303/1270 752/1305/1272
f 839/1304/1271 752/1305/1272 838/1306/1273
f 838/1306/1273 752/1305/1272 753/1307/1274
f 838/1306/1273 753/1307/1274 837/1308/1275
f 837/1308/1275 753/1307/1274 836/1309/1276
f 836/1309/1276 753/1307/1274 754/1310/1277
f 836/1309/1276 754/1310/1277 755/1311/1278
f 836/1309/1276 755/1311/1278 835/1312/1279
f 835/1312/1279 755/1311/1278 756/1313/1280
f 835/1312/1279 756/1313/1280 834/1314/1281
f 834/1314/1281 756/1313/1280 757/1315/1282
f 834/1314/1281 757/1315/1282 833/1316/1283
f 833/1316/1283 757/1315/1282 758/1317/1284
f 833/1316/1283 758/1317/1284 832/1318/1285
f 832/1318/1285 758/1317/1284 759/1319/1286
f 832/1318/1285 759/1319/1286 831/1320/1287
f 831/1320/1287 759/1319/1286 254/1298/1265
f 831/1320/1287 254/1298/1265 830/1321/1288
f 830/1321/1288 254/1298/1265 829/1322/1289
f 829/1322/1289 254/1298/1265 828/1323/1290
f 828/1323/1290 254/1298/1265 827/1300/1267
f 759/1319/1286 760/1324/1291 254/1298/1265
f 254/1298/1265 760/1324/1291 255/1325/1292
f 255/1325/1292 760/1324/1291 761/1326/1293
f 255/1325/1292 761/1326/1293 762/1327/1294
f 762/1327/1294 763/1328/1295 255/1325/1292
f 255/1325/1292 763/1328/1295 925/1329/1296
f 255/1325/1292 925/1329/1296 926/1330/1297
f 763/1328/1295 764/1331/1298 925/1329/1296
f 925/1329/1296 764/1331/1298 924/1332/1299
f 924/1332/1299 764/1331/1298 765/1333/1300
f 924/1332/1299 765/1333/1300 879/1334/1301
f 879/1334/1301 765/1333/1300 878/1335/1302
f 878/1335/1302 765/1333/1300 766/1336/1303
f 878/1335/1302 766/1336/1303 767/1337/1304
f 878/1335/1302 767/1337/1304 877/1281/1248
f 877/1281/1248 767/1337/1304 768/1338/1305
f 877/1281/1248 768/1338/1305 769/1279/1246
f 772/1339/1306 991/1340/1307 771/1341/1308
f 771/1341/1308 991/1340/1307 445/1342/1309
f 771/1341/1308 445/1342/1309 444/1343/1310
f 772/1339/1306 773/1344/1311 991/1340/1307
f 991/1340/1307 773/1344/1311 774/1345/1312
f 991/1340/1307 774/1345/1312 775/1346/1313
f 775/1346/1313 776/1347/1314 991/1340/1307
f 991/1340/1307 776/1347/1314 777/1348/1315
f 991/1340/1307 777/1348/1315 778/1349/1316
f 778/1349/1316 779/1350/1317 991/1340/1307
f 991/1340/1307 779/1350/1317 780/1351/1318
f 991/1340/1307 780/1351/1318 810/1352/1319
f 810/1352/1319 780/1351/1318 809/1353/1320
f 809/1353/1320 780/1351/1318 781/1354/1321
f 809/1353/1320 781/1354/1321 893/1355/1322
f 893/1355/1322 781/1354/1321 892/1356/1323
f 892/1356/1323 781/1354/1321 782/1357/1324
f 892/1356/1323 782/1357/1324 891/1358/1325
f 891/1358/1325 782/1357/1324 783/1359/1326
f 891/1358/1325 783/1359/1326 914/1360/1327
f 914/1360/1327 783/1359/1326 784/1361/1328
f 914/1360/1327 784/1361/1328 913/1362/1329
f 913/1362/1329 784/1361/1328 785/1363/1330
f 913/1362/1329 785/1363/1330 260/1364/1331
f 260/1364/1331 785/1363/1330 786/1365/1332
f 260/1364/1331 786/1365/1332 787/1366/1333
f 787/1366/1333 788/1367/1334 260/1364/1331
f 260/1364/1331 788/1367/1334 789/1368/1335
f 260/1364/1331 789/1368/1335 790/1369/1336
f 790/1369/1336 791/1370/1337 260/1364/1331
f 260/1364/1331 791/1370/1337 792/1371/1338
f 260/1364/1331 792/1371/1338 793/1372/1339
f 793/1372/1339 794/1373/1340 260/1364/1331
f 260/1364/1331 794/1373/1340 443/1374/1341
f 260/1364/1331 443/1374/1341 442/1375/1342
f 794/1373/1340 771/1341/1308 443/1374/1341
f 443/1374/1341 771/1341/1308 444/1343/1310
f 796/1376/1343 708/1377/1344 795/1378/1345
f 795/1378/1345 708/1377/1344 707/1379/1346
f 795/1378/1345 707/1379/1346 451/1380/1347
f 451/1380/1347 707/1379/1346 706/1381/1348
f 451/1380/1347 706/1381/1348 452/1382/1349
f 452/1382/1349 706/1381/1348 705/1383/1350
f 452/1382/1349 705/1383/1350 453/1384/1351
f 453/1384/1351 705/1383/1350 454/1385/1352
f 454/1385/1352 705/1383/1350 704/1386/1353
f 454/1385/1352 704/1386/1353 455/1387/1354
f 455/1387/1354 704/1386/1353 703/1388/1355
f 455/1387/1354 703/1388/1355 456/1389/1356
f 456/1389/1356 703/1388/1355 702/1390/1357
f 456/1389/1356 702/1390/1357 457/1391/1358
f 457/1391/1358 702/1390/1357 701/1144/1111
f 457/1391/1358 701/1144/1111 354/1392/1359
f 354/1392/1359 701/1144/1111 355/1146/1113
f 708/1377/1344 796/1376/1343 990/1225/1192
f 990/1225/1192 796/1376/1343 797/1393/1360
f 990/1225/1192 797/1393/1360 798/1394/1361
f 798/1394/1361 799/1395/1362 990/1225/1192
f 990/1225/1192 799/1395/1362 800/1396/1363
f 990/1225/1192 800/1396/1363 801/1397/1364
f 801/1397/1364 802/1398/1365 990/1225/1192
f 990/1225/1192 802/1398/1365 803/1399/1366
f 990/1225/1192 803/1399/1366 804/1400/1367
f 804/1400/1367 805/1227/1194 990/1225/1192
f 916/1231/1198 806/1229/1196 915/1401/1368
f 915/1401/1368 806/1229/1196 807/1402/1369
f 915/1401/1368 807/1402/1369 938/1403/1370
f 938/1403/1370 807/1402/1369 808/1404/1371
f 938/1403/1370 808/1404/1371 937/1405/1372
f 937/1405/1372 808/1404/1371 809/1353/1320
f 937/1405/1372 809/1353/1320 893/1355/1322
f 810/1352/1319 811/1406/1373 991/1340/1307
f 991/1340/1307 811/1406/1373 812/1407/1374
f 991/1340/1307 812/1407/1374 988/1408/1375
f 988/1408/1375 812/1407/1374 813/1409/1376
f 988/1408/1375 813/1409/1376 814/1410/1377
f 814/1410/1377 815/1411/1378 988/1408/1375
f 988/1408/1375 815/1411/1378 816/1412/1379
f 988/1408/1375 816/1412/1379 817/1413/1380
f 817/1413/1380 818/1414/1381 988/1408/1375
f 988/1408/1375 818/1414/1381 795/1378/1345
f 988/1408/1375 795/1378/1345 450/1415/1382
f 450/1415/1382 795/1378/1345 451/1380/1347
f 844/1416/1383 974/1417/1384 843/1418/1385
f 843/1418/1385 974/1417/1384 975/1419/1386
f 843/1418/1385 975/1419/1386 626/1420/1387
f 626/1420/1387 975/1419/1386 603/1421/1388
f 603/1421/1388 975/1419/1386 976/1422/1389
f 603/1421/1388 976/1422/1389 604/1423/1390
f 604/1423/1390 976/1422/1389 977/1424/1391
f 604/1423/1390 977/1424/1391 605/1425/1392
f 605/1425/1392 977/1424/1391 978/1426/1393
f 605/1425/1392 978/1426/1393 606/1427/1394
f 606/1427/1394 978/1426/1393 979/1428/1395
f 606/1427/1394 979/1428/1395 362/1429/1396
f 362/1429/1396 979/1428/1395 520/1430/1397
f 362/1429/1396 520/1430/1397 339/1431/1398
f 339/1431/1398 520/1430/1397 519/1432/1399
f 339/1431/1398 519/1432/1399 340/1433/1400
f 340/1433/1400 519/1432/1399 518/1434/1401
f 340/1433/1400 518/1434/1401 341/1435/1402
f 341/1435/1402 518/1434/1401 517/1436/1403
f 341/1435/1402 517/1436/1403 248/1437/1404
f 248/1437/1404 517/1436/1403 516/1438/1405
f 248/1437/1404 516/1438/1405 515/1439/1406
f 974/1417/1384 844/1416/1383 973/1440/1407
f 973/1440/1407 844/1416/1383 845/1272/1239
f 973/1440/1407 845/1272/1239 972/1177/1144
f 855/1137/1104 856/1441/1408 616/1139/1106
f 616/1139/1106 856/1441/1408 617/1442/1409
f 617/1442/1409 856/1441/1408 618/1443/1410
f 618/1443/1410 856/1441/1408 857/1444/1411
f 618/1443/1410 857/1444/1411 858/1445/1412
f 618/1443/1410 858/1445/1412 619/1446/1413
f 619/1446/1413 858/1445/1412 859/1447/1414
f 619/1446/1413 859/1447/1414 620/1448/1415
f 620/1448/1415 859/1447/1414 860/1449/1416
f 620/1448/1415 860/1449/1416 621/1450/1417
f 621/1450/1417 860/1449/1416 861/1451/1418
f 621/1450/1417 861/1451/1418 862/1452/1419
f 621/1450/1417 862/1452/1419 622/1453/1420
f 622/1453/1420 862/1452/1419 863/1454/1421
f 622/1453/1420 863/1454/1421 623/1455/1422
f 623/1455/1422 863/1454/1421 864/1456/1423
f 623/1455/1422 864/1456/1423 624/1457/1424
f 624/1457/1424 864/1456/1423 865/1458/1425
f 624/1457/1424 865/1458/1425 866/1459/1426
f 843/1418/1385 626/1420/1387 866/1459/1426
f 866/1459/1426 626/1420/1387 625/1460/1427
f 866/1459/1426 625/1460/1427 624/1457/1424
f 868/1220/1187 869/1461/1428 989/1195/1162
f 989/1195/1162 869/1461/1428 870/1462/1429
f 989/1195/1162 870/1462/1429 871/1463/1430
f 872/1464/1431 958/1465/1432 871/1463/1430
f 871/1463/1430 958/1465/1432 959/1466/1433
f 871/1463/1430 959/1466/1433 989/1195/1162
f 989/1195/1162 959/1466/1433 994/1189/1156
f 958/1465/1432 872/1464/1431 957/1467/1434
f 957/1467/1434 872/1464/1431 873/1468/1435
f 957/1467/1434 873/1468/1435 874/1469/1436
f 957/1467/1434 874/1469/1436 956/1470/1437
f 956/1470/1437 874/1469/1436 875/1471/1438
f 956/1470/1437 875/1471/1438 955/1472/1439
f 955/1472/1439 875/1471/1438 876/1280/1247
f 955/1472/1439 876/1280/1247 954/1278/1245
f 880/1241/1208 922/1243/1210 879/1334/1301
f 879/1334/1301 922/1243/1210 923/1473/1440
f 879/1334/1301 923/1473/1440 924/1332/1299
f 893/1355/1322 894/1474/1441 937/1405/1372
f 937/1405/1372 894/1474/1441 936/1475/1442
f 936/1475/1442 894/1474/1441 895/1476/1443
f 936/1475/1442 895/1476/1443 935/1477/1444
f 935/1477/1444 895/1476/1443 896/1478/1445
f 935/1477/1444 896/1478/1445 934/1479/1446
f 934/1479/1446 896/1478/1445 897/1480/1447
f 934/1479/1446 897/1480/1447 933/1481/1448
f 933/1481/1448 897/1480/1447 932/1482/1449
f 932/1482/1449 897/1480/1447 898/1483/1450
f 932/1482/1449 898/1483/1450 931/1484/1451
f 931/1484/1451 898/1483/1450 899/1485/1452
f 931/1484/1451 899/1485/1452 900/1486/1453
f 931/1484/1451 900/1486/1453 930/1487/1454
f 930/1487/1454 900/1486/1453 901/1488/1455
f 930/1487/1454 901/1488/1455 929/1489/1456
f 929/1489/1456 901/1488/1455 902/1490/1457
f 929/1489/1456 902/1490/1457 928/1491/1458
f 928/1491/1458 902/1490/1457 256/1492/1459
f 928/1491/1458 256/1492/1459 927/1493/1460
f 927/1493/1460 256/1492/1459 255/1325/1292
f 927/1493/1460 255/1325/1292 926/1330/1297
f 902/1490/1457 903/1494/1461 256/1492/1459
f 256/1492/1459 903/1494/1461 904/1495/1462
f 256/1492/1459 904/1495/1462 905/1496/1463
f 905/1496/1463 906/1497/1464 256/1492/1459
f 256/1492/1459 906/1497/1464 907/1498/1465
f 256/1492/1459 907/1498/1465 908/1499/1466
f 908/1499/1466 909/1500/1467 256/1492/1459
f 256/1492/1459 909/1500/1467 260/1364/1331
f 260/1364/1331 909/1500/1467 910/1501/1468
f 260/1364/1331 910/1501/1468 911/1502/1469
f 911/1502/1469 912/1503/1470 260/1364/1331
f 260/1364/1331 912/1503/1470 913/1362/1329
f 940/1504/1471 996/1184/1151 939/1505/1472
f 939/1505/1472 996/1184/1151 995/1187/1154
f 939/1505/1472 995/1187/1154 962/1506/1473
f 962/1506/1473 995/1187/1154 994/1189/1156
f 962/1506/1473 994/1189/1156 961/1507/1474
f 961/1507/1474 994/1189/1156 960/1508/1475
f 960/1508/1475 994/1189/1156 959/1466/1433
f 996/1184/1151 940/1504/1471 963/1163/1130
f 963/1163/1130 940/1504/1471 941/1509/1476
f 963/1163/1130 941/1509/1476 942/1510/1477
f 942/1510/1477 943/1511/1478 963/1163/1130
f 963/1163/1130 943/1511/1478 944/1512/1479
f 963/1163/1130 944/1512/1479 945/1513/1480
f 945/1513/1480 946/1295/1262 963/1163/1130
f 951/1285/1252 952/1274/1241 748/1273/1240
f 710/1251/1218 709/1514/1481 990/1225/1192
f 990/1225/1192 709/1514/1481 708/1377/1344
f 530/1515/1482 249/1516/1483 507/1517/1484
f 507/1517/1484 249/1516/1483 248/1437/1404
f 507/1517/1484 248/1437/1404 508/1518/1485
f 508/1518/1485 248/1437/1404 509/1519/1486
f 509/1519/1486 248/1437/1404 510/1520/1487
f 510/1520/1487 248/1437/1404 511/1521/1488
f 511/1521/1488 248/1437/1404 512/1522/1489
f 512/1522/1489 248/1437/1404 513/1523/1490
f 513/1523/1490 248/1437/1404 514/1524/1491
f 514/1524/1491 248/1437/1404 515/1439/1406
f 530/1515/1482 529/1525/1492 249/1516/1483
f 249/1516/1483 529/1525/1492 528/1526/1493
f 249/1516/1483 528/1526/1493 527/1527/1494
f 526/1528/1495 985/1529/1496 527/1527/1494
f 527/1527/1494 985/1529/1496 986/1530/1497
f 527/1527/1494 986/1530/1497 249/1516/1483
f 249/1516/1483 986/1530/1497 987/1531/1498
f 249/1516/1483 987/1531/1498 964/1532/1499
f 526/1528/1495 525/1533/1500 985/1529/1496
f 985/1529/1496 525/1533/1500 984/1534/1501
f 984/1534/1501 525/1533/1500 524/1535/1502
f 984/1534/1501 524/1535/1502 983/1536/1503
f 983/1536/1503 524/1535/1502 523/1537/1504
f 983/1536/1503 523/1537/1504 982/1538/1505
f 982/1538/1505 523/1537/1504 522/1539/1506
f 982/1538/1505 522/1539/1506 981/1540/1507
f 981/1540/1507 522/1539/1506 980/1541/1508
f 980/1541/1508 522/1539/1506 521/1542/1509
f 980/1541/1508 521/1542/1509 979/1428/1395
f 979/1428/1395 521/1542/1509 520/1430/1397
f 362/1429/1396 361/1543/1510 606/1427/1394
f 606/1427/1394 361/1543/1510 607/1157/1124
f 607/1157/1124 361/1543/1510 360/1155/1122
f 354/1392/1359 353/1544/1511 457/1391/1358
f 457/1391/1358 353/1544/1511 458/1545/1512
f 458/1545/1512 353/1544/1511 352/1546/1513
f 458/1545/1512 352/1546/1513 435/1547/1514
f 435/1547/1514 352/1546/1513 351/1548/1515
f 435/1547/1514 351/1548/1515 436/1549/1516
f 436/1549/1516 351/1548/1515 350/1550/1517
f 436/1549/1516 350/1550/1517 437/1551/1518
f 437/1551/1518 350/1550/1517 349/1552/1519
f 437/1551/1518 349/1552/1519 438/1553/1520
f 438/1553/1520 349/1552/1519 348/1554/1521
f 438/1553/1520 348/1554/1521 439/1555/1522
f 439/1555/1522 348/1554/1521 347/1556/1523
f 439/1555/1522 347/1556/1523 440/1557/1524
f 440/1557/1524 347/1556/1523 260/1364/1331
f 440/1557/1524 260/1364/1331 441/1558/1525
f 441/1558/1525 260/1364/1331 442/1375/1342
f 347/1556/1523 346/1559/1526 260/1364/1331
f 260/1364/1331 346/1559/1526 345/1560/1527
f 260/1364/1331 345/1560/1527 248/1437/1404
f 248/1437/1404 345/1560/1527 344/1561/1528
f 248/1437/1404 344/1561/1528 343/1562/1529
f 343/1562/1529 342/1563/1530 248/1437/1404
f 248/1437/1404 342/1563/1530 341/1435/1402
f 249/1516/1483 969/1564/1531 250/1167/1134
f 250/1167/1134 969/1564/1531 970/1565/1532
f 250/1167/1134 970/1565/1532 971/1176/1143
f 450/1415/1382 449/1566/1533 988/1408/1375
f 988/1408/1375 449/1566/1533 448/1567/1534
f 988/1408/1375 448/1567/1534 447/1568/1535
f 988/1408/1375 447/1568/1535 991/1340/1307
f 991/1340/1307 447/1568/1535 446/1569/1536
f 991/1340/1307 446/1569/1536 445/1342/1309
f 964/1532/1499 965/1570/1537 249/1516/1483
f 249/1516/1483 965/1570/1537 966/1571/1538
f 249/1516/1483 966/1571/1538 967/1572/1539
f 967/1572/1539 968/1573/1540 249/1516/1483
f 249/1516/1483 968/1573/1540 969/1564/1531
f 1020/1574/1541 997/1575/1542 1021/1576/1543
f 1021/1576/1543 997/1575/1542 998/1577/1544
f 1021/1576/1543 998/1577/1544 1044/1578/1545
f 1044/1578/1545 998/1577/1544 999/1579/1546
f 1044/1578/1545 999/1579/1546 1043/1580/1547
f 1043/1580/1547 999/1579/1546 1000/1581/1548
f 1043/1580/1547 1000/1581/1548 1042/1582/1549
f 1042/1582/1549 1000/1581/1548 1001/1583/1550
f 1042/1582/1549 1001/1583/1550 1041/1584/1551
f 1041/1584/1551 1001/1583/1550 1002/1585/1552
f 1041/1584/1551 1002/1585/1552 1040/1586/1553
f 1040/1586/1553 1002/1585/1552 1003/1587/1554
f 1040/1586/1553 1003/1587/1554 1039/1588/1555
f 1039/1588/1555 1003/1587/1554 1038/1589/1556
f 1038/1589/1556 1003/1587/1554 1004/1590/1557
f 1038/1589/1556 1004/1590/1557 1037/1591/1558
f 1037/1591/1558 1004/1590/1557 1005/1592/1559
f 1037/1591/1558 1005/1592/1559 1036/1593/1560
f 1036/1593/1560 1005/1592/1559 1006/1594/1561
f 1036/1593/1560 1006/1594/1561 1035/1595/1562
f 1035/1595/1562 1006/1594/1561 1007/1596/1563
f 1035/1595/1562 1007/1596/1563 1034/1597/1564
f 1034/1597/1564 1007/1596/1563 1008/1598/1565
f 1034/1597/1564 1008/1598/1565 1033/1599/1566
f 1033/1599/1566 1008/1598/1565 1009/1600/1567
f 1033/1599/1566 1009/1600/1567 1032/1601/1568
f 1032/1601/1568 1009/1600/1567 1010/1602/1569
f 1032/1601/1568 1010/1602/1569 1011/1603/1570
f 1032/1601/1568 1011/1603/1570 1031/1604/1571
f 1031/1604/1571 1011/1603/1570 1012/1605/1572
f 1031/1604/1571 1012/1605/1572 1030/1606/1573
f 1030/1606/1573 1012/1605/1572 1013/1607/1574
f 1030/1606/1573 1013/1607/1574 1029/1608/1575
f 1029/1608/1575 1013/1607/1574 1014/1609/1576
f 1029/1608/1575 1014/1609/1576 1028/1610/1577
f 1028/1610/1577 1014/1609/1576 1015/1611/1578
f 1028/1610/1577 1015/1611/1578 1027/1612/1579
f 1027/1612/1579 1015/1611/1578 1026/1613/1580
f 1026/1613/1580 1015/1611/1578 1016/1614/1581
f 1026/1613/1580 1016/1614/1581 1025/1615/1582
f 1025/1615/1582 1016/1614/1581 1017/1616/1583
f 1025/1615/1582 1017/1616/1583 1024/1617/1584
f 1024/1617/1584 1017/1616/1583 1018/1618/1585
f 1024/1617/1584 1018/1618/1585 1023/1619/1586
f 1023/1619/1586 1018/1618/1585 1019/1620/1587
f 1023/1619/1586 1019/1620/1587 1022/1621/1588
f 1022/1621/1588 1019/1620/1587 1020/1574/1541
f 1022/1621/1588 1020/1574/1541 1021/1576/1543
f 1044/1622/1589 1046/1623/1590 1021/1624/1591
f 1021/1624/1591 1046/1623/1590 1045/1625/1592
f 1021/1626/1591 1045/1627/1592 1022/1628/1593
f 1022/1628/1593 1045/1627/1592 1068/1629/1594
f 1022/1628/1593 1068/1629/1594 1023/1630/1595
f 1023/1630/1595 1068/1629/1594 1067/1631/1596
f 1023/1630/1595 1067/1631/1596 1024/1632/1597
f 1024/1632/1597 1067/1631/1596 1066/1633/1598
f 1024/1632/1597 1066/1633/1598 1025/1634/1599
f 1025/1634/1599 1066/1633/1598 1065/1635/1600
f 1025/1634/1599 1065/1635/1600 1026/1636/1601
f 1026/1636/1601 1065/1635/1600 1064/1637/1602
f 1026/1636/1601 1064/1637/1602 1027/1638/1603
f 1027/1638/1603 1064/1637/1602 1063/1639/1604
f 1027/1638/1603 1063/1639/1604 1028/1640/1605
f 1028/1640/1605 1063/1639/1604 1062/1641/1606
f 1028/1640/1605 1062/1641/1606 1029/1642/1607
f 1029/1642/1607 1062/1641/1606 1061/1643/1608
f 1029/1642/1607 1061/1643/1608 1030/1644/1609
f 1030/1644/1609 1061/1643/1608 1060/1645/1610
f 1030/1644/1609 1060/1645/1610 1031/1646/1611
f 1031/1646/1611 1060/1645/1610 1059/1647/1612
f 1031/1646/1611 1059/1647/1612 1032/1648/1613
f 1032/1648/1613 1059/1647/1612 1058/1649/1614
f 1032/1648/1613 1058/1649/1614 1033/1650/1615
f 1033/1650/1615 1058/1649/1614 1057/1651/1616
f 1033/1650/1615 1057/1651/1616 1034/1652/1617
f 1034/1652/1617 1057/1651/1616 1056/1653/1618
f 1034/1652/1617 1056/1653/1618 1035/1654/1619
f 1035/1654/1619 1056/1653/1618 1055/1655/1620
f 1035/1654/1619 1055/1655/1620 1036/1656/1621
f 1036/1656/1621 1055/1655/1620 1054/1657/1622
f 1036/1656/1621 1054/1657/1622 1037/1658/1623
f 1037/1658/1623 1054/1657/1622 1053/1659/1624
f 1037/1658/1623 1053/1659/1624 1038/1660/1625
f 1038/1660/1625 1053/1659/1624 1052/1661/1626
f 1038/1660/1625 1052/1661/1626 1039/1662/1627
f 1039/1662/1627 1052/1661/1626 1051/1663/1628
f 1039/1662/1627 1051/1663/1628 1040/1664/1629
f 1040/1664/1629 1051/1663/1628 1050/1665/1630
f 1040/1664/1629 1050/1665/1630 1041/1666/1631
f 1041/1666/1631 1050/1665/1630 1049/1667/1632
f 1041/1666/1631 1049/1667/1632 1042/1668/1633
f 1042/1668/1633 1049/1667/1632 1048/1669/1634
f 1042/1668/1633 1048/1669/1634 1043/1670/1635
f 1043/1670/1635 1048/1669/1634 1047/1671/1636
f 1043/1670/1635 1047/1671/1636 1044/1622/1589
f 1044/1622/1589 1047/1671/1636 1046/1623/1590
f 987/1672/1637 1068/1629/1594 964/1673/1638
f 964/1673/1638 1068/1629/1594 1045/1627/1592
f 964/1674/1638 1045/1625/1592 965/1675/1639
f 965/1675/1639 1045/1625/1592 1046/1623/1590
f 965/1675/1639 1046/1623/1590 966/1676/1640
f 966/1676/1640 1046/1623/1590 1047/1671/1636
f 966/1676/1640 1047/1671/1636 967/1677/1641
f 967/1677/1641 1047/1671/1636 1048/1669/1634
f 967/1677/1641 1048/1669/1634 968/1678/1642
f 968/1678/1642 1048/1669/1634 1049/1667/1632
f 968/1678/1642 1049/1667/1632 969/1679/1643
f 969/1679/1643 1049/1667/1632 1050/1665/1630
f 969/1679/1643 1050/1665/1630 970/1680/1644
f 970/1680/1644 1050/1665/1630 1051/1663/1628
f 970/1680/1644 1051/1663/1628 971/1681/1645
f 971/1681/1645 1051/1663/1628 1052/1661/1626
f 971/1681/1645 1052/1661/1626 972/1682/1646
f 972/1682/1646 1052/1661/1626 1053/1659/1624
f 972/1682/1646 1053/1659/1624 973/1683/1647
f 973/1683/1647 1053/1659/1624 1054/1657/1622
f 973/1683/1647 1054/1657/1622 974/1684/1648
f 974/1684/1648 1054/1657/1622 1055/1655/1620
f 974/1684/1648 1055/1655/1620 975/1685/1649
f 975/1685/1649 1055/1655/1620 1056/1653/1618
f 975/1685/1649 1056/1653/1618 976/1686/1650
f 976/1686/1650 1056/1653/1618 1057/1651/1616
f 976/1686/1650 1057/1651/1616 977/1687/1651
f 977/1687/1651 1057/1651/1616 1058/1649/1614
f 977/1687/1651 1058/1649/1614 978/1688/1652
f 978/1688/1652 1058/1649/1614 1059/1647/1612
f 978/1688/1652 1059/1647/1612 979/1689/1653
f 979/1689/1653 1059/1647/1612 1060/1645/1610
f 979/1689/1653 1060/1645/1610 980/1690/1654
f 980/1690/1654 1060/1645/1610 1061/1643/1608
f 980/1690/1654 1061/1643/1608 981/1691/1655
f 981/1691/1655 1061/1643/1608 1062/1641/1606
f 981/1691/1655 1062/1641/1606 982/1692/1656
f 982/1692/1656 1062/1641/1606 1063/1639/1604
f 982/1692/1656 1063/1639/1604 983/1693/1657
f 983/1693/1657 1063/1639/1604 1064/1637/1602
f 983/1693/1657 1064/1637/1602 984/1694/1658
f 984/1694/1658 1064/1637/1602 1065/1635/1600
f 984/1694/1658 1065/1635/1600 985/1695/1659
f 985/1695/1659 1065/1635/1600 1066/1633/1598
f 985/1695/1659 1066/1633/1598 986/1696/1660
f 986/1696/1660 1066/1633/1598 1067/1631/1596
f 986/1696/1660 1067/1631/1596 987/1672/1637
f 987/1672/1637 1067/1631/1596 1068/1629/1594
f 1070/1697/1661 1080/1698/1662 1069/1699/1663
f 1069/1699/1663 1080/1698/1662 1081/1700/1664
f 1069/1699/1663 1081/1700/1664 1092/1701/1665
f 1092/1701/1665 1081/1700/1664 1082/1702/1666
f 1092/1701/1665 1082/1702/1666 1091/1703/1667
f 1091/1703/1667 1082/1702/1666 1083/1704/1668
f 1091/1703/1667 1083/1704/1668 1090/1705/1669
f 1090/1705/1669 1083/1704/1668 1084/1706/1670
f 1090/1705/1669 1084/1706/1670 1089/1707/1671
f 1089/1707/1671 1084/1706/1670 1085/1708/1672
f 1089/1707/1671 1085/1708/1672 1088/1709/1673
f 1088/1709/1673 1085/1708/1672 1086/1710/1674
f 1088/1709/1673 1086/1710/1674 1087/1711/1675
f 1080/1698/1662 1070/1697/1661 1079/1712/1676
f 1079/1712/1676 1070/1697/1661 1071/1713/1677
f 1079/1712/1676 1071/1713/1677 1078/1714/1678
f 1078/1714/1678 1071/1713/1677 1072/1715/1679
f 1078/1714/1678 1072/1715/1679 1077/1716/1680
f 1077/1716/1680 1072/1715/1679 1073/1717/1681
f 1077/1716/1680 1073/1717/1681 1076/1718/1682
f 1076/1718/1682 1073/1717/1681 1074/1719/1683
f 1076/1718/1682 1074/1719/1683 1075/1720/1684
f 1092/1721/1685 998/1722/1686 1069/1723/1687
f 1069/1723/1687 998/1722/1686 997/1724/1688
f 1069/1725/1687 997/1726/1688 1070/1727/1689
f 1070/1727/1689 997/1726/1688 1020/1728/1690
f 1070/1727/1689 1020/1728/1690 1071/1729/1691
f 1071/1729/1691 1020/1728/1690 1019/1730/1692
f 1071/1729/1691 1019/1730/1692 1072/1731/1693
f 1072/1731/1693 1019/1730/1692 1018/1732/1694
f 1072/1731/1693 1018/1732/1694 1073/1733/1695
f 1073/1733/1695 1018/1732/1694 1017/1734/1696
f 1073/1733/1695 1017/1734/1696 1074/1735/1697
f 1074/1735/1697 1017/1734/1696 1016/1736/1698
f 1074/1735/1697 1016/1736/1698 1075/1737/1699
f 1075/1737/1699 1016/1736/1698 1015/1738/1700
f 1075/1737/1699 1015/1738/1700 1076/1739/1701
f 1076/1739/1701 1015/1738/1700 1014/1740/1702
f 1076/1739/1701 1014/1740/1702 1077/1741/1703
f 1077/1741/1703 1014/1740/1702 1013/1742/1704
f 1077/1741/1703 1013/1742/1704 1078/1743/1705
f 1078/1743/1705 1013/1742/1704 1012/1744/1706
f 1078/1743/1705 1012/1744/1706 1079/1745/1707
f 1079/1745/1707 1012/1744/1706 1011/1746/1708
f 1079/1745/1707 1011/1746/1708 1080/1747/1709
f 1080/1747/1709 1011/1746/1708 1010/1748/1710
f 1080/1747/1709 1010/1748/1710 1081/1749/1711
f 1081/1749/1711 1010/1748/1710 1009/1750/1712
f 1081/1749/1711 1009/1750/1712 1082/1751/1713
f 1082/1751/1713 1009/1750/1712 1008/1752/1714
f 1082/1751/1713 1008/1752/1714 1083/1753/1715
f 1083/1753/1715 1008/1752/1714 1007/1754/1716
f 1083/1753/1715 1007/1754/1716 1084/1755/1717
f 1084/1755/1717 1007/1754/1716 1006/1756/1718
f 1084/1755/1717 1006/1756/1718 1085/1757/1719
f 1085/1757/1719 1006/1756/1718 1005/1758/1720
f 1085/1757/1719 1005/1758/1720 1086/1759/1721
f 1086/1759/1721 1005/1758/1720 1004/1760/1722
f 1086/1759/1721 1004/1760/1722 1087/1761/1723
f 1087/1761/1723 1004/1760/1722 1003/1762/1724
f 1087/1761/1723 1003/1762/1724 1088/1763/1725
f 1088/1763/1725 1003/1762/1724 1002/1764/1726
f 1088/1763/1725 1002/1764/1726 1089/1765/1727
f 1089/1765/1727 1002/1764/1726 1001/1766/1728
f 1089/1765/1727 1001/1766/1728 1090/1767/1729
f 1090/1767/1729 1001/1766/1728 1000/1768/1730
f 1090/1767/1729 1000/1768/1730 1091/1769/1731
f 1091/1769/1731 1000/1768/1730 999/1770/1732
f 1091/1769/1731 999/1770/1732 1092/1721/1685
f 1092/1721/1685 999/1770/1732 998/1722/1686
f 1094/1771/1733 1104/1772/1734 1093/1773/1735
f 1093/1773/1735 1104/1772/1734 1105/1774/1736
f 1093/1773/1735 1105/1774/1736 1116/1775/1737
f 1116/1775/1737 1105/1774/1736 1106/1776/1738
f 1116/1775/1737 1106/1776/1738 1115/1777/1739
f 1115/1777/1739 1106/1776/1738 1107/1778/1740
f 1115/1777/1739 1107/1778/1740 1114/1779/1741
f 1114/1779/1741 1107/1778/1740 1108/1780/1742
f 1114/1779/1741 1108/1780/1742 1113/1781/1743
f 1113/1781/1743 1108/1780/1742 1109/1782/1744
f 1113/1781/1743 1109/1782/1744 1112/1783/1745
f 1112/1783/1745 1109/1782/1744 1110/1784/1746
f 1112/1783/1745 1110/1784/1746 1111/1785/1747
f 1104/1772/1734 1094/1771/1733 1103/1786/1748
f 1103/1786/1748 1094/1771/1733 1095/1787/1749
f 1103/1786/1748 1095/1787/1749 1102/1788/1750
f 1102/1788/1750 1095/1787/1749 1096/1789/1751
f 1102/1788/1750 1096/1789/1751 1101/1790/1752
f 1101/1790/1752 1096/1789/1751 1097/1791/1753
f 1101/1790/1752 1097/1791/1753 1100/1792/1754
f 1100/1792/1754 1097/1791/1753 1098/1793/1755
f 1100/1792/1754 1098/1793/1755 1099/1794/1756
f 1116/1795/1757 388/1796/1758 1093/1797/1759
f 1093/1797/1759 388/1796/1758 387/1798/1760
f 1093/1799/1759 387/1800/1760 1094/1801/1761
f 1094/1801/1761 387/1800/1760 410/1802/1762
f 1094/1801/1761 410/1802/1762 1095/1803/1763
f 1095/1803/1763 410/1802/1762 409/1804/1764
f 1095/1803/1763 409/1804/1764 1096/1805/1765
f 1096/1805/1765 409/1804/1764 408/1806/1766
f 1096/1805/1765 408/1806/1766 1097/1807/1767
f 1097/1807/1767 408/1806/1766 407/1808/1768
f 1097/1807/1767 407/1808/1768 1098/1809/1769
f 1098/1809/1769 407/1808/1768 406/1810/1770
f 1098/1809/1769 406/1810/1770 1099/1811/1771
f 1099/1811/1771 406/1810/1770 405/1812/1772
f 1099/1811/1771 405/1812/1772 1100/1813/1773
f 1100/1813/1773 405/1812/1772 404/1814/1774
f 1100/1813/1773 404/1814/1774 1101/1815/1775
f 1101/1815/1775 404/1814/1774 403/1816/1776
f 1101/1815/1775 403/1816/1776 1102/1817/1777
f 1102/1817/1777 403/1816/1776 402/1818/1778
f 1102/1817/1777 402/1818/1778 1103/1819/1779
f 1103/1819/1779 402/1818/1778 401/1820/1780
f 1103/1819/1779 401/1820/1780 1104/1821/1781
f 1104/1821/1781 401/1820/1780 400/1822/1782
f 1104/1821/1781 400/1822/1782 1105/1823/1783
f 1105/1823/1783 400/1822/1782 399/1824/1784
f 1105/1823/1783 399/1824/1784 1106/1825/1785
f 1106/1825/1785 399/1824/1784 398/1826/1786
f 1106/1825/1785 398/1826/1786 1107/1827/1787
f 1107/1827/1787 398/1826/1786 397/1828/1788
f 1107/1827/1787 397/1828/1788 1108/1829/1789
f 1108/1829/1789 397/1828/1788 396/1830/1790
f 1108/1829/1789 396/1830/1790 1109/1831/1791
f 1109/1831/1791 396/1830/1790 395/1832/1792
f 1109/1831/1791 395/1832/1792 1110/1833/1793
f 1110/1833/1793 395/1832/1792 394/1834/1794
f 1110/1833/1793 394/1834/1794 1111/1835/1795
f 1111/1835/1795 394/1834/1794 393/1836/1796
f 1111/1835/1795 393/1836/1796 1112/1837/1797
f 1112/1837/1797 393/1836/1796 392/1838/1798
f 1112/1837/1797 392/1838/1798 1113/1839/1799
f 1113/1839/1799 392/1838/1798 391/1840/1800
f 1113/1839/1799 391/1840/1800 1114/1841/1801
f 1114/1841/1801 391/1840/1800 390/1842/1802
f 1114/1841/1801 390/1842/1802 1115/1843/1803
f 1115/1843/1803 390/1842/1802 389/1844/1804
f 1115/1843/1803 389/1844/1804 1116/1795/1757
f 1116/1795/1757 389/1844/1804 388/1796/1758
f 1118/1845/1805 1128/1846/1806 1117/1847/1807
f 1117/1847/1807 1128/1846/1806 1129/1848/1808
f 1117/1847/1807 1129/1848/1808 1140/1849/1809
f 1140/1849/1809 1129/1848/1808 1130/1850/1810
f 1140/1849/1809 1130/1850/1810 1139/1851/1811
f 1139/1851/1811 1130/1850/1810 1131/1852/1812
f 1139/1851/1811 1131/1852/1812 1138/1853/1813
f 1138/1853/1813 1131/1852/1812 1132/1854/1814
f 1138/1853/1813 1132/1854/1814 1137/1855/1815
f 1137/1855/1815 1132/1854/1814 1133/1856/1816
f 1137/1855/1815 1133/1856/1816 1136/1857/1817
f 1136/1857/1817 1133/1856/1816 1134/1858/1818
f 1136/1857/1817 1134/1858/1818 1135/1859/1819
f 1128/1846/1806 1118/1845/1805 1127/1860/1820
f 1127/1860/1820 1118/1845/1805 1119/1861/1821
f 1127/1860/1820 1119/1861/1821 1126/1862/1822
f 1126/1862/1822 1119/1861/1821 1120/1863/1823
f 1126/1862/1822 1120/1863/1823 1125/1864/1824
f 1125/1864/1824 1120/1863/1823 1121/1865/1825
f 1125/1864/1824 1121/1865/1825 1124/1866/1826
f 1124/1866/1826 1121/1865/1825 1122/1867/1827
f 1124/1866/1826 1122/1867/1827 1123/1868/1828
f 1140/1869/1829 556/1870/1830 1117/1871/1831
f 1117/1871/1831 556/1870/1830 555/1872/1832
f 1117/1873/1831 555/1874/1832 1118/1875/1833
f 1118/1875/1833 555/1874/1832 578/1876/1834
f 1118/1875/1833 578/1876/1834 1119/1877/1835
f 1119/1877/1835 578/1876/1834 577/1878/1836
f 1119/1877/1835 577/1878/1836 1120/1879/1837
f 1120/1879/1837 577/1878/1836 576/1880/1838
f 1120/1879/1837 576/1880/1838 1121/1881/1839
f 1121/1881/1839 576/1880/1838 575/1882/1840
f 1121/1881/1839 575/1882/1840 1122/1883/1841
f 1122/1883/1841 575/1882/1840 574/1884/1842
f 1122/1883/1841 574/1884/1842 1123/1885/1843
f 1123/1885/1843 574/1884/1842 573/1886/1844
f 1123/1885/1843 573/1886/1844 1124/1887/1845
f 1124/1887/1845 573/1886/1844 572/1888/1846
f 1124/1887/1845 572/1888/1846 1125/1889/1847
f 1125/1889/1847 572/1888/1846 571/1890/1848
f 1125/1889/1847 571/1890/1848 1126/1891/1849
f 1126/1891/1849 571/1890/1848 570/1892/1850
f 1126/1891/1849 570/1892/1850 1127/1893/1851
f 1127/1893/1851 570/1892/1850 569/1894/1852
f 1127/1893/1851 569/1894/1852 1128/1895/1853
f 1128/1895/1853 569/1894/1852 568/1896/1854
f 1128/1895/1853 568/1896/1854 1129/1897/1855
f 1129/1897/1855 568/1896/1854 567/1898/1856
f 1129/1897/1855 567/1898/1856 1130/1899/1857
f 1130/1899/1857 567/1898/1856 566/1900/1858
f 1130/1899/1857 566/1900/1858 1131/1901/1859
f 1131/1901/1859 566/1900/1858 565/1902/1860
f 1131/1901/1859 565/1902/1860 1132/1903/1861
f 1132/1903/1861 565/1902/1860 564/1904/1862
f 1132/1903/1861 564/1904/1862 1133/1905/1863
f 1133/1905/1863 564/1904/1862 563/1906/1864
f 1133/1905/1863 563/1906/1864 1134/1907/1865
f 1134/1907/1865 563/1906/1864 562/1908/1866
f 1134/1907/1865 562/1908/1866 1135/1909/1867
f 1135/1909/1867 562/1908/1866 561/1910/1868
f 1135/1909/1867 561/1910/1868 1136/1911/1869
f 1136/1911/1869 561/1910/1868 560/1912/1870
f 1136/1911/1869 560/1912/1870 1137/1913/1871
f 1137/1913/1871 560/1912/1870 559/1914/1872
f 1137/1913/1871 559/1914/1872 1138/1915/1873
f 1138/1915/1873 559/1914/1872 558/1916/1874
f 1138/1915/1873 558/1916/1874 1139/1917/1875
f 1139/1917/1875 558/1916/1874 557/1918/1876
f 1139/1917/1875 557/1918/1876 1140/1869/1829
f 1140/1869/1829 557/1918/1876 556/1870/1830
f 1142/1919/1877 1152/1920/1878 1141/1921/1879
f 1141/1921/1879 1152/1920/1878 1153/1922/1880
f 1141/1921/1879 1153/1922/1880 1164/1923/1881
f 1164/1923/1881 1153/1922/1880 1154/1924/1882
f 1164/1923/1881 1154/1924/1882 1163/1925/1883
f 1163/1925/1883 1154/1924/1882 1155/1926/1884
f 1163/1925/1883 1155/1926/1884 1162/1927/1885
f 1162/1927/1885 1155/1926/1884 1156/1928/1886
f 1162/1927/1885 1156/1928/1886 1161/1929/1887
f 1161/1929/1887 1156/1928/1886 1157/1930/1888
f 1161/1929/1887 1157/1930/1888 1160/1931/1889
f 1160/1931/1889 1157/1930/1888 1158/1932/1890
f 1160/1931/1889 1158/1932/1890 1159/1933/1891
f 1152/1920/1878 1142/1919/1877 1151/1934/1892
f 1151/1934/1892 1142/1919/1877 1143/1935/1893
f 1151/1934/1892 1143/1935/1893 1150/1936/1894
f 1150/1936/1894 1143/1935/1893 1144/1937/1895
f 1150/1936/1894 1144/1937/1895 1149/1938/1896
f 1149/1938/1896 1144/1937/1895 1145/1939/1897
f 1149/1938/1896 1145/1939/1897 1148/1940/1898
f 1148/1940/1898 1145/1939/1897 1146/1941/1899
f 1148/1940/1898 1146/1941/1899 1147/1942/1900
f 1164/1943/1901 460/1944/1902 1141/1945/1903
f 1141/1945/1903 460/1944/1902 459/1946/1904
f 1141/1947/1903 459/1948/1904 1142/1949/1905
f 1142/1949/1905 459/1948/1904 482/1950/1906
f 1142/1949/1905 482/1950/1906 1143/1951/1907
f 1143/1951/1907 482/1950/1906 481/1952/1908
f 1143/1951/1907 481/1952/1908 1144/1953/1909
f 1144/1953/1909 481/1952/1908 480/1954/1910
f 1144/1953/1909 480/1954/1910 1145/1955/1911
f 1145/1955/1911 480/1954/1910 479/1956/1912
f 1145/1955/1911 479/1956/1912 1146/1957/1913
f 1146/1957/1913 479/1956/1912 478/1958/1914
f 1146/1957/1913 478/1958/1914 1147/1959/1915
f 1147/1959/1915 478/1958/1914 477/1960/1916
f 1147/1959/1915 477/1960/1916 1148/1961/1917
f 1148/1961/1917 477/1960/1916 476/1962/1918
f 1148/1961/1917 476/1962/1918 1149/1963/1919
f 1149/1963/1919 476/1962/1918 475/1964/1920
f 1149/1963/1919 475/1964/1920 1150/1965/1921
f 1150/1965/1921 475/1964/1920 474/1966/1922
f 1150/1965/1921 474/1966/1922 1151/1967/1923
f 1151/1967/1923 474/1966/1922 473/1968/1924
f 1151/1967/1923 473/1968/1924 1152/1969/1925
f 1152/1969/1925 473/1968/1924 472/1970/1926
f 1152/1969/1925 472/1970/1926 1153/1971/1927
f 1153/1971/1927 472/1970/1926 471/1972/1928
f 1153/1971/1927 471/1972/1928 1154/1973/1929
f 1154/1973/1929 471/1972/1928 470/1974/1930
f 1154/1973/1929 470/1974/1930 1155/1975/1931
f 1155/1975/1931 470/1974/1930 469/1976/1932
f 1155/1975/1931 469/1976/1932 1156/1977/1933
f 1156/1977/1933 469/1976/1932 468/1978/1934
f 1156/1977/1933 468/1978/1934 1157/1979/1935
f 1157/1979/1935 468/1978/1934 467/1980/1936
f 1157/1979/1935 467/1980/1936 1158/1981/1937
f 1158/1981/1937 467/1980/1936 466/1982/1938
f 1158/1981/1937 466/1982/1938 1159/1983/1939
f 1159/1983/1939 466/1982/1938 465/1984/1940
f 1159/1983/1939 465/1984/1940 1160/1985/1941
f 1160/1985/1941 465/1984/1940 464/1986/1942
f 1160/1985/1941 464/1986/1942 1161/1987/1943
f 1161/1987/1943 464/1986/1942 463/1988/1944
f 1161/1987/1943 463/1988/1944 1162/1989/1945
f 1162/1989/1945 463/1988/1944 462/1990/1946
f 1162/1989/1945 462/1990/1946 1163/1991/1947
f 1163/1991/1947 462/1990/1946 461/1992/1948
f 1163/1991/1947 461/1992/1948 1164/1943/1901
f 1164/1943/1901 461/1992/1948 460/1944/1902
f 1166/1993/1949 1176/1994/1950 1165/1995/1951
f 1165/1995/1951 1176/1994/1950 1177/1996/1952
f 1165/1995/1951 1177/1996/1952 1188/1997/1953
f 1188/1997/1953 1177/1996/1952 1178/1998/1954
f 1188/1997/1953 1178/1998/1954 1187/1999/1955
f 1187/1999/1955 1178/1998/1954 1179/2000/1956
f 1187/1999/1955 1179/2000/1956 1186/2001/1957
f 1186/2001/1957 1179/2000/1956 1180/2002/1958
f 1186/2001/1957 1180/2002/1958 1185/2003/1959
f 1185/2003/1959 1180/2002/1958 1181/2004/1960
f 1185/2003/1959 1181/2004/1960 1184/2005/1961
f 1184/2005/1961 1181/2004/1960 1182/2006/1962
f 1184/2005/1961 1182/2006/1962 1183/2007/1963
f 1176/1994/1950 1166/1993/1949 1175/2008/1964
f 1175/2008/1964 1166/1993/1949 1167/2009/1965
f 1175/2008/1964 1167/2009/1965 1174/2010/1966
f 1174/2010/1966 1167/2009/1965 1168/2011/1967
f 1174/2010/1966 1168/2011/1967 1173/2012/1968
f 1173/2012/1968 1168/2011/1967 1169/2013/1969
f 1173/2012/1968 1169/2013/1969 1172/2014/1970
f 1172/2014/1970 1169/2013/1969 1170/2015/1971
f 1172/2014/1970 1170/2015/1971 1171/2016/1972
f 1188/2017/1973 292/2018/1974 1165/2019/1975
f 1165/2019/1975 292/2018/1974 291/2020/1976
f 1165/2021/1975 291/2022/1976 1166/2023/1977
f 1166/2023/1977 291/2022/1976 314/2024/1978
f 1166/2023/1977 314/2024/1978 1167/2025/1979
f 1167/2025/1979 314/2024/1978 313/2026/1980
f 1167/2025/1979 313/2026/1980 1168/2027/1981
f 1168/2027/1981 313/2026/1980 312/2028/1982
f 1168/2027/1981 312/2028/1982 1169/2029/1983
f 1169/2029/1983 312/2028/1982 311/2030/1984
f 1169/2029/1983 311/2030/1984 1170/2031/1985
f 1170/2031/1985 311/2030/1984 310/2032/1986
f 1170/2031/1985 310/2032/1986 1171/2033/1987
f 1171/2033/1987 310/2032/1986 309/2034/1988
f 1171/2033/1987 309/2034/1988 1172/2035/1989
f 1172/2035/1989 309/2034/1988 308/2036/1990
f 1172/2035/1989 308/2036/1990 1173/2037/1991
f 1173/2037/1991 308/2036/1990 307/2038/1992
f 1173/2037/1991 307/2038/1992 1174/2039/1993
f 1174/2039/1993 307/2038/1992 306/2040/1994
f 1174/2039/1993 306/2040/1994 1175/2041/1995
f 1175/2041/1995 306/2040/1994 305/2042/1996
f 1175/2041/1995 305/2042/1996 1176/2043/1997
f 1176/2043/1997 305/2042/1996 304/2044/1998
f 1176/2043/1997 304/2044/1998 1177/2045/1999
f 1177/2045/1999 304/2044/1998 303/2046/2000
f 1177/2045/1999 303/2046/2000 1178/2047/2001
f 1178/2047/2001 303/2046/2000 302/2048/2002
f 1178/2047/2001 302/2048/2002 1179/2049/2003
f 1179/2049/2003 302/2048/2002 301/2050/2004
f 1179/2049/2003 301/2050/2004 1180/2051/2005
f 1180/2051/2005 301/2050/2004 300/2052/2006
f 1180/2051/2005 300/2052/2006 1181/2053/2007
f 1181/2053/2007 300/2052/2006 299/2054/2008
f 1181/2053/2007 299/2054/2008 1182/2055/2009
f 1182/2055/2009 299/2054/2008 298/2056/2010
f 1182/2055/2009 298/2056/2010 1183/2057/2011
f 1183/2057/2011 298/2056/2010 297/2058/2012
f 1183/2057/2011 297/2058/2012 1184/2059/2013
f 1184/2059/2013 297/2058/2012 296/2060/2014
f 1184/2059/2013 296/2060/2014 1185/2061/2015
f 1185/2061/2015 296/2060/2014 295/2062/2016
f 1185/2061/2015 295/2062/2016 1186/2063/2017
f 1186/2063/2017 295/2062/2016 294/2064/2018
f 1186/2063/2017 294/2064/2018 1187/2065/2019
f 1187/2065/2019 294/2064/2018 293/2066/2020
f 1187/2065/2019 293/2066/2020 1188/2017/1973
f 1188/2017/1973 293/2066/2020 292/2018/1974
f 1190/2067/2021 1200/2068/2022 1189/2069/2023
f 1189/2069/2023 1200/2068/2022 1201/2070/2024
f 1189/2069/2023 1201/2070/2024 1212/2071/2025
f 1212/2071/2025 1201/2070/2024 1202/2072/2026
f 1212/2071/2025 1202/2072/2026 1211/2073/2027
f 1211/2073/2027 1202/2072/2026 1203/2074/2028
f 1211/2073/2027 1203/2074/2028 1210/2075/2029
f 1210/2075/2029 1203/2074/2028 1204/2076/2030
f 1210/2075/2029 1204/2076/2030 1209/2077/2031
f 1209/2077/2031 1204/2076/2030 1205/2078/2032
f 1209/2077/2031 1205/2078/2032 1208/2079/2033
f 1208/2079/2033 1205/2078/2032 1206/2080/2034
f 1208/2079/2033 1206/2080/2034 1207/2081/2035
f 1200/2068/2022 1190/2067/2021 1199/2082/2036
f 1199/2082/2036 1190/2067/2021 1191/2083/2037
f 1199/2082/2036 1191/2083/2037 1198/2084/2038
f 1198/2084/2038 1191/2083/2037 1192/2085/2039
f 1198/2084/2038 1192/2085/2039 1197/2086/2040
f 1197/2086/2040 1192/2085/2039 1193/2087/2041
f 1197/2086/2040 1193/2087/2041 1196/2088/2042
f 1196/2088/2042 1193/2087/2041 1194/2089/2043
f 1196/2088/2042 1194/2089/2043 1195/2090/2044
f 1212/2091/2045 652/2092/2046 1189/2093/2047
f 1189/2093/2047 652/2092/2046 651/2094/2048
f 1189/2095/2047 651/2096/2048 1190/2097/2049
f 1190/2097/2049 651/2096/2048 674/2098/2050
f 1190/2097/2049 674/2098/2050 1191/2099/2051
f 1191/2099/2051 674/2098/2050 673/2100/2052
f 1191/2099/2051 673/2100/2052 1192/2101/2053
f 1192/2101/2053 673/2100/2052 672/2102/2054
f 1192/2101/2053 672/2102/2054 1193/2103/2055
f 1193/2103/2055 672/2102/2054 671/2104/2056
f 1193/2103/2055 671/2104/2056 1194/2105/2057
f 1194/2105/2057 671/2104/2056 670/2106/2058
f 1194/2105/2057 670/2106/2058 1195/2107/2059
f 1195/2107/2059 670/2106/2058 669/2108/2060
f 1195/2107/2059 669/2108/2060 1196/2109/2061
f 1196/2109/2061 669/2108/2060 668/2110/2062
f 1196/2109/2061 668/2110/2062 1197/2111/2063
f 1197/2111/2063 668/2110/2062 667/2112/2064
f 1197/2111/2063 667/2112/2064 1198/2113/2065
f 1198/2113/2065 667/2112/2064 666/2114/2066
f 1198/2113/2065 666/2114/2066 1199/2115/2067
f 1199/2115/2067 666/2114/2066 665/2116/2068
f 1199/2115/2067 665/2116/2068 1200/2117/2069
f 1200/2117/2069 665/2116/2068 664/2118/2070
f 1200/2117/2069 664/2118/2070 1201/2119/2071
f 1201/2119/2071 664/2118/2070 663/2120/2072
f 1201/2119/2071 663/2120/2072 1202/2121/2073
f 1202/2121/2073 663/2120/2072 662/2122/2074
f 1202/2121/2073 662/2122/2074 1203/2123/2075
f 1203/2123/2075 662/2122/2074 661/2124/2076
f 1203/2123/2075 661/2124/2076 1204/2125/2077
f 1204/2125/2077 661/2124/2076 660/2126/2078
f 1204/2125/2077 660/2126/2078 1205/2127/2079
f 1205/2127/2079 660/2126/2078 659/2128/2080
f 1205/2127/2079 659/2128/2080 1206/2129/2081
f 1206/2129/2081 659/2128/2080 658/2130/2082
f 1206/2129/2081 658/2130/2082 1207/2131/2083
f 1207/2131/2083 658/2130/2082 657/2132/2084
f 1207/2131/2083 657/2132/2084 1208/2133/2085
f 1208/2133/2085 657/2132/2084 656/2134/2086
f 1208/2133/2085 656/2134/2086 1209/2135/2087
f 1209/2135/2087 656/2134/2086 655/2136/2088
f 1209/2135/2087 655/2136/2088 1210/2137/2089
f 1210/2137/2089 655/2136/2088 654/2138/2090
f 1210/2137/2089 654/2138/2090 1211/2139/2091
f 1211/2139/2091 654/2138/2090 653/2140/2092
f 1211/2139/2091 653/2140/2092 1212/2091/2045
f 1212/2091/2045 653/2140/2092 652/2092/2046
f 1214/2141/2093 1224/2142/2094 1213/2143/2095
f 1213/2143/2095 1224/2142/2094 1225/2144/2096
f 1213/2143/2095 1225/2144/2096 1236/2145/2097
f 1236/2145/2097 1225/2144/2096 1226/2146/2098
f 1236/2145/2097 1226/2146/2098 1235/2147/2099
f 1235/2147/2099 1226/2146/2098 1227/2148/2100
f 1235/2147/2099 1227/2148/2100 1234/2149/2101
f 1234/2149/2101 1227/2148/2100 1228/2150/2102
f 1234/2149/2101 1228/2150/2102 1233/2151/2103
f 1233/2151/2103 1228/2150/2102 1229/2152/2104
f 1233/2151/2103 1229/2152/2104 1232/2153/2105
f 1232/2153/2105 1229/2152/2104 1230/2154/2106
f 1232/2153/2105 1230/2154/2106 1231/2155/2107
f 1224/2142/2094 1214/2141/2093 1223/2156/2108
f 1223/2156/2108 1214/2141/2093 1215/2157/2109
f 1223/2156/2108 1215/2157/2109 1222/2158/2110
f 1222/2158/2110 1215/2157/2109 1216/2159/2111
f 1222/2158/2110 1216/2159/2111 1221/2160/2112
f 1221/2160/2112 1216/2159/2111 1217/2161/2113
f 1221/2160/2112 1217/2161/2113 1220/2162/2114
f 1220/2162/2114 1217/2161/2113 1218/2163/2115
f 1220/2162/2114 1218/2163/2115 1219/2164/2116
f 1236/2165/2117 940/2166/2118 1213/2167/2119
f 1213/2167/2119 940/2166/2118 939/2168/2120
f 1213/2169/2119 939/2170/2120 1214/2171/2121
f 1214/2171/2121 939/2170/2120 962/2172/2122
f 1214/2171/2121 962/2172/2122 1215/2173/2123
f 1215/2173/2123 962/2172/2122 961/2174/2124
f 1215/2173/2123 961/2174/2124 1216/2175/2125
f 1216/2175/2125 961/2174/2124 960/2176/2126
f 1216/2175/2125 960/2176/2126 1217/2177/2127
f 1217/2177/2127 960/2176/2126 959/2178/2128
f 1217/2177/2127 959/2178/2128 1218/2179/2129
f 1218/2179/2129 959/2178/2128 958/2180/2130
f 1218/2179/2129 958/2180/2130 1219/2181/2131
f 1219/2181/2131 958/2180/2130 957/2182/2132
f 1219/2181/2131 957/2182/2132 1220/2183/2133
f 1220/2183/2133 957/2182/2132 956/2184/2134
f 1220/2183/2133 956/2184/2134 1221/2185/2135
f 1221/2185/2135 956/2184/2134 955/2186/2136
f 1221/2185/2135 955/2186/2136 1222/2187/2137
f 1222/2187/2137 955/2186/2136 954/2188/2138
f 1222/2187/2137 954/2188/2138 1223/2189/2139
f 1223/2189/2139 954/2188/2138 953/2190/2140
f 1223/2189/2139 953/2190/2140 1224/2191/2141
f 1224/2191/2141 953/2190/2140 952/2192/2142
f 1224/2191/2141 952/2192/2142 1225/2193/2143
f 1225/2193/2143 952/2192/2142 951/2194/2144
f 1225/2193/2143 951/2194/2144 1226/2195/2145
f 1226/2195/2145 951/2194/2144 950/2196/2146
f 1226/2195/2145 950/2196/2146 1227/2197/2147
f 1227/2197/2147 950/2196/2146 949/2198/2148
f 1227/2197/2147 949/2198/2148 1228/2199/2149
f 1228/2199/2149 949/2198/2148 948/2200/2150
f 1228/2199/2149 948/2200/2150 1229/2201/2151
f 1229/2201/2151 948/2200/2150 947/2202/2152
f 1229/2201/2151 947/2202/2152 1230/2203/2153
f 1230/2203/2153 947/2202/2152 946/2204/2154
f 1230/2203/2153 946/2204/2154 1231/2205/2155
f 1231/2205/2155 946/2204/2154 945/2206/2156
f 1231/2205/2155 945/2206/2156 1232/2207/2157
f 1232/2207/2157 945/2206/2156 944/2208/2158
f 1232/2207/2157 944/2208/2158 1233/2209/2159
f 1233/2209/2159 944/2208/2158 943/2210/2160
f 1233/2209/2159 943/2210/2160 1234/2211/2161
f 1234/2211/2161 943/2210/2160 942/2212/2162
f 1234/2211/2161 942/2212/2162 1235/2213/2163
f 1235/2213/2163 942/2212/2162 941/2214/2164
f 1235/2213/2163 941/2214/2164 1236/2165/2117
f 1236/2165/2117 941/2214/2164 940/2166/2118
f 1238/2215/2165 1248/2216/2166 1237/2217/2167
f 1237/2217/2167 1248/2216/2166 1249/2218/2168
f 1237/2217/2167 1249/2218/2168 1260/2219/2169
f 1260/2219/2169 1249/2218/2168 1250/2220/2170
f 1260/2219/2169 1250/2220/2170 1259/2221/2171
f 1259/2221/2171 1250/2220/2170 1251/2222/2172
f 1259/2221/2171 1251/2222/2172 1258/2223/2173
f 1258/2223/2173 1251/2222/2172 1252/2224/2174
f 1258/2223/2173 1252/2224/2174 1257/2225/2175
f 1257/2225/2175 1252/2224/2174 1253/2226/2176
f 1257/2225/2175 1253/2226/2176 1256/2227/2177
f 1256/2227/2177 1253/2226/2176 1254/2228/2178
f 1256/2227/2177 1254/2228/2178 1255/2229/2179
f 1248/2216/2166 1238/2215/2165 1247/2230/2180
f 1247/2230/2180 1238/2215/2165 1239/2231/2181
f 1247/2230/2180 1239/2231/2181 1246/2232/2182
f 1246/2232/2182 1239/2231/2181 1240/2233/2183
f 1246/2232/2182 1240/2233/2183 1245/2234/2184
f 1245/2234/2184 1240/2233/2183 1241/2235/2185
f 1245/2234/2184 1241/2235/2185 1244/2236/2186
f 1244/2236/2186 1241/2235/2185 1242/2237/2187
f 1244/2236/2186 1242/2237/2187 1243/2238/2188
f 1260/2239/2189 916/2240/2190 1237/2241/2191
f 1237/2241/2191 916/2240/2190 915/2242/2192
f 1237/2243/2191 915/2244/2192 1238/2245/2193
f 1238/2245/2193 915/2244/2192 938/2246/2194
f 1238/2245/2193 938/2246/2194 1239/2247/2195
f 1239/2247/2195 938/2246/2194 937/2248/2196
f 1239/2247/2195 937/2248/2196 1240/2249/2197
f 1240/2249/2197 937/2248/2196 936/2250/2198
f 1240/2249/2197 936/2250/2198 1241/2251/2199
f 1241/2251/2199 936/2250/2198 935/2252/2200
f 1241/2251/2199 935/2252/2200 1242/2253/2201
f 1242/2253/2201 935/2252/2200 934/2254/2202
f 1242/2253/2201 934/2254/2202 1243/2255/2203
f 1243/2255/2203 934/2254/2202 933/2256/2204
f 1243/2255/2203 933/2256/2204 1244/2257/2205
f 1244/2257/2205 933/2256/2204 932/2258/2206
f 1244/2257/2205 932/2258/2206 1245/2259/2207
f 1245/2259/2207 932/2258/2206 931/2260/2208
f 1245/2259/2207 931/2260/2208 1246/2261/2209
f 1246/2261/2209 931/2260/2208 930/2262/2210
f 1246/2261/2209 930/2262/2210 1247/2263/2211
f 1247/2263/2211 930/2262/2210 929/2264/2212
f 1247/2263/2211 929/2264/2212 1248/2265/2213
f 1248/2265/2213 929/2264/2212 928/2266/2214
f 1248/2265/2213 928/2266/2214 1249/2267/2215
f 1249/2267/2215 928/2266/2214 927/2268/2216
f 1249/2267/2215 927/2268/2216 1250/2269/2217
f 1250/2269/2217 927/2268/2216 926/2270/2218
f 1250/2269/2217 926/2270/2218 1251/2271/2219
f 1251/2271/2219 926/2270/2218 925/2272/2220
f 1251/2271/2219 925/2272/2220 1252/2273/2221
f 1252/2273/2221 925/2272/2220 924/2274/2222
f 1252/2273/2221 924/2274/2222 1253/2275/2223
f 1253/2275/2223 924/2274/2222 923/2276/2224
f 1253/2275/2223 923/2276/2224 1254/2277/2225
f 1254/2277/2225 923/2276/2224 922/2278/2226
f 1254/2277/2225 922/2278/2226 1255/2279/2227
f 1255/2279/2227 922/2278/2226 921/2280/2228
f 1255/2279/2227 921/2280/2228 1256/2281/2229
f 1256/2281/2229 921/2280/2228 920/2282/2230
f 1256/2281/2229 920/2282/2230 1257/2283/2231
f 1257/2283/2231 920/2282/2230 919/2284/2232
f 1257/2283/2231 919/2284/2232 1258/2285/2233
f 1258/2285/2233 919/2284/2232 918/2286/2234
f 1258/2285/2233 918/2286/2234 1259/2287/2235
f 1259/2287/2235 918/2286/2234 917/2288/2236
f 1259/2287/2235 917/2288/2236 1260/2239/2189
f 1260/2239/2189 917/2288/2236 916/2240/2190
f 1262/2289/2237 1272/2290/2238 1261/2291/2239
f 1261/2291/2239 1272/2290/2238 1273/2292/2240
f 1261/2291/2239 1273/2292/2240 1284/2293/2241
f 1284/2293/2241 1273/2292/2240 1274/2294/2242
f 1284/2293/2241 1274/2294/2242 1283/2295/2243
f 1283/2295/2243 1274/2294/2242 1275/2296/2244
f 1283/2295/2243 1275/2296/2244 1282/2297/2245
f 1282/2297/2245 1275/2296/2244 1276/2298/2246
f 1282/2297/2245 1276/2298/2246 1281/2299/2247
f 1281/2299/2247 1276/2298/2246 1277/2300/2248
f 1281/2299/2247 1277/2300/2248 1280/2301/2249
f 1280/2301/2249 1277/2300/2248 1278/2302/2250
f 1280/2301/2249 1278/2302/2250 1279/2303/2251
f 1272/2290/2238 1262/2289/2237 1271/2304/2252
f 1271/2304/2252 1262/2289/2237 1263/2305/2253
f 1271/2304/2252 1263/2305/2253 1270/2306/2254
f 1270/2306/2254 1263/2305/2253 1264/2307/2255
f 1270/2306/2254 1264/2307/2255 1269/2308/2256
f 1269/2308/2256 1264/2307/2255 1265/2309/2257
f 1269/2308/2256 1265/2309/2257 1268/2310/2258
f 1268/2310/2258 1265/2309/2257 1266/2311/2259
f 1268/2310/2258 1266/2311/2259 1267/2312/2260
f 1284/2313/2261 892/2314/2262 1261/2315/2263
f 1261/2315/2263 892/2314/2262 891/2316/2264
f 1261/2317/2263 891/2318/2264 1262/2319/2265
f 1262/2319/2265 891/2318/2264 914/2320/2266
f 1262/2319/2265 914/2320/2266 1263/2321/2267
f 1263/2321/2267 914/2320/2266 913/2322/2268
f 1263/2321/2267 913/2322/2268 1264/2323/2269
f 1264/2323/2269 913/2322/2268 912/2324/2270
f 1264/2323/2269 912/2324/2270 1265/2325/2271
f 1265/2325/2271 912/2324/2270 911/2326/2272
f 1265/2325/2271 911/2326/2272 1266/2327/2273
f 1266/2327/2273 911/2326/2272 910/2328/2274
f 1266/2327/2273 910/2328/2274 1267/2329/2275
f 1267/2329/2275 910/2328/2274 909/2330/2276
f 1267/2329/2275 909/2330/2276 1268/2331/2277
f 1268/2331/2277 909/2330/2276 908/2332/2278
f 1268/2331/2277 908/2332/2278 1269/2333/2279
f 1269/2333/2279 908/2332/2278 907/2334/2280
f 1269/2333/2279 907/2334/2280 1270/2335/2281
f 1270/2335/2281 907/2334/2280 906/2336/2282
f 1270/2335/2281 906/2336/2282 1271/2337/2283
f 1271/2337/2283 906/2336/2282 905/2338/2284
f 1271/2337/2283 905/2338/2284 1272/2339/2285
f 1272/2339/2285 905/2338/2284 904/2340/2286
f 1272/2339/2285 904/2340/2286 1273/2341/2287
f 1273/2341/2287 904/2340/2286 903/2342/2288
f 1273/2341/2287 903/2342/2288 1274/2343/2289
f 1274/2343/2289 903/2342/2288 902/2344/2290
f 1274/2343/2289 902/2344/2290 1275/2345/2291
f 1275/2345/2291 902/2344/2290 901/2346/2292
f 1275/2345/2291 901/2346/2292 1276/2347/2293
f 1276/2347/2293 901/2346/2292 900/2348/2294
f 1276/2347/2293 900/2348/2294 1277/2349/2295
f 1277/2349/2295 900/2348/2294 899/2350/2296
f 1277/2349/2295 899/2350/2296 1278/2351/2297
f 1278/2351/2297 899/2350/2296 898/2352/2298
f 1278/2351/2297 898/2352/2298 1279/2353/2299
f 1279/2353/2299 898/2352/2298 897/2354/2300
f 1279/2353/2299 897/2354/2300 1280/2355/2301
f 1280/2355/2301 897/2354/2300 896/2356/2302
f 1280/2355/2301 896/2356/2302 1281/2357/2303
f 1281/2357/2303 896/2356/2302 895/2358/2304
f 1281/2357/2303 895/2358/2304 1282/2359/2305
f 1282/2359/2305 895/2358/2304 894/2360/2306
f 1282/2359/2305 894/2360/2306 1283/2361/2307
f 1283/2361/2307 894/2360/2306 893/2362/2308
f 1283/2361/2307 893/2362/2308 1284/2313/2261
f 1284/2313/2261 893/2362/2308 892/2314/2262
f 1286/2363/2309 1296/2364/2310 1285/2365/2311
f 1285/2365/2311 1296/2364/2310 1297/2366/2312
f 1285/2365/2311 1297/2366/2312 1308/2367/2313
f 1308/2367/2313 1297/2366/2312 1298/2368/2314
f 1308/2367/2313 1298/2368/2314 1307/2369/2315
f 1307/2369/2315 1298/2368/2314 1299/2370/2316
f 1307/2369/2315 1299/2370/2316 1306/2371/2317
f 1306/2371/2317 1299/2370/2316 1300/2372/2318
f 1306/2371/2317 1300/2372/2318 1305/2373/2319
f 1305/2373/2319 1300/2372/2318 1301/2374/2320
f 1305/2373/2319 1301/2374/2320 1304/2375/2321
f 1304/2375/2321 1301/2374/2320 1302/2376/2322
f 1304/2375/2321 1302/2376/2322 1303/2377/2323
f 1296/2364/2310 1286/2363/2309 1295/2378/2324
f 1295/2378/2324 1286/2363/2309 1287/2379/2325
f 1295/2378/2324 1287/2379/2325 1294/2380/2326
f 1294/2380/2326 1287/2379/2325 1288/2381/2327
f 1294/2380/2326 1288/2381/2327 1293/2382/2328
f 1293/2382/2328 1288/2381/2327 1289/2383/2329
f 1293/2382/2328 1289/2383/2329 1292/2384/2330
f 1292/2384/2330 1289/2383/2329 1290/2385/2331
f 1292/2384/2330 1290/2385/2331 1291/2386/2332
f 1308/2387/2333 868/2388/2334 1285/2389/2335
f 1285/2389/2335 868/2388/2334 867/2390/2336
f 1285/2391/2335 867/2392/2336 1286/2393/2337
f 1286/2393/2337 867/2392/2336 890/2394/2338
f 1286/2393/2337 890/2394/2338 1287/2395/2339
f 1287/2395/2339 890/2394/2338 889/2396/2340
f 1287/2395/2339 889/2396/2340 1288/2397/2341
f 1288/2397/2341 889/2396/2340 888/2398/2342
f 1288/2397/2341 888/2398/2342 1289/2399/2343
f 1289/2399/2343 888/2398/2342 887/2400/2344
f 1289/2399/2343 887/2400/2344 1290/2401/2345
f 1290/2401/2345 887/2400/2344 886/2402/2346
f 1290/2401/2345 886/2402/2346 1291/2403/2347
f 1291/2403/2347 886/2402/2346 885/2404/2348
f 1291/2403/2347 885/2404/2348 1292/2405/2349
f 1292/2405/2349 885/2404/2348 884/2406/2350
f 1292/2405/2349 884/2406/2350 1293/2407/2351
f 1293/2407/2351 884/2406/2350 883/2408/2352
f 1293/2407/2351 883/2408/2352 1294/2409/2353
f 1294/2409/2353 883/2408/2352 882/2410/2354
f 1294/2409/2353 882/2410/2354 1295/2411/2355
f 1295/2411/2355 882/2410/2354 881/2412/2356
f 1295/2411/2355 881/2412/2356 1296/2413/2357
f 1296/2413/2357 881/2412/2356 880/2414/2358
f 1296/2413/2357 880/2414/2358 1297/2415/2359
f 1297/2415/2359 880/2414/2358 879/2416/2360
f 1297/2415/2359 879/2416/2360 1298/2417/2361
f 1298/2417/2361 879/2416/2360 878/2418/2362
f 1298/2417/2361 878/2418/2362 1299/2419/2363
f 1299/2419/2363 878/2418/2362 877/2420/2364
f 1299/2419/2363 877/2420/2364 1300/2421/2365
f 1300/2421/2365 877/2420/2364 876/2422/2366
f 1300/2421/2365 876/2422/2366 1301/2423/2367
f 1301/2423/2367 876/2422/2366 875/2424/2368
f 1301/2423/2367 875/2424/2368 1302/2425/2369
f 1302/2425/2369 875/2424/2368 874/2426/2370
f 1302/2425/2369 874/2426/2370 1303/2427/2371
f 1303/2427/2371 874/2426/2370 873/2428/2372
f 1303/2427/2371 873/2428/2372 1304/2429/2373
f 1304/2429/2373 873/2428/2372 872/2430/2374
f 1304/2429/2373 872/2430/2374 1305/2431/2375
f 1305/2431/2375 872/2430/2374 871/2432/2376
f 1305/2431/2375 871/2432/2376 1306/2433/2377
f 1306/2433/2377 871/2432/2376 870/2434/2378
f 1306/2433/2377 870/2434/2378 1307/2435/2379
f 1307/2435/2379 870/2434/2378 869/2436/2380
f 1307/2435/2379 869/2436/2380 1308/2387/2333
f 1308/2387/2333 869/2436/2380 868/2388/2334
f 1310/2437/2381 1320/2438/2382 1309/2439/2383
f 1309/2439/2383 1320/2438/2382 1321/2440/2384
f 1309/2439/2383 1321/2440/2384 1332/2441/2385
f 1332/2441/2385 1321/2440/2384 1322/2442/2386
f 1332/2441/2385 1322/2442/2386 1331/2443/2387
f 1331/2443/2387 1322/2442/2386 1323/2444/2388
f 1331/2443/2387 1323/2444/2388 1330/2445/2389
f 1330/2445/2389 1323/2444/2388 1324/2446/2390
f 1330/2445/2389 1324/2446/2390 1329/2447/2391
f 1329/2447/2391 1324/2446/2390 1325/2448/2392
f 1329/2447/2391 1325/2448/2392 1328/2449/2393
f 1328/2449/2393 1325/2448/2392 1326/2450/2394
f 1328/2449/2393 1326/2450/2394 1327/2451/2395
f 1320/2438/2382 1310/2437/2381 1319/2452/2396
f 1319/2452/2396 1310/2437/2381 1311/2453/2397
f 1319/2452/2396 1311/2453/2397 1318/2454/2398
f 1318/2454/2398 1311/2453/2397 1312/2455/2399
f 1318/2454/2398 1312/2455/2399 1317/2456/2400
f 1317/2456/2400 1312/2455/2399 1313/2457/2401
f 1317/2456/2400 1313/2457/2401 1316/2458/2402
f 1316/2458/2402 1313/2457/2401 1314/2459/2403
f 1316/2458/2402 1314/2459/2403 1315/2460/2404
f 1332/2461/2405 844/2462/2406 1309/2463/2407
f 1309/2463/2407 844/2462/2406 843/2464/2408
f 1309/2465/2407 843/2466/2408 1310/2467/2409
f 1310/2467/2409 843/2466/2408 866/2468/2410
f 1310/2467/2409 866/2468/2410 1311/2469/2411
f 1311/2469/2411 866/2468/2410 865/2470/2412
f 1311/2469/2411 865/2470/2412 1312/2471/2413
f 1312/2471/2413 865/2470/2412 864/2472/2414
f 1312/2471/2413 864/2472/2414 1313/2473/2415
f 1313/2473/2415 864/2472/2414 863/2474/2416
f 1313/2473/2415 863/2474/2416 1314/2475/2417
f 1314/2475/2417 863/2474/2416 862/2476/2418
f 1314/2475/2417 862/2476/2418 1315/2477/2419
f 1315/2477/2419 862/2476/2418 861/2478/2420
f 1315/2477/2419 861/2478/2420 1316/2479/2421
f 1316/2479/2421 861/2478/2420 860/2480/2422
f 1316/2479/2421 860/2480/2422 1317/2481/2423
f 1317/2481/2423 860/2480/2422 859/2482/2424
f 1317/2481/2423 859/2482/2424 1318/2483/2425
f 1318/2483/2425 859/2482/2424 858/2484/2426
f 1318/2483/2425 858/2484/2426 1319/2485/2427
f 1319/2485/2427 858/2484/2426 857/2486/2428
f 1319/2485/2427 857/2486/2428 1320/2487/2429
f 1320/2487/2429 857/2486/2428 856/2488/2430
f 1320/2487/2429 856/2488/2430 1321/2489/2431
f 1321/2489/2431 856/2488/2430 855/2490/2432
f 1321/2489/2431 855/2490/2432 1322/2491/2433
f 1322/2491/2433 855/2490/2432 854/2492/2434
f 1322/2491/2433 854/2492/2434 1323/2493/2435
f 1323/2493/2435 854/2492/2434 853/2494/2436
f 1323/2493/2435 853/2494/2436 1324/2495/2437
f 1324/2495/2437 853/2494/2436 852/2496/2438
f 1324/2495/2437 852/2496/2438 1325/2497/2439
f 1325/2497/2439 852/2496/2438 851/2498/2440
f 1325/2497/2439 851/2498/2440 1326/2499/2441
f 1326/2499/2441 851/2498/2440 850/2500/2442
f 1326/2499/2441 850/2500/2442 1327/2501/2443
f 1327/2501/2443 850/2500/2442 849/2502/2444
f 1327/2501/2443 849/2502/2444 1328/2503/2445
f 1328/2503/2445 849/2502/2444 848/2504/2446
f 1328/2503/2445 848/2504/2446 1329/2505/2447
f 1329/2505/2447 848/2504/2446 847/2506/2448
f 1329/2505/2447 847/2506/2448 1330/2507/2449
f 1330/2507/2449 847/2506/2448 846/2508/2450
f 1330/2507/2449 846/2508/2450 1331/2509/2451
f 1331/2509/2451 846/2508/2450 845/2510/2452
f 1331/2509/2451 845/2510/2452 1332/2461/2405
f 1332/2461/2405 845/2510/2452 844/2462/2406
f 1334/2511/2453 1344/2512/2454 1333/2513/2455
f 1333/2513/2455 1344/2512/2454 1345/2514/2456
f 1333/2513/2455 1345/2514/2456 1356/2515/2457
f 1356/2515/2457 1345/2514/2456 1346/2516/2458
f 1356/2515/2457 1346/2516/2458 1355/2517/2459
f 1355/2517/2459 1346/2516/2458 1347/2518/2460
f 1355/2517/2459 1347/2518/2460 1354/2519/2461
f 1354/2519/2461 1347/2518/2460 1348/2520/2462
f 1354/2519/2461 1348/2520/2462 1353/2521/2463
f 1353/2521/2463 1348/2520/2462 1349/2522/2464
f 1353/2521/2463 1349/2522/2464 1352/2523/2465
f 1352/2523/2465 1349/2522/2464 1350/2524/2466
f 1352/2523/2465 1350/2524/2466 1351/2525/2467
f 1344/2512/2454 1334/2511/2453 1343/2526/2468
f 1343/2526/2468 1334/2511/2453 1335/2527/2469
f 1343/2526/2468 1335/2527/2469 1342/2528/2470
f 1342/2528/2470 1335/2527/2469 1336/2529/2471
f 1342/2528/2470 1336/2529/2471 1341/2530/2472
f 1341/2530/2472 1336/2529/2471 1337/2531/2473
f 1341/2530/2472 1337/2531/2473 1340/2532/2474
f 1340/2532/2474 1337/2531/2473 1338/2533/2475
f 1340/2532/2474 1338/2533/2475 1339/2534/2476
f 1356/2535/2477 820/2536/2478 1333/2537/2479
f 1333/2537/2479 820/2536/2478 819/2538/2480
f 1333/2539/2479 819/2540/2480 1334/2541/2481
f 1334/2541/2481 819/2540/2480 842/2542/2482
f 1334/2541/2481 842/2542/2482 1335/2543/2483
f 1335/2543/2483 842/2542/2482 841/2544/2484
f 1335/2543/2483 841/2544/2484 1336/2545/2485
f 1336/2545/2485 841/2544/2484 840/2546/2486
f 1336/2545/2485 840/2546/2486 1337/2547/2487
f 1337/2547/2487 840/2546/2486 839/2548/2488
f 1337/2547/2487 839/2548/2488 1338/2549/2489
f 1338/2549/2489 839/2548/2488 838/2550/2490
f 1338/2549/2489 838/2550/2490 1339/2551/2491
f 1339/2551/2491 838/2550/2490 837/2552/2492
f 1339/2551/2491 837/2552/2492 1340/2553/2493
f 1340/2553/2493 837/2552/2492 836/2554/2494
f 1340/2553/2493 836/2554/2494 1341/2555/2495
f 1341/2555/2495 836/2554/2494 835/2556/2496
f 1341/2555/2495 835/2556/2496 1342/2557/2497
f 1342/2557/2497 835/2556/2496 834/2558/2498
f 1342/2557/2497 834/2558/2498 1343/2559/2499
f 1343/2559/2499 834/2558/2498 833/2560/2500
f 1343/2559/2499 833/2560/2500 1344/2561/2501
f 1344/2561/2501 833/2560/2500 832/2562/2502
f 1344/2561/2501 832/2562/2502 1345/2563/2503
f 1345/2563/2503 832/2562/2502 831/2564/2504
f 1345/2563/2503 831/2564/2504 1346/2565/2505
f 1346/2565/2505 831/2564/2504 830/2566/2506
f 1346/2565/2505 830/2566/2506 1347/2567/2507
f 1347/2567/2507 830/2566/2506 829/2568/2508
f 1347/2567/2507 829/2568/2508 1348/2569/2509
f 1348/2569/2509 829/2568/2508 828/2570/2510
f 1348/2569/2509 828/2570/2510 1349/2571/2511
f 1349/2571/2511 828/2570/2510 827/2572/2512
f 1349/2571/2511 827/2572/2512 1350/2573/2513
f 1350/2573/2513 827/2572/2512 826/2574/2514
f 1350/2573/2513 826/2574/2514 1351/2575/2515
f 1351/2575/2515 826/2574/2514 825/2576/2516
f 1351/2575/2515 825/2576/2516 1352/2577/2517
f 1352/2577/2517 825/2576/2516 824/2578/2518
f 1352/2577/2517 824/2578/2518 1353/2579/2519
f 1353/2579/2519 824/2578/2518 823/2580/2520
f 1353/2579/2519 823/2580/2520 1354/2581/2521
f 1354/2581/2521 823/2580/2520 822/2582/2522
f 1354/2581/2521 822/2582/2522 1355/2583/2523
f 1355/2583/2523 822/2582/2522 821/2584/2524
f 1355/2583/2523 821/2584/2524 1356/2535/2477
f 1356/2535/2477 821/2584/2524 820/2536/2478
f 1358/2585/2525 1368/2586/2526 1357/2587/2527
f 1357/2587/2527 1368/2586/2526 1369/2588/2528
f 1357/2587/2527 1369/2588/2528 1380/2589/2529
f 1380/2589/2529 1369/2588/2528 1370/2590/2530
f 1380/2589/2529 1370/2590/2530 1379/2591/2531
f 1379/2591/2531 1370/2590/2530 1371/2592/2532
f 1379/2591/2531 1371/2592/2532 1378/2593/2533
f 1378/2593/2533 1371/2592/2532 1372/2594/2534
f 1378/2593/2533 1372/2594/2534 1377/2595/2535
f 1377/2595/2535 1372/2594/2534 1373/2596/2536
f 1377/2595/2535 1373/2596/2536 1376/2597/2537
f 1376/2597/2537 1373/2596/2536 1374/2598/2538
f 1376/2597/2537 1374/2598/2538 1375/2599/2539
f 1368/2586/2526 1358/2585/2525 1367/2600/2540
f 1367/2600/2540 1358/2585/2525 1359/2601/2541
f 1367/2600/2540 1359/2601/2541 1366/2602/2542
f 1366/2602/2542 1359/2601/2541 1360/2603/2543
f 1366/2602/2542 1360/2603/2543 1365/2604/2544
f 1365/2604/2544 1360/2603/2543 1361/2605/2545
f 1365/2604/2544 1361/2605/2545 1364/2606/2546
f 1364/2606/2546 1361/2605/2545 1362/2607/2547
f 1364/2606/2546 1362/2607/2547 1363/2608/2548
f 1380/2609/2549 796/2610/2550 1357/2611/2551
f 1357/2611/2551 796/2610/2550 795/2612/2552
f 1357/2613/2551 795/2614/2552 1358/2615/2553
f 1358/2615/2553 795/2614/2552 818/2616/2554
f 1358/2615/2553 818/2616/2554 1359/2617/2555
f 1359/2617/2555 818/2616/2554 817/2618/2556
f 1359/2617/2555 817/2618/2556 1360/2619/2557
f 1360/2619/2557 817/2618/2556 816/2620/2558
f 1360/2619/2557 816/2620/2558 1361/2621/2559
f 1361/2621/2559 816/2620/2558 815/2622/2560
f 1361/2621/2559 815/2622/2560 1362/2623/2561
f 1362/2623/2561 815/2622/2560 814/2624/2562
f 1362/2623/2561 814/2624/2562 1363/2625/2563
f 1363/2625/2563 814/2624/2562 813/2626/2564
f 1363/2625/2563 813/2626/2564 1364/2627/2565
f 1364/2627/2565 813/2626/2564 812/2628/2566
f 1364/2627/2565 812/2628/2566 1365/2629/2567
f 1365/2629/2567 812/2628/2566 811/2630/2568
f 1365/2629/2567 811/2630/2568 1366/2631/2569
f 1366/2631/2569 811/2630/2568 810/2632/2570
f 1366/2631/2569 810/2632/2570 1367/2633/2571
f 1367/2633/2571 810/2632/2570 809/2634/2572
f 1367/2633/2571 809/2634/2572 1368/2635/2573
f 1368/2635/2573 809/2634/2572 808/2636/2574
f 1368/2635/2573 808/2636/2574 1369/2637/2575
f 1369/2637/2575 808/2636/2574 807/2638/2576
f 1369/2637/2575 807/2638/2576 1370/2639/2577
f 1370/2639/2577 807/2638/2576 806/2640/2578
f 1370/2639/2577 806/2640/2578 1371/2641/2579
f 1371/2641/2579 806/2640/2578 805/2642/2580
f 1371/2641/2579 805/2642/2580 1372/2643/2581
f 1372/2643/2581 805/2642/2580 804/2644/2582
f 1372/2643/2581 804/2644/2582 1373/2645/2583
f 1373/2645/2583 804/2644/2582 803/2646/2584
f 1373/2645/2583 803/2646/2584 1374/2647/2585
f 1374/2647/2585 803/2646/2584 802/2648/2586
f 1374/2647/2585 802/2648/2586 1375/2649/2587
f 1375/2649/2587 802/2648/2586 801/2650/2588
f 1375/2649/2587 801/2650/2588 1376/2651/2589
f 1376/2651/2589 801/2650/2588 800/2652/2590
f 1376/2651/2589 800/2652/2590 1377/2653/2591
f 1377/2653/2591 800/2652/2590 799/2654/2592
f 1377/2653/2591 799/2654/2592 1378/2655/2593
f 1378/2655/2593 799/2654/2592 798/2656/2594
f 1378/2655/2593 798/2656/2594 1379/2657/2595
f 1379/2657/2595 798/2656/2594 797/2658/2596
f 1379/2657/2595 797/2658/2596 1380/2609/2549
f 1380/2609/2549 797/2658/2596 796/2610/2550
f 1382/2659/2597 1392/2660/2598 1381/2661/2599
f 1381/2661/2599 1392/2660/2598 1393/2662/2600
f 1381/2661/2599 1393/2662/2600 1404/2663/2601
f 1404/2663/2601 1393/2662/2600 1394/2664/2602
f 1404/2663/2601 1394/2664/2602 1403/2665/2603
f 1403/2665/2603 1394/2664/2602 1395/2666/2604
f 1403/2665/2603 1395/2666/2604 1402/2667/2605
f 1402/2667/2605 1395/2666/2604 1396/2668/2606
f 1402/2667/2605 1396/2668/2606 1401/2669/2607
f 1401/2669/2607 1396/2668/2606 1397/2670/2608
f 1401/2669/2607 1397/2670/2608 1400/2671/2609
f 1400/2671/2609 1397/2670/2608 1398/2672/2610
f 1400/2671/2609 1398/2672/2610 1399/2673/2611
f 1392/2660/2598 1382/2659/2597 1391/2674/2612
f 1391/2674/2612 1382/2659/2597 1383/2675/2613
f 1391/2674/2612 1383/2675/2613 1390/2676/2614
f 1390/2676/2614 1383/2675/2613 1384/2677/2615
f 1390/2676/2614 1384/2677/2615 1389/2678/2616
f 1389/2678/2616 1384/2677/2615 1385/2679/2617
f 1389/2678/2616 1385/2679/2617 1388/2680/2618
f 1388/2680/2618 1385/2679/2617 1386/2681/2619
f 1388/2680/2618 1386/2681/2619 1387/2682/2620
f 1404/2683/2621 772/2684/2622 1381/2685/2623
f 1381/2685/2623 772/2684/2622 771/2686/2624
f 1381/2687/2623 771/2688/2624 1382/2689/2625
f 1382/2689/2625 771/2688/2624 794/2690/2626
f 1382/2689/2625 794/2690/2626 1383/2691/2627
f 1383/2691/2627 794/2690/2626 793/2692/2628
f 1383/2691/2627 793/2692/2628 1384/2693/2629
f 1384/2693/2629 793/2692/2628 792/2694/2630
f 1384/2693/2629 792/2694/2630 1385/2695/2631
f 1385/2695/2631 792/2694/2630 791/2696/2632
f 1385/2695/2631 791/2696/2632 1386/2697/2633
f 1386/2697/2633 791/2696/2632 790/2698/2634
f 1386/2697/2633 790/2698/2634 1387/2699/2635
f 1387/2699/2635 790/2698/2634 789/2700/2636
f 1387/2699/2635 789/2700/2636 1388/2701/2637
f 1388/2701/2637 789/2700/2636 788/2702/2638
f 1388/2701/2637 788/2702/2638 1389/2703/2639
f 1389/2703/2639 788/2702/2638 787/2704/2640
f 1389/2703/2639 787/2704/2640 1390/2705/2641
f 1390/2705/2641 787/2704/2640 786/2706/2642
f 1390/2705/2641 786/2706/2642 1391/2707/2643
f 1391/2707/2643 786/2706/2642 785/2708/2644
f 1391/2707/2643 785/2708/2644 1392/2709/2645
f 1392/2709/2645 785/2708/2644 784/2710/2646
f 1392/2709/2645 784/2710/2646 1393/2711/2647
f 1393/2711/2647 784/2710/2646 783/2712/2648
f 1393/2711/2647 783/2712/2648 1394/2713/2649
f 1394/2713/2649 783/2712/2648 782/2714/2650
f 1394/2713/2649 782/2714/2650 1395/2715/2651
f 1395/2715/2651 782/2714/2650 781/2716/2652
f 1395/2715/2651 781/2716/2652 1396/2717/2653
f 1396/2717/2653 781/2716/2652 780/2718/2654
f 1396/2717/2653 780/2718/2654 1397/2719/2655
f 1397/2719/2655 780/2718/2654 779/2720/2656
f 1397/2719/2655 779/2720/2656 1398/2721/2657
f 1398/2721/2657 779/2720/2656 778/2722/2658
f 1398/2721/2657 778/2722/2658 1399/2723/2659
f 1399/2723/2659 778/2722/2658 777/2724/2660
f 1399/2723/2659 777/2724/2660 1400/2725/2661
f 1400/2725/2661 777/2724/2660 776/2726/2662
f 1400/2725/2661 776/2726/2662 1401/2727/2663
f 1401/2727/2663 776/2726/2662 775/2728/2664
f 1401/2727/2663 775/2728/2664 1402/2729/2665
f 1402/2729/2665 775/2728/2664 774/2730/2666
f 1402/2729/2665 774/2730/2666 1403/2731/2667
f 1403/2731/2667 774/2730/2666 773/2732/2668
f 1403/2731/2667 773/2732/2668 1404/2683/2621
f 1404/2683/2621 773/2732/2668 772/2684/2622
f 1406/2733/2669 1416/2734/2670 1405/2735/2671
f 1405/2735/2671 1416/2734/2670 1417/2736/2672
f 1405/2735/2671 1417/2736/2672 1428/2737/2673
f 1428/2737/2673 1417/2736/2672 1418/2738/2674
f 1428/2737/2673 1418/2738/2674 1427/2739/2675
f 1427/2739/2675 1418/2738/2674 1419/2740/2676
f 1427/2739/2675 1419/2740/2676 1426/2741/2677
f 1426/2741/2677 1419/2740/2676 1420/2742/2678
f 1426/2741/2677 1420/2742/2678 1425/2743/2679
f 1425/2743/2679 1420/2742/2678 1421/2744/2680
f 1425/2743/2679 1421/2744/2680 1424/2745/2681
f 1424/2745/2681 1421/2744/2680 1422/2746/2682
f 1424/2745/2681 1422/2746/2682 1423/2747/2683
f 1416/2734/2670 1406/2733/2669 1415/2748/2684
f 1415/2748/2684 1406/2733/2669 1407/2749/2685
f 1415/2748/2684 1407/2749/2685 1414/2750/2686
f 1414/2750/2686 1407/2749/2685 1408/2751/2687
f 1414/2750/2686 1408/2751/2687 1413/2752/2688
f 1413/2752/2688 1408/2751/2687 1409/2753/2689
f 1413/2752/2688 1409/2753/2689 1412/2754/2690
f 1412/2754/2690 1409/2753/2689 1410/2755/2691
f 1412/2754/2690 1410/2755/2691 1411/2756/2692
f 1428/2757/2693 748/2758/2694 1405/2759/2695
f 1405/2759/2695 748/2758/2694 747/2760/2696
f 1405/2761/2695 747/2762/2696 1406/2763/2697
f 1406/2763/2697 747/2762/2696 770/2764/2698
f 1406/2763/2697 770/2764/2698 1407/2765/2699
f 1407/2765/2699 770/2764/2698 769/2766/2700
f 1407/2765/2699 769/2766/2700 1408/2767/2701
f 1408/2767/2701 769/2766/2700 768/2768/2702
f 1408/2767/2701 768/2768/2702 1409/2769/2703
f 1409/2769/2703 768/2768/2702 767/2770/2704
f 1409/2769/2703 767/2770/2704 1410/2771/2705
f 1410/2771/2705 767/2770/2704 766/2772/2706
f 1410/2771/2705 766/2772/2706 1411/2773/2707
f 1411/2773/2707 766/2772/2706 765/2774/2708
f 1411/2773/2707 765/2774/2708 1412/2775/2709
f 1412/2775/2709 765/2774/2708 764/2776/2710
f 1412/2775/2709 764/2776/2710 1413/2777/2711
f 1413/2777/2711 764/2776/2710 763/2778/2712
f 1413/2777/2711 763/2778/2712 1414/2779/2713
f 1414/2779/2713 763/2778/2712 762/2780/2714
f 1414/2779/2713 762/2780/2714 1415/2781/2715
f 1415/2781/2715 762/2780/2714 761/2782/2716
f 1415/2781/2715 761/2782/2716 1416/2783/2717
f 1416/2783/2717 761/2782/2716 760/2784/2718
f 1416/2783/2717 760/2784/2718 1417/2785/2719
f 1417/2785/2719 760/2784/2718 759/2786/2720
f 1417/2785/2719 759/2786/2720 1418/2787/2721
f 1418/2787/2721 759/2786/2720 758/2788/2722
f 1418/2787/2721 758/2788/2722 1419/2789/2723
f 1419/2789/2723 758/2788/2722 757/2790/2724
f 1419/2789/2723 757/2790/2724 1420/2791/2725
f 1420/2791/2725 757/2790/2724 756/2792/2726
f 1420/2791/2725 756/2792/2726 1421/2793/2727
f 1421/2793/2727 756/2792/2726 755/2794/2728
f 1421/2793/2727 755/2794/2728 1422/2795/2729
f 1422/2795/2729 755/2794/2728 754/2796/2730
f 1422/2795/2729 754/2796/2730 1423/2797/2731
f 1423/2797/2731 754/2796/2730 753/2798/2732
f 1423/2797/2731 753/2798/2732 1424/2799/2733
f 1424/2799/2733 753/2798/2732 752/2800/2734
f 1424/2799/2733 752/2800/2734 1425/2801/2735
f 1425/2801/2735 752/2800/2734 751/2802/2736
f 1425/2801/2735 751/2802/2736 1426/2803/2737
f 1426/2803/2737 751/2802/2736 750/2804/2738
f 1426/2803/2737 750/2804/2738 1427/2805/2739
f 1427/2805/2739 750/2804/2738 749/2806/2740
f 1427/2805/2739 749/2806/2740 1428/2757/2693
f 1428/2757/2693 749/2806/2740 748/2758/2694
f 1430/2807/2741 1440/2808/2742 1429/2809/2743
f 1429/2809/2743 1440/2808/2742 1441/2810/2744
f 1429/2809/2743 1441/2810/2744 1452/2811/2745
f 1452/2811/2745 1441/2810/2744 1442/2812/2746
f 1452/2811/2745 1442/2812/2746 1451/2813/2747
f 1451/2813/2747 1442/2812/2746 1443/2814/2748
f 1451/2813/2747 1443/2814/2748 1450/2815/2749
f 1450/2815/2749 1443/2814/2748 1444/2816/2750
f 1450/2815/2749 1444/2816/2750 1449/2817/2751
f 1449/2817/2751 1444/2816/2750 1445/2818/2752
f 1449/2817/2751 1445/2818/2752 1448/2819/2753
f 1448/2819/2753 1445/2818/2752 1446/2820/2754
f 1448/2819/2753 1446/2820/2754 1447/2821/2755
f 1440/2808/2742 1430/2807/2741 1439/2822/2756
f 1439/2822/2756 1430/2807/2741 1431/2823/2757
f 1439/2822/2756 1431/2823/2757 1438/2824/2758
f 1438/2824/2758 1431/2823/2757 1432/2825/2759
f 1438/2824/2758 1432/2825/2759 1437/2826/2760
f 1437/2826/2760 1432/2825/2759 1433/2827/2761
f 1437/2826/2760 1433/2827/2761 1436/2828/2762
f 1436/2828/2762 1433/2827/2761 1434/2829/2763
f 1436/2828/2762 1434/2829/2763 1435/2830/2764
f 1452/2831/2765 724/2832/2766 1429/2833/2767
f 1429/2833/2767 724/2832/2766 723/2834/2768
f 1429/2835/2767 723/2836/2768 1430/2837/2769
f 1430/2837/2769 723/2836/2768 746/2838/2770
f 1430/2837/2769 746/2838/2770 1431/2839/2771
f 1431/2839/2771 746/2838/2770 745/2840/2772
f 1431/2839/2771 745/2840/2772 1432/2841/2773
f 1432/2841/2773 745/2840/2772 744/2842/2774
f 1432/2841/2773 744/2842/2774 1433/2843/2775
f 1433/2843/2775 744/2842/2774 743/2844/2776
f 1433/2843/2775 743/2844/2776 1434/2845/2777
f 1434/2845/2777 743/2844/2776 742/2846/2778
f 1434/2845/2777 742/2846/2778 1435/2847/2779
f 1435/2847/2779 742/2846/2778 741/2848/2780
f 1435/2847/2779 741/2848/2780 1436/2849/2781
f 1436/2849/2781 741/2848/2780 740/2850/2782
f 1436/2849/2781 740/2850/2782 1437/2851/2783
f 1437/2851/2783 740/2850/2782 739/2852/2784
f 1437/2851/2783 739/2852/2784 1438/2853/2785
f 1438/2853/2785 739/2852/2784 738/2854/2786
f 1438/2853/2785 738/2854/2786 1439/2855/2787
f 1439/2855/2787 738/2854/2786 737/2856/2788
f 1439/2855/2787 737/2856/2788 1440/2857/2789
f 1440/2857/2789 737/2856/2788 736/2858/2790
f 1440/2857/2789 736/2858/2790 1441/2859/2791
f 1441/2859/2791 736/2858/2790 735/2860/2792
f 1441/2859/2791 735/2860/2792 1442/2861/2793
f 1442/2861/2793 735/2860/2792 734/2862/2794
f 1442/2861/2793 734/2862/2794 1443/2863/2795
f 1443/2863/2795 734/2862/2794 733/2864/2796
f 1443/2863/2795 733/2864/2796 1444/2865/2797
f 1444/2865/2797 733/2864/2796 732/2866/2798
f 1444/2865/2797 732/2866/2798 1445/2867/2799
f 1445/2867/2799 732/2866/2798 731/2868/2800
f 1445/2867/2799 731/2868/2800 1446/2869/2801
f 1446/2869/2801 731/2868/2800 730/2870/2802
f 1446/2869/2801 730/2870/2802 1447/2871/2803
f 1447/2871/2803 730/2870/2802 729/2872/2804
f 1447/2871/2803 729/2872/2804 1448/2873/2805
f 1448/2873/2805 729/2872/2804 728/2874/2806
f 1448/2873/2805 728/2874/2806 1449/2875/2807
f 1449/2875/2807 728/2874/2806 727/2876/2808
f 1449/2875/2807 727/2876/2808 1450/2877/2809
f 1450/2877/2809 727/2876/2808 726/2878/2810
f 1450/2877/2809 726/2878/2810 1451/2879/2811
f 1451/2879/2811 726/2878/2810 725/2880/2812
f 1451/2879/2811 725/2880/2812 1452/2831/2765
f 1452/2831/2765 725/2880/2812 724/2832/2766
f 250/2881/2813 963/2882/2814 251/2883/2815
f 251/2883/2815 963/2882/2814 284/2884/2816
f 284/2884/2816 963/2882/2814 1474/2885/2817
f 284/2884/2816 1474/2885/2817 1453/2886/2818
f 254/2887/2819 1465/2888/2820 963/2882/2814
f 963/2882/2814 1465/2888/2820 1466/2889/2821
f 963/2882/2814 1466/2889/2821 1467/2890/2822
f 259/2891/2823 1457/2892/2824 254/2887/2819
f 254/2887/2819 1457/2892/2824 1458/2893/2825
f 254/2887/2819 1458/2893/2825 1459/2894/2826
f 284/2884/2816 1454/2895/2827 259/2891/2823
f 259/2891/2823 1454/2895/2827 1455/2896/2828
f 259/2891/2823 1455/2896/2828 1456/2897/2829
f 1453/2886/2818 1454/2895/2827 284/2884/2816
f 1456/2897/2829 1457/2892/2824 259/2891/2823
f 1459/2894/2826 1460/2898/2830 254/2887/2819
f 254/2887/2819 1460/2898/2830 1461/2899/2831
f 254/2887/2819 1461/2899/2831 1462/2900/2832
f 1462/2900/2832 1463/2901/2833 254/2887/2819
f 254/2887/2819 1463/2901/2833 1464/2902/2834
f 254/2887/2819 1464/2902/2834 1465/2888/2820
f 1467/2890/2822 1468/2903/2835 963/2882/2814
f 963/2882/2814 1468/2903/2835 1469/2904/2836
f 963/2882/2814 1469/2904/2836 1470/2905/2837
f 1470/2905/2837 1471/2906/2838 963/2882/2814
f 963/2882/2814 1471/2906/2838 1472/2907/2839
f 963/2882/2814 1472/2907/2839 1473/2908/2840
f 1473/2908/2840 1474/2885/2817 963/2882/2814
f 275/2909/475 290/2910/2841 228/2911/474
f 228/2911/474 290/2910/2841 229/2912/2842
f 229/2912/2842 290/2910/2841 1482/2913/2843
f 229/2912/2842 1482/2913/2843 1483/2914/2844
f 264/2915/453 1480/2916/2845 290/2910/2841
f 290/2910/2841 1480/2916/2845 1481/2917/2846
f 290/2910/2841 1481/2917/2846 1482/2913/2843
f 230/2918/452 1476/2919/2847 264/2915/453
f 264/2915/453 1476/2919/2847 1477/2920/2848
f 264/2915/453 1477/2920/2848 1478/2921/2849
f 229/2912/2842 1491/2922/2850 230/2918/452
f 230/2918/452 1491/2922/2850 1492/2923/2851
f 230/2918/452 1492/2923/2851 1493/2924/2852
f 1496/2925/2853 1475/2926/2854 230/2918/452
f 230/2918/452 1475/2926/2854 1476/2919/2847
f 1478/2921/2849 1479/2927/2855 264/2915/453
f 264/2915/453 1479/2927/2855 1480/2916/2845
f 1483/2914/2844 1484/2928/2856 229/2912/2842
f 229/2912/2842 1484/2928/2856 1485/2929/2857
f 229/2912/2842 1485/2929/2857 1486/2930/2858
f 1486/2930/2858 1487/2931/2859 229/2912/2842
f 229/2912/2842 1487/2931/2859 1488/2932/2860
f 229/2912/2842 1488/2932/2860 1489/2933/2861
f 1489/2933/2861 1490/2934/2862 229/2912/2842
f 229/2912/2842 1490/2934/2862 1491/2922/2850
f 1493/2924/2852 1494/2935/2863 230/2918/452
f 230/2918/452 1494/2935/2863 1495/2936/2864
f 230/2918/452 1495/2936/2864 1496/2925/2853
f 1467/2937/2865 1466/2938/2866 1489/2939/2867
f 1489/2939/2867 1466/2938/2866 1490/2940/2868
f 1490/2941/2868 1466/2942/2866 1491/2943/2869
f 1491/2943/2869 1466/2942/2866 1465/2944/2870
f 1491/2943/2869 1465/2944/2870 1492/2945/2871
f 1492/2945/2871 1465/2944/2870 1464/2946/2872
f 1492/2945/2871 1464/2946/2872 1493/2947/2873
f 1493/2947/2873 1464/2946/2872 1463/2948/2874
f 1493/2947/2873 1463/2948/2874 1494/2949/2875
f 1494/2949/2875 1463/2948/2874 1462/2950/2876
f 1494/2949/2875 1462/2950/2876 1495/2951/2877
f 1495/2951/2877 1462/2950/2876 1461/2952/2878
f 1495/2951/2877 1461/2952/2878 1496/2953/2879
f 1496/2953/2879 1461/2952/2878 1460/2954/2880
f 1460/2955/2880 1459/2956/2881 1496/2957/2879
f 1496/2957/2879 1459/2956/2881 1475/2958/2882
f 1475/2959/2882 1459/2960/2881 1476/2961/2883
f 1476/2961/2883 1459/2960/2881 1458/2962/2884
f 1476/2961/2883 1458/2962/2884 1477/2963/2885
f 1477/2963/2885 1458/2962/2884 1457/2964/2886
f 1477/2963/2885 1457/2964/2886 1478/2965/2887
f 1478/2965/2887 1457/2964/2886 1456/2966/2888
f 1478/2965/2887 1456/2966/2888 1479/2967/2889
f 1479/2967/2889 1456/2966/2888 1455/2968/2890
f 1479/2967/2889 1455/2968/2890 1480/2969/2891
f 1480/2969/2891 1455/2968/2890 1454/2970/2892
f 1480/2969/2891 1454/2970/2892 1481/2971/2893
f 1481/2971/2893 1454/2970/2892 1453/2972/2894
f 1453/2973/2895 1474/2974/2896 1481/2975/2897
f 1481/2975/2897 1474/2974/2896 1482/2976/2898
f 1474/2977/2899 1473/2978/2900 1482/2979/2901
f 1482/2979/2901 1473/2978/2900 1483/2980/2902
f 1483/2981/2902 1473/2982/2900 1484/2983/2903
f 1484/2983/2903 1473/2982/2900 1472/2984/2904
f 1484/2983/2903 1472/2984/2904 1485/2985/2905
f 1485/2985/2905 1472/2984/2904 1471/2986/2906
f 1485/2985/2905 1471/2986/2906 1486/2987/2907
f 1486/2987/2907 1471/2986/2906 1470/2988/2908
f 1486/2987/2907 1470/2988/2908 1487/2989/2909
f 1487/2989/2909 1470/2988/2908 1469/2990/2910
f 1487/2989/2909 1469/2990/2910 1488/2991/2911
f 1488/2991/2911 1469/2990/2910 1468/2992/2912
f 1488/2991/2911 1468/2992/2912 1489/2993/2867
f 1489/2993/2867 1468/2992/2912 1467/2994/2865
g Corpo1 (1) (13)

v 7.584000 0.120000 1.006934
v 7.592908 0.120000 1.019014
v 7.600365 0.120000 1.032041
v 7.606270 0.120000 1.045841
v 7.610545 0.120000 1.060230
v 7.613133 0.120000 1.075015
v 7.614000 0.120000 1.090000
v 7.614000 0.270000 1.090000
v 7.613133 0.270000 1.075015
v 7.610545 0.270000 1.060230
v 7.606270 0.270000 1.045841
v 7.600365 0.270000 1.032041
v 7.592908 0.270000 1.019014
v 7.584000 0.270000 1.006934
v 7.584000 0.270000 0.895000
v 7.584000 0.269489 0.891118
v 7.584000 0.267990 0.887500
v 7.584000 0.265607 0.884393
v 7.584000 0.262500 0.882010
v 7.584000 0.258882 0.880511
v 7.584000 0.255000 0.880000
v 7.584000 0.135000 0.880000
v 7.584000 0.131118 0.880511
v 7.584000 0.127500 0.882010
v 7.584000 0.124393 0.884393
v 7.584000 0.122010 0.887500
v 7.584000 0.120511 0.891118
v 7.584000 0.120000 0.895000
v 7.614000 0.120000 0.895000
v 7.614000 0.120511 0.891118
v 7.614000 0.122010 0.887500
v 7.614000 0.124393 0.884393
v 7.614000 0.127500 0.882010
v 7.614000 0.131118 0.880511
v 7.614000 0.135000 0.880000
v 7.614000 0.255000 0.880000
v 7.614000 0.258882 0.880511
v 7.614000 0.262500 0.882010
v 7.614000 0.265607 0.884393
v 7.614000 0.267990 0.887500
v 7.614000 0.269489 0.891118
v 7.614000 0.270000 0.895000
vt 0.270000 0.090111 0.000000
vt 0.120000 0.090111 0.000000
vt 0.270000 0.075092 0.000000
vt 0.120000 0.075092 0.000000
vt 0.270000 0.060074 0.000000
vt 0.120000 0.060074 0.000000
vt 0.270000 0.045055 0.000000
vt 0.120000 0.045055 0.000000
vt 0.270000 0.030037 0.000000
vt 0.120000 0.030037 0.000000
vt 0.270000 0.015018 0.000000
vt 0.120000 0.015018 0.000000
vt 0.270000 0.000000 0.000000
vt 0.120000 0.000000 0.000000
vt 0.139066 0.350000 0.000000
vt 0.139066 0.200000 0.000000
vt 0.251000 0.350000 0.000000
vt 0.251000 0.200000 0.000000
vt 0.266000 0.215000 0.000000
vt 0.254882 0.200511 0.000000
vt 0.258500 0.202010 0.000000
vt 0.261607 0.204393 0.000000
vt 0.263990 0.207500 0.000000
vt 0.265489 0.211118 0.000000
vt 0.266000 0.335000 0.000000
vt 0.254882 0.349489 0.000000
vt 0.258500 0.347990 0.000000
vt 0.261607 0.345607 0.000000
vt 0.263990 0.342500 0.000000
vt 0.265489 0.338882 0.000000
vt 0.000000 0.350000 0.000000
vt -0.210000 0.335000 0.000000
vt 0.000000 0.200000 0.000000
vt -0.210000 0.215000 0.000000
vt -0.195000 0.200000 0.000000
vt -0.209489 0.211118 0.000000
vt -0.207990 0.207500 0.000000
vt -0.195000 0.350000 0.000000
vt -0.209489 0.338882 0.000000
vt -0.207990 0.342500 0.000000
vt -0.205607 0.345607 0.000000
vt -0.202500 0.347990 0.000000
vt -0.198882 0.349489 0.000000
vt -0.205607 0.204393 0.000000
vt -0.202500 0.202010 0.000000
vt -0.198882 0.200511 0.000000
vt -0.417000 -0.111066 0.000000
vt -0.425908 -0.098986 0.000000
vt -0.417000 -0.223000 0.000000
vt -0.447000 -0.223000 0.000000
vt -0.433365 -0.085959 0.000000
vt -0.439270 -0.072159 0.000000
vt -0.443545 -0.057770 0.000000
vt -0.446133 -0.042985 0.000000
vt -0.447000 -0.028000 0.000000
vt 0.447000 -0.028000 0.000000
vt 0.446133 -0.042985 0.000000
vt 0.447000 -0.223000 0.000000
vt 0.443545 -0.057770 0.000000
vt 0.439270 -0.072159 0.000000
vt 0.433365 -0.085959 0.000000
vt 0.425908 -0.098986 0.000000
vt 0.417000 -0.223000 0.000000
vt 0.417000 -0.111066 0.000000
vt -2.059418 0.023562 0.000000
vt -2.029418 0.023562 0.000000
vt -2.059418 0.027489 0.000000
vt -2.029418 0.027489 0.000000
vt -2.059418 0.031416 0.000000
vt -2.029418 0.031416 0.000000
vt -2.059418 0.035343 0.000000
vt -2.029418 0.035343 0.000000
vt -2.059418 0.039270 0.000000
vt -2.029418 0.039270 0.000000
vt -2.059418 0.043197 0.000000
vt -2.029418 0.043197 0.000000
vt -2.059418 0.047124 0.000000
vt -2.029418 0.047124 0.000000
vt 0.030000 0.135000 0.000000
vt 0.000000 0.135000 0.000000
vt 0.030000 0.015000 0.000000
vt 0.000000 0.015000 0.000000
vt -1.195418 -0.023562 0.000000
vt -1.165418 -0.023562 0.000000
vt -1.195418 -0.019635 0.000000
vt -1.165418 -0.019635 0.000000
vt -1.195418 -0.015708 0.000000
vt -1.165418 -0.015708 0.000000
vt -1.195418 -0.011781 0.000000
vt -1.165418 -0.011781 0.000000
vt -1.195418 -0.007854 0.000000
vt -1.165418 -0.007854 0.000000
vt -1.195418 -0.003927 0.000000
vt -1.165418 -0.003927 0.000000
vt -1.195418 0.000000 0.000000
vt -1.165418 0.000000 0.000000
vn -0.769231 0.000000 0.638971
vn -0.769231 0.000000 0.638971
vn -0.837757 0.000000 0.546043
vn -0.837757 0.000000 0.546043
vn -0.895115 0.000000 0.445835
vn -0.895115 0.000000 0.445835
vn -0.940540 0.000000 0.339683
vn -0.940540 0.000000 0.339683
vn -0.973426 0.000000 0.229003
vn -0.973426 0.000000 0.229003
vn -0.993334 0.000000 0.115270
vn -0.993334 0.000000 0.115270
vn -1.000000 0.000000 0.000000
vn -1.000000 0.000000 0.000000
vn -1.000000 0.000000 0.000000
vn -1.000000 0.000000 0.000000
vn -1.000000 0.000000 0.000000
vn -1.000000 0.000000 0.000000
vn -1.000000 0.000000 0.000000
vn -1.000000 0.000000 0.000000
vn -1.000000 0.000000 0.000000
vn -1.000000 0.000000 0.000000
vn -1.000000 0.000000 0.000000
vn -1.000000 0.000000 0.000000
vn -1.000000 0.000000 0.000000
vn -1.000000 0.000000 0.000000
vn -1.000000 0.000000 0.000000
vn -1.000000 0.000000 0.000000
vn -1.000000 0.000000 0.000000
vn -1.000000 0.000000 0.000000
vn 1.000000 0.000000 0.000000
vn 1.000000 0.000000 0.000000
vn 1.000000 0.000000 0.000000
vn 1.000000 0.000000 0.000000
vn 1.000000 0.000000 0.000000
vn 1.000000 0.000000 0.000000
vn 1.000000 0.000000 0.000000
vn 1.000000 0.000000 0.000000
vn 1.000000 0.000000 0.000000
vn 1.000000 0.000000 0.000000
vn 1.000000 0.000000 0.000000
vn 1.000000 0.000000 0.000000
vn 1.000000 0.000000 0.000000
vn 1.000000 0.000000 0.000000
vn 1.000000 0.000000 0.000000
vn 1.000000 0.000000 0.000000
vn -0.000000 1.000000 -0.000000
vn -0.000000 1.000000 -0.000000
vn -0.000000 1.000000 -0.000000
vn -0.000000 1.000000 -0.000000
vn -0.000000 1.000000 -0.000000
vn -0.000000 1.000000 -0.000000
vn -0.000000 1.000000 -0.000000
vn -0.000000 1.000000 -0.000000
vn -0.000000 1.000000 -0.000000
vn 0.000000 -1.000000 0.000000
vn 0.000000 -1.000000 0.000000
vn 0.000000 -1.000000 0.000000
vn 0.000000 -1.000000 0.000000
vn 0.000000 -1.000000 0.000000
vn 0.000000 -1.000000 0.000000
vn 0.000000 -1.000000 0.000000
vn 0.000000 -1.000000 0.000000
vn 0.000000 -1.000000 0.000000
vn 0.000000 -1.000000 -0.000000
vn 0.000000 -1.000000 -0.000000
vn 0.000000 -0.965926 -0.258819
vn 0.000000 -0.965926 -0.258819
vn 0.000000 -0.866025 -0.500000
vn 0.000000 -0.866025 -0.500000
vn 0.000000 -0.707107 -0.707107
vn 0.000000 -0.707107 -0.707107
vn 0.000000 -0.500000 -0.866025
vn 0.000000 -0.500000 -0.866025
vn 0.000000 -0.258819 -0.965926
vn 0.000000 -0.258819 -0.965926
vn 0.000000 -0.000000 -1.000000
vn -0.000000 0.000000 -1.000000
vn 0.000000 0.000000 -1.000000
vn 0.000000 0.000000 -1.000000
vn 0.000000 0.000000 -1.000000
vn -0.000000 1.000000 -0.000000
vn -0.000000 1.000000 -0.000000
vn -0.000000 0.965926 -0.258819
vn -0.000000 0.965926 -0.258819
vn -0.000000 0.866025 -0.500000
vn -0.000000 0.866025 -0.500000
vn -0.000000 0.707107 -0.707107
vn -0.000000 0.707107 -0.707107
vn -0.000000 0.500000 -0.866025
vn -0.000000 0.500000 -0.866025
vn -0.000000 0.258819 -0.965926
vn -0.000000 0.258819 -0.965926
vn -0.000000 -0.000000 -1.000000
vn -0.000000 -0.000000 -1.000000
usemtl Opaque(202,209,238)
f 1510/2995/2913 1497/2996/2914 1509/2997/2915
f 1509/2997/2915 1497/2996/2914 1498/2998/2916
f 1509/2997/2915 1498/2998/2916 1508/2999/2917
f 1508/2999/2917 1498/2998/2916 1499/3000/2918
f 1508/2999/2917 1499/3000/2918 1507/3001/2919
f 1507/3001/2919 1499/3000/2918 1500/3002/2920
f 1507/3001/2919 1500/3002/2920 1506/3003/2921
f 1506/3003/2921 1500/3002/2920 1501/3004/2922
f 1506/3003/2921 1501/3004/2922 1505/3005/2923
f 1505/3005/2923 1501/3004/2922 1502/3006/2924
f 1505/3005/2923 1502/3006/2924 1504/3007/2925
f 1504/3007/2925 1502/3006/2924 1503/3008/2926
usemtl Opaque(229,229,229)
f 1497/3009/2927 1510/3010/2928 1524/3011/2929
f 1524/3011/2929 1510/3010/2928 1511/3012/2930
f 1524/3011/2929 1511/3012/2930 1517/3013/2931
f 1517/3013/2931 1511/3012/2930 1512/3014/2932
f 1517/3013/2931 1512/3014/2932 1513/3015/2933
f 1513/3015/2933 1514/3016/2934 1517/3013/2931
f 1517/3013/2931 1514/3016/2934 1515/3017/2935
f 1517/3013/2931 1515/3017/2935 1516/3018/2936
f 1517/3013/2931 1518/3019/2937 1524/3011/2929
f 1524/3011/2929 1518/3019/2937 1523/3020/2938
f 1523/3020/2938 1518/3019/2937 1522/3021/2939
f 1522/3021/2939 1518/3019/2937 1521/3022/2940
f 1521/3022/2940 1518/3019/2937 1520/3023/2941
f 1520/3023/2941 1518/3019/2937 1519/3024/2942
f 1503/3025/2943 1531/3026/2944 1504/3027/2945
f 1504/3027/2945 1531/3026/2944 1532/3028/2946
f 1504/3027/2945 1532/3028/2946 1538/3029/2947
f 1538/3029/2947 1532/3028/2946 1533/3030/2948
f 1538/3029/2947 1533/3030/2948 1534/3031/2949
f 1503/3025/2943 1525/3032/2950 1531/3026/2944
f 1531/3026/2944 1525/3032/2950 1530/3033/2951
f 1530/3033/2951 1525/3032/2950 1529/3034/2952
f 1529/3034/2952 1525/3032/2950 1528/3035/2953
f 1528/3035/2953 1525/3032/2950 1527/3036/2954
f 1527/3036/2954 1525/3032/2950 1526/3037/2955
f 1534/3031/2949 1535/3038/2956 1538/3029/2947
f 1538/3029/2947 1535/3038/2956 1536/3039/2957
f 1538/3029/2947 1536/3039/2957 1537/3040/2958
f 1510/3041/2959 1509/3042/2960 1511/3043/2961
f 1511/3043/2961 1509/3042/2960 1538/3044/2962
f 1538/3044/2962 1509/3042/2960 1508/3045/2963
f 1538/3044/2962 1508/3045/2963 1507/3046/2964
f 1507/3046/2964 1506/3047/2965 1538/3044/2962
f 1538/3044/2962 1506/3047/2965 1505/3048/2966
f 1538/3044/2962 1505/3048/2966 1504/3049/2967
f 1503/3050/2968 1502/3051/2969 1525/3052/2970
f 1525/3052/2970 1502/3051/2969 1501/3053/2971
f 1525/3052/2970 1501/3053/2971 1500/3054/2972
f 1500/3054/2972 1499/3055/2973 1525/3052/2970
f 1525/3052/2970 1499/3055/2973 1498/3056/2974
f 1525/3052/2970 1498/3056/2974 1524/3057/2975
f 1524/3057/2975 1498/3056/2974 1497/3058/2976
f 1525/3059/2977 1524/3060/2978 1526/3061/2979
f 1526/3061/2979 1524/3060/2978 1523/3062/2980
f 1526/3061/2979 1523/3062/2980 1527/3063/2981
f 1527/3063/2981 1523/3062/2980 1522/3064/2982
f 1527/3063/2981 1522/3064/2982 1528/3065/2983
f 1528/3065/2983 1522/3064/2982 1521/3066/2984
f 1528/3065/2983 1521/3066/2984 1529/3067/2985
f 1529/3067/2985 1521/3066/2984 1520/3068/2986
f 1529/3067/2985 1520/3068/2986 1530/3069/2987
f 1530/3069/2987 1520/3068/2986 1519/3070/2988
f 1530/3069/2987 1519/3070/2988 1531/3071/2989
f 1531/3071/2989 1519/3070/2988 1518/3072/2990
f 1531/3073/2989 1518/3074/2991 1532/3075/2992
f 1532/3075/2992 1518/3074/2991 1517/3076/2993
f 1511/3077/2994 1538/3078/2995 1512/3079/2996
f 1512/3079/2996 1538/3078/2995 1537/3080/2997
f 1512/3079/2996 1537/3080/2997 1513/3081/2998
f 1513/3081/2998 1537/3080/2997 1536/3082/2999
f 1513/3081/2998 1536/3082/2999 1514/3083/3000
f 1514/3083/3000 1536/3082/2999 1535/3084/3001
f 1514/3083/3000 1535/3084/3001 1515/3085/3002
f 1515/3085/3002 1535/3084/3001 1534/3086/3003
f 1515/3085/3002 1534/3086/3003 1516/3087/3004
f 1516/3087/3004 1534/3086/3003 1533/3088/3005
f 1516/3087/3004 1533/3088/3005 1517/3089/3006
f 1517/3089/3006 1533/3088/3005 1532/3090/3007
g Corpo1 (1) (15)

v 6.720000 0.120000 1.090000
v 6.720867 0.120000 1.075015
v 6.723455 0.120000 1.060230
v 6.727730 0.120000 1.045841
v 6.733635 0.120000 1.032041
v 6.741092 0.120000 1.019014
v 6.750000 0.120000 1.006934
v 6.750000 0.270000 1.006934
v 6.741092 0.270000 1.019014
v 6.733635 0.270000 1.032041
v 6.727730 0.270000 1.045841
v 6.723455 0.270000 1.060230
v 6.720867 0.270000 1.075015
v 6.720000 0.270000 1.090000
v 6.720000 0.120000 0.895000
v 6.750000 0.120000 0.895000
v 6.750000 0.120511 0.891118
v 6.750000 0.122010 0.887500
v 6.750000 0.124393 0.884393
v 6.750000 0.127500 0.882010
v 6.750000 0.131118 0.880511
v 6.750000 0.135000 0.880000
v 6.750000 0.255000 0.880000
v 6.750000 0.258882 0.880511
v 6.750000 0.262500 0.882010
v 6.750000 0.265607 0.884393
v 6.750000 0.267990 0.887500
v 6.750000 0.269489 0.891118
v 6.750000 0.270000 0.895000
v 6.720000 0.270000 0.895000
v 6.720000 0.269489 0.891118
v 6.720000 0.267990 0.887500
v 6.720000 0.265607 0.884393
v 6.720000 0.262500 0.882010
v 6.720000 0.258882 0.880511
v 6.720000 0.255000 0.880000
v 6.720000 0.135000 0.880000
v 6.720000 0.131118 0.880511
v 6.720000 0.127500 0.882010
v 6.720000 0.124393 0.884393
v 6.720000 0.122010 0.887500
v 6.720000 0.120511 0.891118
vt 0.270000 0.204204 0.000000
vt 0.120000 0.204204 0.000000
vt 0.270000 0.189185 0.000000
vt 0.120000 0.189185 0.000000
vt 0.270000 0.174167 0.000000
vt 0.120000 0.174167 0.000000
vt 0.270000 0.159148 0.000000
vt 0.120000 0.159148 0.000000
vt 0.270000 0.144130 0.000000
vt 0.120000 0.144130 0.000000
vt 0.270000 0.129111 0.000000
vt 0.120000 0.129111 0.000000
vt 0.270000 0.114093 0.000000
vt 0.120000 0.114093 0.000000
vt -0.417000 -0.111066 0.000000
vt -0.425908 -0.098986 0.000000
vt -0.417000 -0.223000 0.000000
vt -0.447000 -0.223000 0.000000
vt -0.433365 -0.085959 0.000000
vt -0.439270 -0.072159 0.000000
vt -0.443545 -0.057770 0.000000
vt -0.446133 -0.042985 0.000000
vt -0.447000 -0.028000 0.000000
vt -0.083066 0.350000 0.000000
vt -0.195000 0.350000 0.000000
vt -0.083066 0.200000 0.000000
vt -0.195000 0.200000 0.000000
vt -0.210000 0.215000 0.000000
vt -0.198882 0.200511 0.000000
vt -0.202500 0.202010 0.000000
vt -0.205607 0.204393 0.000000
vt -0.207990 0.207500 0.000000
vt -0.209489 0.211118 0.000000
vt -0.210000 0.335000 0.000000
vt -0.198882 0.349489 0.000000
vt -0.202500 0.347990 0.000000
vt -0.205607 0.345607 0.000000
vt -0.207990 0.342500 0.000000
vt -0.209489 0.338882 0.000000
vt 0.251000 0.350000 0.000000
vt 0.056000 0.350000 0.000000
vt 0.266000 0.335000 0.000000
vt 0.056000 0.200000 0.000000
vt 0.266000 0.215000 0.000000
vt 0.251000 0.200000 0.000000
vt 0.265489 0.211118 0.000000
vt 0.263990 0.207500 0.000000
vt 0.261607 0.204393 0.000000
vt 0.258500 0.202010 0.000000
vt 0.254882 0.200511 0.000000
vt 0.265489 0.338882 0.000000
vt 0.263990 0.342500 0.000000
vt 0.261607 0.345607 0.000000
vt 0.258500 0.347990 0.000000
vt 0.254882 0.349489 0.000000
vt 0.447000 -0.028000 0.000000
vt 0.446133 -0.042985 0.000000
vt 0.447000 -0.223000 0.000000
vt 0.443545 -0.057770 0.000000
vt 0.439270 -0.072159 0.000000
vt 0.433365 -0.085959 0.000000
vt 0.425908 -0.098986 0.000000
vt 0.417000 -0.223000 0.000000
vt 0.417000 -0.111066 0.000000
vt -1.195418 0.023562 0.000000
vt -1.165418 0.023562 0.000000
vt -1.195418 0.027489 0.000000
vt -1.165418 0.027489 0.000000
vt -1.195418 0.031416 0.000000
vt -1.165418 0.031416 0.000000
vt -1.195418 0.035343 0.000000
vt -1.165418 0.035343 0.000000
vt -1.195418 0.039270 0.000000
vt -1.165418 0.039270 0.000000
vt -1.195418 0.043197 0.000000
vt -1.165418 0.043197 0.000000
vt -1.195418 0.047124 0.000000
vt -1.165418 0.047124 0.000000
vt 0.030000 0.135000 0.000000
vt 0.000000 0.135000 0.000000
vt 0.030000 0.015000 0.000000
vt 0.000000 0.015000 0.000000
vt -2.059418 -0.023562 0.000000
vt -2.029418 -0.023562 0.000000
vt -2.059418 -0.019635 0.000000
vt -2.029418 -0.019635 0.000000
vt -2.059418 -0.015708 0.000000
vt -2.029418 -0.015708 0.000000
vt -2.059418 -0.011781 0.000000
vt -2.029418 -0.011781 0.000000
vt -2.059418 -0.007854 0.000000
vt -2.029418 -0.007854 0.000000
vt -2.059418 -0.003927 0.000000
vt -2.029418 -0.003927 0.000000
vt -2.059418 0.000000 0.000000
vt -2.029418 0.000000 0.000000
vn 1.000000 -0.000000 0.000000
vn 1.000000 -0.000000 0.000000
vn 0.993334 -0.000000 0.115270
vn 0.993334 -0.000000 0.115270
vn 0.973426 -0.000000 0.229003
vn 0.973426 -0.000000 0.229003
vn 0.940540 -0.000000 0.339683
vn 0.940540 -0.000000 0.339683
vn 0.895115 -0.000000 0.445835
vn 0.895115 -0.000000 0.445835
vn 0.837757 -0.000000 0.546043
vn 0.837757 -0.000000 0.546043
vn 0.769231 -0.000000 0.638971
vn 0.769231 -0.000000 0.638971
vn 0.000000 -1.000000 0.000000
vn 0.000000 -1.000000 0.000000
vn 0.000000 -1.000000 0.000000
vn 0.000000 -1.000000 0.000000
vn 0.000000 -1.000000 0.000000
vn 0.000000 -1.000000 0.000000
vn 0.000000 -1.000000 0.000000
vn 0.000000 -1.000000 0.000000
vn 0.000000 -1.000000 0.000000
vn 1.000000 0.000000 0.000000
vn 1.000000 0.000000 0.000000
vn 1.000000 0.000000 0.000000
vn 1.000000 0.000000 0.000000
vn 1.000000 0.000000 0.000000
vn 1.000000 0.000000 0.000000
vn 1.000000 0.000000 0.000000
vn 1.000000 0.000000 0.000000
vn 1.000000 0.000000 0.000000
vn 1.000000 0.000000 0.000000
vn 1.000000 0.000000 0.000000
vn 1.000000 0.000000 0.000000
vn 1.000000 0.000000 0.000000
vn 1.000000 0.000000 0.000000
vn 1.000000 0.000000 0.000000
vn 1.000000 0.000000 0.000000
vn -1.000000 0.000000 0.000000
vn -1.000000 0.000000 0.000000
vn -1.000000 0.000000 0.000000
vn -1.000000 0.000000 0.000000
vn -1.000000 0.000000 0.000000
vn -1.000000 0.000000 0.000000
vn -1.000000 0.000000 0.000000
vn -1.000000 0.000000 0.000000
vn -1.000000 0.000000 0.000000
vn -1.000000 0.000000 0.000000
vn -1.000000 0.000000 0.000000
vn -1.000000 0.000000 0.000000
vn -1.000000 0.000000 0.000000
vn -1.000000 0.000000 0.000000
vn -1.000000 0.000000 0.000000
vn -1.000000 0.000000 0.000000
vn -0.000000 1.000000 -0.000000
vn -0.000000 1.000000 -0.000000
vn -0.000000 1.000000 -0.000000
vn -0.000000 1.000000 -0.000000
vn -0.000000 1.000000 -0.000000
vn -0.000000 1.000000 -0.000000
vn -0.000000 1.000000 -0.000000
vn -0.000000 1.000000 -0.000000
vn -0.000000 1.000000 -0.000000
vn 0.000000 -1.000000 -0.000000
vn 0.000000 -1.000000 -0.000000
vn 0.000000 -0.965926 -0.258819
vn 0.000000 -0.965926 -0.258819
vn 0.000000 -0.866025 -0.500000
vn 0.000000 -0.866025 -0.500000
vn 0.000000 -0.707107 -0.707107
vn 0.000000 -0.707107 -0.707107
vn 0.000000 -0.500000 -0.866025
vn 0.000000 -0.500000 -0.866025
vn 0.000000 -0.258819 -0.965926
vn 0.000000 -0.258819 -0.965926
vn 0.000000 -0.000000 -1.000000
vn -0.000000 0.000000 -1.000000
vn 0.000000 0.000000 -1.000000
vn 0.000000 0.000000 -1.000000
vn 0.000000 0.000000 -1.000000
vn -0.000000 1.000000 -0.000000
vn -0.000000 1.000000 -0.000000
vn -0.000000 0.965926 -0.258819
vn -0.000000 0.965926 -0.258819
vn -0.000000 0.866025 -0.500000
vn -0.000000 0.866025 -0.500000
vn -0.000000 0.707107 -0.707107
vn -0.000000 0.707107 -0.707107
vn -0.000000 0.500000 -0.866025
vn -0.000000 0.500000 -0.866025
vn -0.000000 0.258819 -0.965926
vn -0.000000 0.258819 -0.965926
vn -0.000000 -0.000000 -1.000000
vn -0.000000 -0.000000 -1.000000
usemtl Opaque(202,209,238)
f 1552/3091/3008 1539/3092/3009 1551/3093/3010
f 1551/3093/3010 1539/3092/3009 1540/3094/3011
f 1551/3093/3010 1540/3094/3011 1550/3095/3012
f 1550/3095/3012 1540/3094/3011 1541/3096/3013
f 1550/3095/3012 1541/3096/3013 1549/3097/3014
f 1549/3097/3014 1541/3096/3013 1542/3098/3015
f 1549/3097/3014 1542/3098/3015 1548/3099/3016
f 1548/3099/3016 1542/3098/3015 1543/3100/3017
f 1548/3099/3016 1543/3100/3017 1547/3101/3018
f 1547/3101/3018 1543/3100/3017 1544/3102/3019
f 1547/3101/3018 1544/3102/3019 1546/3103/3020
f 1546/3103/3020 1544/3102/3019 1545/3104/3021
usemtl Opaque(229,229,229)
f 1545/3105/3022 1544/3106/3023 1554/3107/3024
f 1554/3107/3024 1544/3106/3023 1553/3108/3025
f 1553/3108/3025 1544/3106/3023 1543/3109/3026
f 1553/3108/3025 1543/3109/3026 1542/3110/3027
f 1542/3110/3027 1541/3111/3028 1553/3108/3025
f 1553/3108/3025 1541/3111/3028 1540/3112/3029
f 1553/3108/3025 1540/3112/3029 1539/3113/3030
f 1545/3114/3031 1554/3115/3032 1546/3116/3033
f 1546/3116/3033 1554/3115/3032 1567/3117/3034
f 1567/3117/3034 1554/3115/3032 1561/3118/3035
f 1567/3117/3034 1561/3118/3035 1566/3119/3036
f 1566/3119/3036 1561/3118/3035 1565/3120/3037
f 1565/3120/3037 1561/3118/3035 1564/3121/3038
f 1564/3121/3038 1561/3118/3035 1563/3122/3039
f 1563/3122/3039 1561/3118/3035 1562/3123/3040
f 1561/3118/3035 1554/3115/3032 1560/3124/3041
f 1560/3124/3041 1554/3115/3032 1555/3125/3042
f 1560/3124/3041 1555/3125/3042 1556/3126/3043
f 1556/3126/3043 1557/3127/3044 1560/3124/3041
f 1560/3124/3041 1557/3127/3044 1558/3128/3045
f 1560/3124/3041 1558/3128/3045 1559/3129/3046
f 1553/3130/3047 1539/3131/3048 1575/3132/3049
f 1575/3132/3049 1539/3131/3048 1552/3133/3050
f 1575/3132/3049 1552/3133/3050 1574/3134/3051
f 1574/3134/3051 1552/3133/3050 1568/3135/3052
f 1574/3134/3051 1568/3135/3052 1573/3136/3053
f 1573/3136/3053 1568/3135/3052 1572/3137/3054
f 1572/3137/3054 1568/3135/3052 1571/3138/3055
f 1571/3138/3055 1568/3135/3052 1570/3139/3056
f 1570/3139/3056 1568/3135/3052 1569/3140/3057
f 1575/3132/3049 1576/3141/3058 1553/3130/3047
f 1553/3130/3047 1576/3141/3058 1577/3142/3059
f 1553/3130/3047 1577/3142/3059 1578/3143/3060
f 1578/3143/3060 1579/3144/3061 1553/3130/3047
f 1553/3130/3047 1579/3144/3061 1580/3145/3062
f 1552/3146/3063 1551/3147/3064 1568/3148/3065
f 1568/3148/3065 1551/3147/3064 1550/3149/3066
f 1568/3148/3065 1550/3149/3066 1549/3150/3067
f 1549/3150/3067 1548/3151/3068 1568/3148/3065
f 1568/3148/3065 1548/3151/3068 1547/3152/3069
f 1568/3148/3065 1547/3152/3069 1567/3153/3070
f 1567/3153/3070 1547/3152/3069 1546/3154/3071
f 1554/3155/3072 1553/3156/3073 1555/3157/3074
f 1555/3157/3074 1553/3156/3073 1580/3158/3075
f 1555/3157/3074 1580/3158/3075 1556/3159/3076
f 1556/3159/3076 1580/3158/3075 1579/3160/3077
f 1556/3159/3076 1579/3160/3077 1557/3161/3078
f 1557/3161/3078 1579/3160/3077 1578/3162/3079
f 1557/3161/3078 1578/3162/3079 1558/3163/3080
f 1558/3163/3080 1578/3162/3079 1577/3164/3081
f 1558/3163/3080 1577/3164/3081 1559/3165/3082
f 1559/3165/3082 1577/3164/3081 1576/3166/3083
f 1559/3165/3082 1576/3166/3083 1560/3167/3084
f 1560/3167/3084 1576/3166/3083 1575/3168/3085
f 1560/3169/3084 1575/3170/3086 1561/3171/3087
f 1561/3171/3087 1575/3170/3086 1574/3172/3088
f 1568/3173/3089 1567/3174/3090 1569/3175/3091
f 1569/3175/3091 1567/3174/3090 1566/3176/3092
f 1569/3175/3091 1566/3176/3092 1570/3177/3093
f 1570/3177/3093 1566/3176/3092 1565/3178/3094
f 1570/3177/3093 1565/3178/3094 1571/3179/3095
f 1571/3179/3095 1565/3178/3094 1564/3180/3096
f 1571/3179/3095 1564/3180/3096 1572/3181/3097
f 1572/3181/3097 1564/3180/3096 1563/3182/3098
f 1572/3181/3097 1563/3182/3098 1573/3183/3099
f 1573/3183/3099 1563/3182/3098 1562/3184/3100
f 1573/3183/3099 1562/3184/3100 1574/3185/3101
f 1574/3185/3101 1562/3184/3100 1561/3186/3102
g Corpo84

v 17.000000 12.000000 0.300000
v 17.034074 12.258819 0.300000
v 17.133975 12.500000 0.300000
v 17.292893 12.707107 0.300000
v 17.500000 12.866025 0.300000
v 17.741181 12.965926 0.300000
v 18.000000 13.000000 0.300000
v 18.000000 13.000000 0.000000
v 17.741181 12.965926 0.000000
v 17.500000 12.866025 0.000000
v 17.292893 12.707107 0.000000
v 17.133975 12.500000 0.000000
v 17.034074 12.258819 0.000000
v 17.000000 12.000000 0.000000
v 25.000000 13.000000 0.300000
v 32.000000 13.000000 0.300000
v 32.000000 13.000000 0.000000
v 25.000000 13.000000 0.000000
v 17.329528 12.624698 0.300000
v 24.914764 12.624698 0.300000
v 32.500000 12.624698 0.300000
v 32.500000 6.762349 0.300000
v 32.500000 0.900000 0.300000
v 32.600000 0.900000 0.300000
v 32.600000 0.400000 0.300000
v 25.200000 0.400000 0.300000
v 17.800000 0.400000 0.300000
v 17.800000 0.500000 0.300000
v 17.329528 0.500000 0.300000
v 17.329528 6.562349 0.300000
v 17.000000 1.000000 0.300000
v 17.034074 0.741181 0.300000
v 17.133975 0.500000 0.300000
v 17.292893 0.292893 0.300000
v 17.500000 0.133975 0.300000
v 17.741181 0.034074 0.300000
v 18.000000 0.000000 0.300000
v 25.000000 0.000000 0.300000
v 32.000000 0.000000 0.300000
v 32.258819 0.034074 0.300000
v 32.500000 0.133975 0.300000
v 32.707107 0.292893 0.300000
v 32.866025 0.500000 0.300000
v 32.965926 0.741181 0.300000
v 33.000000 1.000000 0.300000
v 33.000000 12.000000 0.300000
v 32.965926 12.258819 0.300000
v 32.866025 12.500000 0.300000
v 32.707107 12.707107 0.300000
v 32.500000 12.866025 0.300000
v 32.258819 12.965926 0.300000
v 33.000000 12.000000 0.000000
v 32.965926 12.258819 0.000000
v 32.866025 12.500000 0.000000
v 32.707107 12.707107 0.000000
v 32.500000 12.866025 0.000000
v 32.258819 12.965926 0.000000
v 33.000000 1.000000 0.000000
v 32.000000 0.000000 0.000000
v 32.258819 0.034074 0.000000
v 32.500000 0.133975 0.000000
v 32.707107 0.292893 0.000000
v 32.866025 0.500000 0.000000
v 32.965926 0.741181 0.000000
v 18.000000 0.000000 0.000000
v 25.000000 0.000000 0.000000
v 17.000000 1.000000 0.000000
v 17.034074 0.741181 0.000000
v 17.133975 0.500000 0.000000
v 17.292893 0.292893 0.000000
v 17.500000 0.133975 0.000000
v 17.741181 0.034074 0.000000
v 17.329528 0.500000 0.000000
v 17.329528 6.562349 0.000000
v 17.329528 12.624698 0.000000
v 17.800000 0.500000 0.000000
v 17.800000 0.400000 0.000000
v 32.600000 0.400000 0.000000
v 25.200000 0.400000 0.000000
v 32.600000 0.900000 0.000000
v 32.500000 0.900000 0.000000
v 32.500000 12.624698 0.000000
v 32.500000 6.762349 0.000000
v 24.914764 12.624698 0.000000
vt -0.000000 0.785398 0.000000
vt -0.300000 0.785398 0.000000
vt -0.000000 0.523599 0.000000
vt -0.300000 0.523599 0.000000
vt -0.000000 0.261799 0.000000
vt -0.300000 0.261799 0.000000
vt -0.000000 -0.000000 0.000000
vt -0.300000 -0.000000 0.000000
vt -0.000000 -0.261799 0.000000
vt -0.300000 -0.261799 0.000000
vt -0.000000 -0.523599 0.000000
vt -0.300000 -0.523599 0.000000
vt -0.000000 -0.785398 0.000000
vt -0.300000 -0.785398 0.000000
vt 15.000000 0.300000 0.000000
vt 8.000000 0.300000 0.000000
vt 15.000000 0.000000 0.000000
vt 8.000000 0.000000 0.000000
vt 1.000000 0.300000 0.000000
vt 1.000000 0.000000 0.000000
vt -0.085236 6.124698 0.000000
vt -7.000000 6.500000 0.000000
vt -7.670472 6.124698 0.000000
vt -7.258819 6.465926 0.000000
vt -7.500000 6.366025 0.000000
vt 7.500000 6.124698 0.000000
vt 7.000000 6.500000 0.000000
vt 0.000000 6.500000 0.000000
vt 7.500000 0.262349 0.000000
vt 8.000000 5.500000 0.000000
vt 7.965926 5.758819 0.000000
vt 7.866025 6.000000 0.000000
vt 8.000000 -5.500000 0.000000
vt 7.500000 -5.600000 0.000000
vt 7.600000 -5.600000 0.000000
vt 7.600000 -6.100000 0.000000
vt 7.866025 -6.000000 0.000000
vt 7.965926 -5.758819 0.000000
vt 0.200000 -6.100000 0.000000
vt 7.000000 -6.500000 0.000000
vt 7.258819 -6.465926 0.000000
vt 7.500000 -6.366025 0.000000
vt 0.000000 -6.500000 0.000000
vt -7.200000 -6.100000 0.000000
vt -7.000000 -6.500000 0.000000
vt -7.258819 -6.465926 0.000000
vt -7.500000 -6.366025 0.000000
vt -7.707107 -6.207107 0.000000
vt -7.670472 -6.000000 0.000000
vt -7.866025 -6.000000 0.000000
vt -7.965926 -5.758819 0.000000
vt -8.000000 -5.500000 0.000000
vt -7.670472 0.062349 0.000000
vt -8.000000 5.500000 0.000000
vt -7.965926 5.758819 0.000000
vt -7.866025 6.000000 0.000000
vt -7.707107 6.207107 0.000000
vt -7.200000 -6.000000 0.000000
vt 7.707107 -6.207107 0.000000
vt 7.707107 6.207107 0.000000
vt 7.500000 6.366025 0.000000
vt 7.258819 6.465926 0.000000
vt -0.000000 0.785398 0.000000
vt -0.300000 0.785398 0.000000
vt -0.000000 0.523599 0.000000
vt -0.300000 0.523599 0.000000
vt -0.000000 0.261799 0.000000
vt -0.300000 0.261799 0.000000
vt -0.000000 0.000000 0.000000
vt -0.300000 0.000000 0.000000
vt -0.000000 -0.261799 0.000000
vt -0.300000 -0.261799 0.000000
vt -0.000000 -0.523599 0.000000
vt -0.300000 -0.523599 0.000000
vt -0.000000 -0.785398 0.000000
vt -0.300000 -0.785398 0.000000
vt 12.000000 0.300000 0.000000
vt 1.000000 0.300000 0.000000
vt 12.000000 0.000000 0.000000
vt 1.000000 0.000000 0.000000
vt -0.000000 0.785398 0.000000
vt -0.300000 0.785398 0.000000
vt -0.000000 0.523599 0.000000
vt -0.300000 0.523599 0.000000
vt -0.000000 0.261799 0.000000
vt -0.300000 0.261799 0.000000
vt -0.000000 -0.000000 0.000000
vt -0.300000 -0.000000 0.000000
vt -0.000000 -0.261799 0.000000
vt -0.300000 -0.261799 0.000000
vt -0.000000 -0.523599 0.000000
vt -0.300000 -0.523599 0.000000
vt -0.000000 -0.785398 0.000000
vt -0.300000 -0.785398 0.000000
vt 15.000000 0.300000 0.000000
vt 8.000000 0.300000 0.000000
vt 15.000000 0.000000 0.000000
vt 8.000000 0.000000 0.000000
vt 1.000000 0.300000 0.000000
vt 1.000000 0.000000 0.000000
vt -0.000000 0.785398 0.000000
vt -0.300000 0.785398 0.000000
vt -0.000000 0.523599 0.000000
vt -0.300000 0.523599 0.000000
vt -0.000000 0.261799 0.000000
vt -0.300000 0.261799 0.000000
vt -0.000000 0.000000 0.000000
vt -0.300000 0.000000 0.000000
vt -0.000000 -0.261799 0.000000
vt -0.300000 -0.261799 0.000000
vt -0.000000 -0.523599 0.000000
vt -0.300000 -0.523599 0.000000
vt -0.000000 -0.785398 0.000000
vt -0.300000 -0.785398 0.000000
vt 0.000000 0.000000 0.000000
vt 6.062349 0.000000 0.000000
vt 0.000000 0.300000 0.000000
vt 6.062349 0.300000 0.000000
vt 12.124698 0.000000 0.000000
vt 12.124698 0.300000 0.000000
vt 0.000000 0.000000 0.000000
vt 0.470472 0.000000 0.000000
vt 0.000000 0.300000 0.000000
vt 0.470472 0.300000 0.000000
vt 0.000000 0.000000 0.000000
vt 0.100000 0.000000 0.000000
vt 0.000000 0.300000 0.000000
vt 0.100000 0.300000 0.000000
vt 0.000000 0.000000 0.000000
vt 7.400000 0.000000 0.000000
vt 0.000000 0.300000 0.000000
vt 7.400000 0.300000 0.000000
vt 14.800000 0.000000 0.000000
vt 14.800000 0.300000 0.000000
vt 0.000000 0.000000 0.000000
vt 0.500000 0.000000 0.000000
vt 0.000000 0.300000 0.000000
vt 0.500000 0.300000 0.000000
vt 0.000000 0.000000 0.000000
vt 0.100000 0.000000 0.000000
vt 0.000000 0.300000 0.000000
vt 0.100000 0.300000 0.000000
vt 0.000000 0.000000 0.000000
vt 5.862349 0.000000 0.000000
vt 0.000000 0.300000 0.000000
vt 5.862349 0.300000 0.000000
vt 11.724698 0.000000 0.000000
vt 11.724698 0.300000 0.000000
vt 0.000000 0.000000 0.000000
vt 7.585236 0.000000 0.000000
vt 0.000000 0.300000 0.000000
vt 7.585236 0.300000 0.000000
vt 15.170472 0.000000 0.000000
vt 15.170472 0.300000 0.000000
vt 1.000000 0.000000 0.000000
vt 12.000000 0.000000 0.000000
vt 1.000000 0.300000 0.000000
vt 12.000000 0.300000 0.000000
vt 7.965926 5.758819 0.000000
vt 7.670472 6.124698 0.000000
vt 8.000000 5.500000 0.000000
vt 7.670472 0.062349 0.000000
vt 8.000000 -5.500000 0.000000
vt 7.670472 -6.000000 0.000000
vt 7.965926 -5.758819 0.000000
vt 7.866025 -6.000000 0.000000
vt 7.707107 -6.207107 0.000000
vt 7.200000 -6.100000 0.000000
vt 7.500000 -6.366025 0.000000
vt 7.258819 -6.465926 0.000000
vt 7.000000 -6.500000 0.000000
vt -0.000000 -6.500000 0.000000
vt -0.200000 -6.100000 0.000000
vt -7.000000 -6.500000 0.000000
vt -7.600000 -6.100000 0.000000
vt -7.258819 -6.465926 0.000000
vt -7.500000 -6.366025 0.000000
vt -7.707107 -6.207107 0.000000
vt -7.866025 -6.000000 0.000000
vt -7.600000 -5.600000 0.000000
vt -7.965926 -5.758819 0.000000
vt -8.000000 -5.500000 0.000000
vt -7.500000 -5.600000 0.000000
vt -7.500000 0.262349 0.000000
vt 7.866025 6.000000 0.000000
vt 7.707107 6.207107 0.000000
vt 7.500000 6.366025 0.000000
vt 7.258819 6.465926 0.000000
vt 7.000000 6.500000 0.000000
vt 0.085236 6.124698 0.000000
vt -0.000000 6.500000 0.000000
vt -7.000000 6.500000 0.000000
vt -7.500000 6.124698 0.000000
vt -7.258819 6.465926 0.000000
vt -7.500000 6.366025 0.000000
vt -7.707107 6.207107 0.000000
vt -7.866025 6.000000 0.000000
vt -7.965926 5.758819 0.000000
vt -8.000000 5.500000 0.000000
vt 7.200000 -6.000000 0.000000
vn -1.000000 -0.000000 0.000000
vn -1.000000 -0.000000 0.000000
vn -0.965926 0.258819 -0.000000
vn -0.965926 0.258819 -0.000000
vn -0.866025 0.500000 -0.000000
vn -0.866025 0.500000 -0.000000
vn -0.707107 0.707107 -0.000000
vn -0.707107 0.707107 -0.000000
vn -0.500000 0.866025 -0.000000
vn -0.500000 0.866025 -0.000000
vn -0.258819 0.965926 -0.000000
vn -0.258819 0.965926 -0.000000
vn -0.000000 1.000000 -0.000000
vn -0.000000 1.000000 -0.000000
vn 0.000000 1.000000 0.000000
vn 0.000000 1.000000 0.000000
vn 0.000000 1.000000 0.000000
vn 0.000000 1.000000 0.000000
vn 0.000000 0.000000 1.000000
vn 0.000000 0.000000 1.000000
vn 0.000000 0.000000 1.000000
vn 0.000000 0.000000 1.000000
vn 0.000000 0.000000 1.000000
vn 0.000000 0.000000 1.000000
vn 0.000000 0.000000 1.000000
vn 0.000000 0.000000 1.000000
vn 0.000000 0.000000 1.000000
vn 0.000000 0.000000 1.000000
vn 0.000000 0.000000 1.000000
vn 0.000000 0.000000 1.000000
vn 0.000000 0.000000 1.000000
vn 0.000000 0.000000 1.000000
vn 0.000000 0.000000 1.000000
vn 0.000000 0.000000 1.000000
vn 0.000000 0.000000 1.000000
vn 0.000000 0.000000 1.000000
vn 0.000000 0.000000 1.000000
vn 0.000000 0.000000 1.000000
vn 0.000000 0.000000 1.000000
vn 0.000000 0.000000 1.000000
vn 0.000000 0.000000 1.000000
vn 0.000000 0.000000 1.000000
vn 0.000000 0.000000 1.000000
vn 0.000000 0.000000 1.000000
vn 0.000000 0.000000 1.000000
vn 0.000000 0.000000 1.000000
vn 0.000000 0.000000 1.000000
vn 0.000000 0.000000 1.000000
vn 0.000000 0.000000 1.000000
vn 0.000000 0.000000 1.000000
vn 0.000000 0.000000 1.000000
vn 0.000000 0.000000 1.000000
vn 0.000000 0.000000 1.000000
vn 0.000000 0.000000 1.000000
vn 0.000000 0.000000 1.000000
vn 0.000000 0.000000 1.000000
vn 0.000000 0.000000 1.000000
vn 0.000000 0.000000 1.000000
vn 0.000000 0.000000 1.000000
vn 0.000000 0.000000 1.000000
vn 0.258819 0.965926 -0.000000
vn 0.258819 0.965926 -0.000000
vn 0.500000 0.866025 -0.000000
vn 0.500000 0.866025 -0.000000
vn 0.707107 0.707107 -0.000000
vn 0.707107 0.707107 -0.000000
vn 0.866025 0.500000 -0.000000
vn 0.866025 0.500000 -0.000000
vn 0.965926 0.258819 -0.000000
vn 0.965926 0.258819 -0.000000
vn 1.000000 -0.000000 -0.000000
vn 1.000000 -0.000000 -0.000000
vn 1.000000 0.000000 0.000000
vn 1.000000 0.000000 0.000000
vn 0.965926 -0.258819 -0.000000
vn 0.965926 -0.258819 -0.000000
vn 0.866025 -0.500000 -0.000000
vn 0.866025 -0.500000 -0.000000
vn 0.707107 -0.707107 -0.000000
vn 0.707107 -0.707107 -0.000000
vn 0.500000 -0.866025 -0.000000
vn 0.500000 -0.866025 -0.000000
vn 0.258819 -0.965926 -0.000000
vn 0.258819 -0.965926 -0.000000
vn -0.000000 -1.000000 -0.000000
vn -0.000000 -1.000000 -0.000000
vn 0.000000 -1.000000 0.000000
vn 0.000000 -1.000000 0.000000
vn 0.000000 -1.000000 0.000000
vn 0.000000 -1.000000 0.000000
vn -0.258819 -0.965926 0.000000
vn -0.258819 -0.965926 0.000000
vn -0.500000 -0.866025 0.000000
vn -0.500000 -0.866025 0.000000
vn -0.707107 -0.707107 0.000000
vn -0.707107 -0.707107 0.000000
vn -0.866025 -0.500000 0.000000
vn -0.866025 -0.500000 0.000000
vn -0.965926 -0.258819 0.000000
vn -0.965926 -0.258819 0.000000
vn -1.000000 -0.000000 0.000000
vn -1.000000 -0.000000 0.000000
vn 1.000000 -0.000000 0.000000
vn 1.000000 -0.000000 0.000000
vn 1.000000 -0.000000 0.000000
vn 1.000000 -0.000000 0.000000
vn 1.000000 -0.000000 0.000000
vn 1.000000 -0.000000 0.000000
vn 0.000000 1.000000 0.000000
vn 0.000000 1.000000 0.000000
vn 0.000000 1.000000 0.000000
vn 0.000000 1.000000 0.000000
vn 1.000000 0.000000 0.000000
vn 1.000000 0.000000 0.000000
vn 1.000000 0.000000 0.000000
vn 1.000000 0.000000 0.000000
vn 0.000000 1.000000 0.000000
vn 0.000000 1.000000 0.000000
vn 0.000000 1.000000 0.000000
vn 0.000000 1.000000 0.000000
vn 0.000000 1.000000 0.000000
vn 0.000000 1.000000 0.000000
vn -1.000000 0.000000 0.000000
vn -1.000000 0.000000 0.000000
vn -1.000000 0.000000 0.000000
vn -1.000000 0.000000 0.000000
vn 0.000000 -1.000000 0.000000
vn 0.000000 -1.000000 0.000000
vn 0.000000 -1.000000 0.000000
vn 0.000000 -1.000000 0.000000
vn -1.000000 0.000000 0.000000
vn -1.000000 0.000000 0.000000
vn -1.000000 0.000000 0.000000
vn -1.000000 0.000000 0.000000
vn -1.000000 0.000000 0.000000
vn -1.000000 0.000000 0.000000
vn 0.000000 -1.000000 0.000000
vn 0.000000 -1.000000 0.000000
vn 0.000000 -1.000000 0.000000
vn 0.000000 -1.000000 0.000000
vn 0.000000 -1.000000 0.000000
vn 0.000000 -1.000000 0.000000
vn -0.000000 -0.000000 -1.000000
vn -0.000000 -0.000000 -1.000000
vn -0.000000 -0.000000 -1.000000
vn -0.000000 -0.000000 -1.000000
vn -0.000000 -0.000000 -1.000000
vn -0.000000 -0.000000 -1.000000
vn -0.000000 -0.000000 -1.000000
vn -0.000000 -0.000000 -1.000000
vn -0.000000 -0.000000 -1.000000
vn -0.000000 -0.000000 -1.000000
vn -0.000000 -0.000000 -1.000000
vn -0.000000 -0.000000 -1.000000
vn -0.000000 -0.000000 -1.000000
vn -0.000000 -0.000000 -1.000000
vn -0.000000 -0.000000 -1.000000
vn -0.000000 -0.000000 -1.000000
vn -0.000000 -0.000000 -1.000000
vn -0.000000 -0.000000 -1.000000
vn -0.000000 -0.000000 -1.000000
vn -0.000000 -0.000000 -1.000000
vn -0.000000 -0.000000 -1.000000
vn -0.000000 -0.000000 -1.000000
vn -0.000000 -0.000000 -1.000000
vn -0.000000 -0.000000 -1.000000
vn -0.000000 -0.000000 -1.000000
vn -0.000000 -0.000000 -1.000000
vn -0.000000 -0.000000 -1.000000
vn -0.000000 -0.000000 -1.000000
vn -0.000000 -0.000000 -1.000000
vn -0.000000 -0.000000 -1.000000
vn -0.000000 -0.000000 -1.000000
vn -0.000000 -0.000000 -1.000000
vn -0.000000 -0.000000 -1.000000
vn -0.000000 -0.000000 -1.000000
vn -0.000000 -0.000000 -1.000000
vn -0.000000 -0.000000 -1.000000
vn -0.000000 -0.000000 -1.000000
vn -0.000000 -0.000000 -1.000000
vn -0.000000 -0.000000 -1.000000
vn -0.000000 -0.000000 -1.000000
vn -0.000000 -0.000000 -1.000000
vn -0.000000 -0.000000 -1.000000
usemtl Aço_-_Acetinado
f 1594/3187/3103 1581/3188/3104 1593/3189/3105
f 1593/3189/3105 1581/3188/3104 1582/3190/3106
f 1593/3189/3105 1582/3190/3106 1592/3191/3107
f 1592/3191/3107 1582/3190/3106 1583/3192/3108
f 1592/3191/3107 1583/3192/3108 1591/3193/3109
f 1591/3193/3109 1583/3192/3108 1584/3194/3110
f 1591/3193/3109 1584/3194/3110 1590/3195/3111
f 1590/3195/3111 1584/3194/3110 1585/3196/3112
f 1590/3195/3111 1585/3196/3112 1589/3197/3113
f 1589/3197/3113 1585/3196/3112 1586/3198/3114
f 1589/3197/3113 1586/3198/3114 1588/3199/3115
f 1588/3199/3115 1586/3198/3114 1587/3200/3116
f 1587/3201/3116 1595/3202/3117 1588/3203/3115
f 1588/3203/3115 1595/3202/3117 1598/3204/3118
f 1598/3204/3118 1595/3202/3117 1596/3205/3119
f 1598/3204/3118 1596/3205/3119 1597/3206/3120
f 1600/3207/3121 1587/3208/3122 1599/3209/3123
f 1599/3209/3123 1587/3208/3122 1586/3210/3124
f 1599/3209/3123 1586/3210/3124 1585/3211/3125
f 1601/3212/3126 1596/3213/3127 1600/3207/3121
f 1600/3207/3121 1596/3213/3127 1595/3214/3128
f 1600/3207/3121 1595/3214/3128 1587/3208/3122
f 1602/3215/3129 1626/3216/3130 1601/3212/3126
f 1601/3212/3126 1626/3216/3130 1627/3217/3131
f 1601/3212/3126 1627/3217/3131 1628/3218/3132
f 1626/3216/3130 1602/3215/3129 1625/3219/3133
f 1625/3219/3133 1602/3215/3129 1603/3220/3134
f 1625/3219/3133 1603/3220/3134 1604/3221/3135
f 1605/3222/3136 1623/3223/3137 1604/3221/3135
f 1604/3221/3135 1623/3223/3137 1624/3224/3138
f 1604/3221/3135 1624/3224/3138 1625/3219/3133
f 1606/3225/3139 1619/3226/3140 1605/3222/3136
f 1605/3222/3136 1619/3226/3140 1620/3227/3141
f 1605/3222/3136 1620/3227/3141 1621/3228/3142
f 1619/3226/3140 1606/3225/3139 1618/3229/3143
f 1618/3229/3143 1606/3225/3139 1607/3230/3144
f 1618/3229/3143 1607/3230/3144 1617/3231/3145
f 1617/3231/3145 1607/3230/3144 1616/3232/3146
f 1616/3232/3146 1607/3230/3144 1615/3233/3147
f 1615/3233/3147 1607/3230/3144 1614/3234/3148
f 1614/3234/3148 1607/3230/3144 1609/3235/3149
f 1614/3234/3148 1609/3235/3149 1613/3236/3150
f 1613/3236/3150 1609/3235/3149 1612/3237/3151
f 1612/3237/3151 1609/3235/3149 1611/3238/3152
f 1611/3238/3152 1609/3235/3149 1610/3239/3153
f 1611/3238/3152 1610/3239/3153 1581/3240/3154
f 1581/3240/3154 1610/3239/3153 1599/3209/3123
f 1581/3240/3154 1599/3209/3123 1582/3241/3155
f 1582/3241/3155 1599/3209/3123 1583/3242/3156
f 1583/3242/3156 1599/3209/3123 1584/3243/3157
f 1584/3243/3157 1599/3209/3123 1585/3211/3125
f 1607/3230/3144 1608/3244/3158 1609/3235/3149
f 1621/3228/3142 1622/3245/3159 1605/3222/3136
f 1605/3222/3136 1622/3245/3159 1623/3223/3137
f 1628/3218/3132 1629/3246/3160 1601/3212/3126
f 1601/3212/3126 1629/3246/3160 1630/3247/3161
f 1601/3212/3126 1630/3247/3161 1631/3248/3162
f 1631/3248/3162 1596/3213/3127 1601/3212/3126
f 1597/3249/3120 1596/3250/3119 1637/3251/3163
f 1637/3251/3163 1596/3250/3119 1631/3252/3164
f 1637/3251/3163 1631/3252/3164 1636/3253/3165
f 1636/3253/3165 1631/3252/3164 1630/3254/3166
f 1636/3253/3165 1630/3254/3166 1635/3255/3167
f 1635/3255/3167 1630/3254/3166 1629/3256/3168
f 1635/3255/3167 1629/3256/3168 1634/3257/3169
f 1634/3257/3169 1629/3256/3168 1628/3258/3170
f 1634/3257/3169 1628/3258/3170 1633/3259/3171
f 1633/3259/3171 1628/3258/3170 1627/3260/3172
f 1633/3259/3171 1627/3260/3172 1632/3261/3173
f 1632/3261/3173 1627/3260/3172 1626/3262/3174
f 1626/3263/3174 1625/3264/3175 1632/3265/3173
f 1632/3265/3173 1625/3264/3175 1638/3266/3176
f 1638/3267/3176 1625/3268/3175 1644/3269/3177
f 1644/3269/3177 1625/3268/3175 1624/3270/3178
f 1644/3269/3177 1624/3270/3178 1643/3271/3179
f 1643/3271/3179 1624/3270/3178 1623/3272/3180
f 1643/3271/3179 1623/3272/3180 1642/3273/3181
f 1642/3273/3181 1623/3272/3180 1622/3274/3182
f 1642/3273/3181 1622/3274/3182 1641/3275/3183
f 1641/3275/3183 1622/3274/3182 1621/3276/3184
f 1641/3275/3183 1621/3276/3184 1640/3277/3185
f 1640/3277/3185 1621/3276/3184 1620/3278/3186
f 1640/3277/3185 1620/3278/3186 1639/3279/3187
f 1639/3279/3187 1620/3278/3186 1619/3280/3188
f 1619/3281/3188 1618/3282/3189 1639/3283/3187
f 1639/3283/3187 1618/3282/3189 1646/3284/3190
f 1646/3284/3190 1618/3282/3189 1617/3285/3191
f 1646/3284/3190 1617/3285/3191 1645/3286/3192
f 1645/3287/3192 1617/3288/3191 1652/3289/3193
f 1652/3289/3193 1617/3288/3191 1616/3290/3194
f 1652/3289/3193 1616/3290/3194 1651/3291/3195
f 1651/3291/3195 1616/3290/3194 1615/3292/3196
f 1651/3291/3195 1615/3292/3196 1650/3293/3197
f 1650/3293/3197 1615/3292/3196 1614/3294/3198
f 1650/3293/3197 1614/3294/3198 1649/3295/3199
f 1649/3295/3199 1614/3294/3198 1613/3296/3200
f 1649/3295/3199 1613/3296/3200 1648/3297/3201
f 1648/3297/3201 1613/3296/3200 1612/3298/3202
f 1648/3297/3201 1612/3298/3202 1647/3299/3203
f 1647/3299/3203 1612/3298/3202 1611/3300/3204
f 1653/3301/3205 1654/3302/3206 1609/3303/3207
f 1609/3303/3207 1654/3302/3206 1610/3304/3208
f 1610/3304/3208 1654/3302/3206 1655/3305/3209
f 1610/3304/3208 1655/3305/3209 1599/3306/3210
f 1656/3307/3211 1653/3308/3212 1608/3309/3213
f 1608/3309/3213 1653/3308/3212 1609/3310/3214
f 1657/3311/3215 1656/3312/3216 1607/3313/3217
f 1607/3313/3217 1656/3312/3216 1608/3314/3218
f 1658/3315/3219 1659/3316/3220 1605/3317/3221
f 1605/3317/3221 1659/3316/3220 1606/3318/3222
f 1606/3318/3222 1659/3316/3220 1657/3319/3223
f 1606/3318/3222 1657/3319/3223 1607/3320/3224
f 1660/3321/3225 1658/3322/3226 1604/3323/3227
f 1604/3323/3227 1658/3322/3226 1605/3324/3228
f 1661/3325/3229 1660/3326/3230 1603/3327/3231
f 1603/3327/3231 1660/3326/3230 1604/3328/3232
f 1662/3329/3233 1663/3330/3234 1601/3331/3235
f 1601/3331/3235 1663/3330/3234 1602/3332/3236
f 1602/3332/3236 1663/3330/3234 1661/3333/3237
f 1602/3332/3236 1661/3333/3237 1603/3334/3238
f 1655/3335/3239 1664/3336/3240 1599/3337/3241
f 1599/3337/3241 1664/3336/3240 1600/3338/3242
f 1600/3338/3242 1664/3336/3240 1662/3339/3243
f 1600/3338/3242 1662/3339/3243 1601/3340/3244
f 1594/3341/3103 1647/3342/3203 1581/3343/3104
f 1581/3343/3104 1647/3342/3203 1611/3344/3204
f 1593/3345/3245 1655/3346/3246 1594/3347/3247
f 1594/3347/3247 1655/3346/3246 1654/3348/3248
f 1594/3347/3247 1654/3348/3248 1647/3349/3249
f 1647/3349/3249 1654/3348/3248 1653/3350/3250
f 1647/3349/3249 1653/3350/3250 1648/3351/3251
f 1648/3351/3251 1653/3350/3250 1649/3352/3252
f 1649/3352/3252 1653/3350/3250 1650/3353/3253
f 1650/3353/3253 1653/3350/3250 1657/3354/3254
f 1650/3353/3253 1657/3354/3254 1651/3355/3255
f 1651/3355/3255 1657/3354/3254 1652/3356/3256
f 1652/3356/3256 1657/3354/3254 1645/3357/3257
f 1645/3357/3257 1657/3354/3254 1646/3358/3258
f 1646/3358/3258 1657/3354/3254 1659/3359/3259
f 1646/3358/3258 1659/3359/3259 1639/3360/3260
f 1639/3360/3260 1659/3359/3259 1658/3361/3261
f 1639/3360/3260 1658/3361/3261 1640/3362/3262
f 1640/3362/3262 1658/3361/3261 1641/3363/3263
f 1641/3363/3263 1658/3361/3261 1642/3364/3264
f 1642/3364/3264 1658/3361/3261 1643/3365/3265
f 1643/3365/3265 1658/3361/3261 1660/3366/3266
f 1643/3365/3265 1660/3366/3266 1644/3367/3267
f 1644/3367/3267 1660/3366/3266 1638/3368/3268
f 1638/3368/3268 1660/3366/3266 1661/3369/3269
f 1638/3368/3268 1661/3369/3269 1663/3370/3270
f 1593/3345/3245 1592/3371/3271 1655/3346/3246
f 1655/3346/3246 1592/3371/3271 1591/3372/3272
f 1655/3346/3246 1591/3372/3272 1590/3373/3273
f 1590/3373/3273 1589/3374/3274 1655/3346/3246
f 1655/3346/3246 1589/3374/3274 1588/3375/3275
f 1655/3346/3246 1588/3375/3275 1664/3376/3276
f 1664/3376/3276 1588/3375/3275 1598/3377/3277
f 1664/3376/3276 1598/3377/3277 1597/3378/3278
f 1664/3376/3276 1597/3378/3278 1662/3379/3279
f 1662/3379/3279 1597/3378/3278 1637/3380/3280
f 1662/3379/3279 1637/3380/3280 1636/3381/3281
f 1636/3381/3281 1635/3382/3282 1662/3379/3279
f 1662/3379/3279 1635/3382/3282 1634/3383/3283
f 1662/3379/3279 1634/3383/3283 1633/3384/3284
f 1633/3384/3284 1632/3385/3285 1662/3379/3279
f 1662/3379/3279 1632/3385/3285 1663/3370/3270
f 1663/3370/3270 1632/3385/3285 1638/3368/3268
f 1653/3350/3250 1656/3386/3286 1657/3354/3254
g Corpo85

v 17.329528 0.500000 0.000000
v 17.800000 0.500000 0.000000
v 17.800000 0.500000 0.500000
v 17.329528 0.500000 0.500000
v 17.329528 12.624698 0.000000
v 17.329528 6.562349 0.000000
v 17.329528 6.562349 0.500000
v 17.329528 12.624698 0.500000
v 32.500000 12.624698 0.000000
v 24.914764 12.624698 0.000000
v 24.914764 12.624698 0.500000
v 32.500000 12.624698 0.500000
v 32.500000 0.900000 0.000000
v 32.500000 6.762349 0.000000
v 32.500000 6.762349 0.500000
v 32.500000 0.900000 0.500000
v 32.239676 0.900000 0.000000
v 32.239676 0.900000 0.500000
v 32.239676 12.167774 0.000000
v 32.239676 12.167774 0.500000
v 18.000000 12.167774 0.000000
v 25.119838 12.167774 0.000000
v 25.119838 12.167774 0.500000
v 18.000000 12.167774 0.500000
v 18.000000 0.900000 0.000000
v 18.000000 0.900000 0.500000
v 17.800000 0.900000 0.000000
v 17.800000 0.900000 0.500000
v 32.600000 0.900000 0.000000
v 32.600000 0.900000 0.500000
v 32.600000 0.400000 0.000000
v 32.600000 0.400000 0.500000
v 17.800000 0.400000 0.000000
v 25.200000 0.400000 0.000000
v 25.200000 0.400000 0.500000
v 17.800000 0.400000 0.500000
v 18.000000 0.500000 0.000000
v 18.000000 0.500000 0.500000
v 25.119838 0.900000 0.000000
v 25.119838 0.900000 0.500000
v 32.239676 0.500000 0.000000
v 32.239676 0.500000 0.500000
v 32.500000 0.500000 0.000000
v 32.500000 0.500000 0.500000
vt 0.000000 0.000000 0.000000
vt 0.470472 0.000000 0.000000
vt 0.000000 0.500000 0.000000
vt 0.470472 0.500000 0.000000
vt 0.000000 0.000000 0.000000
vt 6.062349 0.000000 0.000000
vt 0.000000 0.500000 0.000000
vt 6.062349 0.500000 0.000000
vt 12.124698 0.000000 0.000000
vt 12.124698 0.500000 0.000000
vt -0.000000 0.000000 0.000000
vt 7.585236 0.000000 0.000000
vt -0.000000 0.500000 0.000000
vt 7.585236 0.500000 0.000000
vt 15.170472 0.000000 0.000000
vt 15.170472 0.500000 0.000000
vt 0.000000 0.000000 0.000000
vt 5.862349 0.000000 0.000000
vt 0.000000 0.500000 0.000000
vt 5.862349 0.500000 0.000000
vt 11.724698 0.000000 0.000000
vt 11.724698 0.500000 0.000000
vt 0.000000 0.000000 0.000000
vt 0.260324 0.000000 0.000000
vt 0.000000 0.500000 0.000000
vt 0.260324 0.500000 0.000000
vt -0.000000 0.000000 0.000000
vt 11.267774 0.000000 0.000000
vt -0.000000 0.500000 0.000000
vt 11.267774 0.500000 0.000000
vt 0.000000 0.000000 0.000000
vt 7.119838 0.000000 0.000000
vt 0.000000 0.500000 0.000000
vt 7.119838 0.500000 0.000000
vt 14.239676 0.000000 0.000000
vt 14.239676 0.500000 0.000000
vt 0.000000 0.000000 0.000000
vt 11.267774 0.000000 0.000000
vt 0.000000 0.500000 0.000000
vt 11.267774 0.500000 0.000000
vt 0.000000 0.000000 0.000000
vt 0.200000 0.000000 0.000000
vt 0.000000 0.500000 0.000000
vt 0.200000 0.500000 0.000000
vt 0.000000 0.000000 0.000000
vt 0.400000 0.000000 0.000000
vt 0.000000 0.500000 0.000000
vt 0.400000 0.500000 0.000000
vt -7.114764 -6.062349 0.000000
vt -7.114764 -5.662349 0.000000
vt -7.585236 -6.062349 0.000000
vt -7.585236 0.000000 0.000000
vt -6.914764 -5.662349 0.000000
vt -6.914764 5.605425 0.000000
vt 0.205074 5.605425 0.000000
vt -0.000000 6.062349 0.000000
vt -7.585236 6.062349 0.000000
vt 7.324912 5.605425 0.000000
vt 7.585236 6.062349 0.000000
vt 7.585236 0.200000 0.000000
vt 7.324912 -5.662349 0.000000
vt 7.585236 -5.662349 0.000000
vt 7.114764 -6.062349 0.000000
vt 7.585236 -6.062349 0.000000
vt 7.114764 -5.662349 0.000000
vt 7.585236 0.000000 0.000000
vt 6.914764 -5.662349 0.000000
vt 6.914764 5.605425 0.000000
vt 7.585236 6.062349 0.000000
vt 0.000000 6.062349 0.000000
vt -7.585236 6.062349 0.000000
vt -7.324912 5.605425 0.000000
vt -0.205074 5.605425 0.000000
vt -7.585236 0.200000 0.000000
vt -7.324912 -5.662349 0.000000
vt -7.585236 -5.662349 0.000000
vt -0.000000 0.000000 0.000000
vt 0.100000 0.000000 0.000000
vt -0.000000 0.500000 0.000000
vt 0.100000 0.500000 0.000000
vt 0.000000 0.000000 0.000000
vt 0.500000 0.000000 0.000000
vt 0.000000 0.500000 0.000000
vt 0.500000 0.500000 0.000000
vt 0.000000 0.000000 0.000000
vt 7.400000 0.000000 0.000000
vt 0.000000 0.500000 0.000000
vt 7.400000 0.500000 0.000000
vt 14.800000 0.000000 0.000000
vt 14.800000 0.500000 0.000000
vt -0.000000 0.000000 0.000000
vt 0.100000 0.000000 0.000000
vt -0.000000 0.500000 0.000000
vt 0.100000 0.500000 0.000000
vt 0.000000 0.000000 0.000000
vt 0.200000 0.000000 0.000000
vt 0.000000 0.500000 0.000000
vt 0.200000 0.500000 0.000000
vt 0.000000 0.000000 0.000000
vt 0.400000 0.000000 0.000000
vt 0.000000 0.500000 0.000000
vt 0.400000 0.500000 0.000000
vt -0.000000 0.000000 0.000000
vt 7.119838 0.000000 0.000000
vt -0.000000 0.500000 0.000000
vt 7.119838 0.500000 0.000000
vt 14.239676 0.000000 0.000000
vt 14.239676 0.500000 0.000000
vt 0.000000 0.000000 0.000000
vt 0.400000 0.000000 0.000000
vt 0.000000 0.500000 0.000000
vt 0.400000 0.500000 0.000000
vt 0.000000 0.000000 0.000000
vt 0.260324 0.000000 0.000000
vt 0.000000 0.500000 0.000000
vt 0.260324 0.500000 0.000000
vt 0.000000 0.000000 0.000000
vt 0.400000 0.000000 0.000000
vt 0.000000 0.500000 0.000000
vt 0.400000 0.500000 0.000000
vt 7.300000 0.250000 0.000000
vt 7.300000 -0.150000 0.000000
vt 7.400000 0.250000 0.000000
vt 7.400000 -0.250000 0.000000
vt 7.039676 -0.150000 0.000000
vt 0.000000 -0.250000 0.000000
vt -0.080162 0.250000 0.000000
vt -7.200000 -0.150000 0.000000
vt -7.200000 0.250000 0.000000
vt 7.039676 0.250000 0.000000
vt -7.400000 -0.150000 0.000000
vt -7.400000 -0.250000 0.000000
vt -7.300000 0.250000 0.000000
vt -7.400000 0.250000 0.000000
vt -7.300000 -0.150000 0.000000
vt -7.400000 -0.250000 0.000000
vt -7.039676 -0.150000 0.000000
vt -0.000000 -0.250000 0.000000
vt 0.080162 0.250000 0.000000
vt 7.200000 -0.150000 0.000000
vt 7.200000 0.250000 0.000000
vt 7.400000 -0.250000 0.000000
vt 7.400000 -0.150000 0.000000
vt -7.039676 0.250000 0.000000
vn 0.000000 -1.000000 0.000000
vn 0.000000 -1.000000 0.000000
vn 0.000000 -1.000000 0.000000
vn 0.000000 -1.000000 0.000000
vn -1.000000 0.000000 0.000000
vn -1.000000 0.000000 0.000000
vn -1.000000 0.000000 0.000000
vn -1.000000 0.000000 0.000000
vn -1.000000 0.000000 0.000000
vn -1.000000 0.000000 0.000000
vn 0.000000 1.000000 0.000000
vn 0.000000 1.000000 0.000000
vn 0.000000 1.000000 0.000000
vn 0.000000 1.000000 0.000000
vn 0.000000 1.000000 0.000000
vn 0.000000 1.000000 0.000000
vn 1.000000 0.000000 0.000000
vn 1.000000 0.000000 0.000000
vn 1.000000 0.000000 0.000000
vn 1.000000 0.000000 0.000000
vn 1.000000 0.000000 0.000000
vn 1.000000 0.000000 0.000000
vn 0.000000 -1.000000 0.000000
vn 0.000000 -1.000000 0.000000
vn 0.000000 -1.000000 0.000000
vn 0.000000 -1.000000 0.000000
vn -1.000000 0.000000 0.000000
vn -1.000000 0.000000 0.000000
vn -1.000000 0.000000 0.000000
vn -1.000000 0.000000 0.000000
vn 0.000000 -1.000000 0.000000
vn 0.000000 -1.000000 0.000000
vn 0.000000 -1.000000 0.000000
vn 0.000000 -1.000000 0.000000
vn 0.000000 -1.000000 0.000000
vn 0.000000 -1.000000 0.000000
vn 1.000000 0.000000 0.000000
vn 1.000000 0.000000 0.000000
vn 1.000000 0.000000 0.000000
vn 1.000000 0.000000 0.000000
vn 0.000000 -1.000000 0.000000
vn 0.000000 -1.000000 0.000000
vn 0.000000 -1.000000 0.000000
vn 0.000000 -1.000000 0.000000
vn 1.000000 0.000000 0.000000
vn 1.000000 0.000000 0.000000
vn 1.000000 0.000000 0.000000
vn 1.000000 0.000000 0.000000
vn 0.000000 0.000000 1.000000
vn 0.000000 0.000000 1.000000
vn 0.000000 0.000000 1.000000
vn 0.000000 0.000000 1.000000
vn 0.000000 0.000000 1.000000
vn 0.000000 0.000000 1.000000
vn 0.000000 0.000000 1.000000
vn 0.000000 0.000000 1.000000
vn 0.000000 0.000000 1.000000
vn 0.000000 0.000000 1.000000
vn 0.000000 0.000000 1.000000
vn 0.000000 0.000000 1.000000
vn 0.000000 0.000000 1.000000
vn 0.000000 0.000000 1.000000
vn -0.000000 -0.000000 -1.000000
vn -0.000000 -0.000000 -1.000000
vn -0.000000 -0.000000 -1.000000
vn -0.000000 -0.000000 -1.000000
vn -0.000000 -0.000000 -1.000000
vn -0.000000 -0.000000 -1.000000
vn -0.000000 -0.000000 -1.000000
vn -0.000000 -0.000000 -1.000000
vn -0.000000 -0.000000 -1.000000
vn -0.000000 -0.000000 -1.000000
vn -0.000000 -0.000000 -1.000000
vn -0.000000 -0.000000 -1.000000
vn -0.000000 -0.000000 -1.000000
vn -0.000000 -0.000000 -1.000000
vn 0.000000 1.000000 0.000000
vn 0.000000 1.000000 0.000000
vn 0.000000 1.000000 0.000000
vn 0.000000 1.000000 0.000000
vn 1.000000 0.000000 0.000000
vn 1.000000 0.000000 0.000000
vn 1.000000 0.000000 0.000000
vn 1.000000 0.000000 0.000000
vn 0.000000 -1.000000 0.000000
vn 0.000000 -1.000000 0.000000
vn 0.000000 -1.000000 0.000000
vn 0.000000 -1.000000 0.000000
vn 0.000000 -1.000000 0.000000
vn 0.000000 -1.000000 0.000000
vn -1.000000 0.000000 0.000000
vn -1.000000 0.000000 0.000000
vn -1.000000 0.000000 0.000000
vn -1.000000 0.000000 0.000000
vn 0.000000 1.000000 0.000000
vn 0.000000 1.000000 0.000000
vn 0.000000 1.000000 0.000000
vn 0.000000 1.000000 0.000000
vn -1.000000 0.000000 0.000000
vn -1.000000 0.000000 0.000000
vn -1.000000 0.000000 0.000000
vn -1.000000 0.000000 0.000000
vn 0.000000 1.000000 0.000000
vn 0.000000 1.000000 0.000000
vn 0.000000 1.000000 0.000000
vn 0.000000 1.000000 0.000000
vn 0.000000 1.000000 0.000000
vn 0.000000 1.000000 0.000000
vn 1.000000 0.000000 0.000000
vn 1.000000 0.000000 0.000000
vn 1.000000 0.000000 0.000000
vn 1.000000 0.000000 0.000000
vn 0.000000 1.000000 0.000000
vn 0.000000 1.000000 0.000000
vn 0.000000 1.000000 0.000000
vn 0.000000 1.000000 0.000000
vn -1.000000 0.000000 0.000000
vn -1.000000 0.000000 0.000000
vn -1.000000 0.000000 0.000000
vn -1.000000 0.000000 0.000000
vn 0.000000 0.000000 1.000000
vn 0.000000 0.000000 1.000000
vn 0.000000 0.000000 1.000000
vn 0.000000 0.000000 1.000000
vn 0.000000 0.000000 1.000000
vn 0.000000 0.000000 1.000000
vn 0.000000 0.000000 1.000000
vn 0.000000 0.000000 1.000000
vn -0.000000 -0.000000 -1.000000
vn -0.000000 -0.000000 -1.000000
vn -0.000000 -0.000000 -1.000000
vn -0.000000 -0.000000 -1.000000
vn -0.000000 -0.000000 -1.000000
vn -0.000000 -0.000000 -1.000000
vn -0.000000 -0.000000 -1.000000
vn -0.000000 -0.000000 -1.000000
f 1665/3387/3287 1666/3388/3288 1668/3389/3289
f 1668/3389/3289 1666/3388/3288 1667/3390/3290
f 1669/3391/3291 1670/3392/3292 1672/3393/3293
f 1672/3393/3293 1670/3392/3292 1671/3394/3294
f 1671/3394/3294 1670/3392/3292 1665/3395/3295
f 1671/3394/3294 1665/3395/3295 1668/3396/3296
f 1673/3397/3297 1674/3398/3298 1676/3399/3299
f 1676/3399/3299 1674/3398/3298 1675/3400/3300
f 1675/3400/3300 1674/3398/3298 1669/3401/3301
f 1675/3400/3300 1669/3401/3301 1672/3402/3302
f 1677/3403/3303 1678/3404/3304 1680/3405/3305
f 1680/3405/3305 1678/3404/3304 1679/3406/3306
f 1679/3406/3306 1678/3404/3304 1673/3407/3307
f 1679/3406/3306 1673/3407/3307 1676/3408/3308
f 1681/3409/3309 1677/3410/3310 1682/3411/3311
f 1682/3411/3311 1677/3410/3310 1680/3412/3312
f 1683/3413/3313 1681/3414/3314 1684/3415/3315
f 1684/3415/3315 1681/3414/3314 1682/3416/3316
f 1685/3417/3317 1686/3418/3318 1688/3419/3319
f 1688/3419/3319 1686/3418/3318 1687/3420/3320
f 1687/3420/3320 1686/3418/3318 1683/3421/3321
f 1687/3420/3320 1683/3421/3321 1684/3422/3322
f 1689/3423/3323 1685/3424/3324 1690/3425/3325
f 1690/3425/3325 1685/3424/3324 1688/3426/3326
f 1691/3427/3327 1689/3428/3328 1692/3429/3329
f 1692/3429/3329 1689/3428/3328 1690/3430/3330
f 1666/3431/3331 1691/3432/3332 1667/3433/3333
f 1667/3433/3333 1691/3432/3332 1692/3434/3334
f 1667/3435/3335 1692/3436/3336 1668/3437/3337
f 1668/3437/3337 1692/3436/3336 1671/3438/3338
f 1671/3438/3338 1692/3436/3336 1690/3439/3339
f 1671/3438/3338 1690/3439/3339 1688/3440/3340
f 1687/3441/3341 1675/3442/3342 1688/3440/3340
f 1688/3440/3340 1675/3442/3342 1672/3443/3343
f 1688/3440/3340 1672/3443/3343 1671/3438/3338
f 1687/3441/3341 1684/3444/3344 1675/3442/3342
f 1675/3442/3342 1684/3444/3344 1676/3445/3345
f 1676/3445/3345 1684/3444/3344 1679/3446/3346
f 1679/3446/3346 1684/3444/3344 1682/3447/3347
f 1679/3446/3346 1682/3447/3347 1680/3448/3348
f 1666/3449/3349 1665/3450/3350 1691/3451/3351
f 1691/3451/3351 1665/3450/3350 1670/3452/3352
f 1691/3451/3351 1670/3452/3352 1689/3453/3353
f 1689/3453/3353 1670/3452/3352 1685/3454/3354
f 1685/3454/3354 1670/3452/3352 1669/3455/3355
f 1685/3454/3354 1669/3455/3355 1674/3456/3356
f 1673/3457/3357 1683/3458/3358 1674/3456/3356
f 1674/3456/3356 1683/3458/3358 1686/3459/3359
f 1674/3456/3356 1686/3459/3359 1685/3454/3354
f 1673/3457/3357 1678/3460/3360 1683/3458/3358
f 1683/3458/3358 1678/3460/3360 1681/3461/3361
f 1681/3461/3361 1678/3460/3360 1677/3462/3362
f 1693/3463/3363 1677/3464/3364 1694/3465/3365
f 1694/3465/3365 1677/3464/3364 1680/3466/3366
f 1695/3467/3367 1693/3468/3368 1696/3469/3369
f 1696/3469/3369 1693/3468/3368 1694/3470/3370
f 1697/3471/3371 1698/3472/3372 1700/3473/3373
f 1700/3473/3373 1698/3472/3372 1699/3474/3374
f 1699/3474/3374 1698/3472/3372 1695/3475/3375
f 1699/3474/3374 1695/3475/3375 1696/3476/3376
f 1666/3477/3377 1697/3478/3378 1667/3479/3379
f 1667/3479/3379 1697/3478/3378 1700/3480/3380
f 1701/3481/3381 1666/3482/3382 1702/3483/3383
f 1702/3483/3383 1666/3482/3382 1667/3484/3384
f 1689/3485/3385 1701/3486/3386 1690/3487/3387
f 1690/3487/3387 1701/3486/3386 1702/3488/3388
f 1681/3489/3389 1703/3490/3390 1682/3491/3391
f 1682/3491/3391 1703/3490/3390 1704/3492/3392
f 1704/3492/3392 1703/3490/3390 1689/3493/3393
f 1704/3492/3392 1689/3493/3393 1690/3494/3394
f 1705/3495/3395 1681/3496/3396 1706/3497/3397
f 1706/3497/3397 1681/3496/3396 1682/3498/3398
f 1707/3499/3399 1705/3500/3400 1708/3501/3401
f 1708/3501/3401 1705/3500/3400 1706/3502/3402
f 1677/3503/3403 1707/3504/3404 1680/3505/3405
f 1680/3505/3405 1707/3504/3404 1708/3506/3406
f 1680/3507/3348 1708/3508/3407 1694/3509/3408
f 1694/3509/3408 1708/3508/3407 1696/3510/3409
f 1696/3510/3409 1708/3508/3407 1706/3511/3410
f 1696/3510/3409 1706/3511/3410 1699/3512/3411
f 1699/3512/3411 1706/3511/3410 1704/3513/3412
f 1699/3512/3411 1704/3513/3412 1702/3514/3413
f 1702/3514/3413 1704/3513/3412 1690/3515/3339
f 1706/3511/3410 1682/3516/3347 1704/3513/3412
f 1667/3517/3335 1700/3518/3414 1702/3514/3413
f 1702/3514/3413 1700/3518/3414 1699/3512/3411
f 1677/3519/3362 1693/3520/3415 1707/3521/3416
f 1707/3521/3416 1693/3520/3415 1695/3522/3417
f 1707/3521/3416 1695/3522/3417 1705/3523/3418
f 1705/3523/3418 1695/3522/3417 1698/3524/3419
f 1705/3523/3418 1698/3524/3419 1703/3525/3420
f 1703/3525/3420 1698/3524/3419 1701/3526/3421
f 1703/3525/3420 1701/3526/3421 1689/3527/3353
f 1698/3524/3419 1697/3528/3422 1701/3526/3421
f 1701/3526/3421 1697/3528/3422 1666/3529/3349
f 1703/3525/3420 1681/3530/3361 1705/3523/3418
g Corpo1 (1)

# 1708 vertices
# 3530 texture params
# 3422 normals
# 3424 facets

# 7 groups
